outer_resampling_id,resampling_id,gid,train_mse,test_mse
0,0,412,7.700332697198083e-07,6.492537613183102e-06
0,1,477,7.051545307396149e-07,3.6027423350088884e-05
0,2,477,7.32559558971734e-07,2.74120479019937e-05
0,3,412,7.170874980368852e-07,2.683198311177121e-05
0,4,412,7.89121866924457e-07,2.7823760109069075e-09
0,5,412,7.108069195557746e-07,2.6001273796674983e-05
0,6,477,7.510487962923105e-07,2.0544087794756987e-05
0,7,412,7.707060649699851e-07,6.550277420156002e-06
0,8,412,7.486728540068244e-07,1.4595172242503814e-05
0,9,412,7.811609002471082e-07,2.8994768776113187e-06
0,10,412,7.881797121868323e-07,3.4870451977902e-07
0,11,412,6.952794748078828e-07,3.2770029359767594e-05
0,12,412,7.801481823205806e-07,3.0172756628369235e-06
0,13,412,7.705834536581589e-07,6.2001316226913295e-06
0,14,412,7.633230021669322e-07,8.542209809557232e-06
0,15,477,4.774182233211195e-07,0.0001439764809024
0,16,412,7.33741492135311e-07,2.3929268972219047e-05
0,17,412,7.880821115712632e-07,4.5304310392839053e-07
0,18,412,6.853692326428348e-07,4.488017289072756e-05
1,0,412,7.700332697198083e-07,5.645713570997291e-05
1,1,477,7.387577155787793e-07,3.815352827259074e-05
1,2,477,7.657534342609185e-07,2.9755051623653878e-05
1,3,477,8.112159301985926e-07,1.4153978400397324e-05
1,4,477,8.493895059291588e-07,1.098339134218962e-09
1,5,477,8.482734668491121e-07,3.768053250422832e-07
1,6,477,7.955325119755368e-07,1.888160025585137e-05
1,7,477,8.411666015360111e-07,2.9447714546136184e-06
1,8,477,8.088851438868617e-07,1.465613459518533e-05
1,9,477,8.385015916206979e-07,3.968640965113825e-06
1,10,477,8.461986429675782e-07,1.1722195393043978e-06
1,11,477,7.651199457874749e-07,2.9444192100163503e-05
1,12,477,8.344318887135226e-07,5.038496933011688e-06
1,13,477,8.493718421128905e-07,6.996664799955442e-09
1,14,477,8.322456110489168e-07,5.671453250767032e-06
1,15,477,5.193362829924373e-07,0.0001430102140978
1,16,477,7.941465282994968e-07,2.38677123434141e-05
1,17,477,8.492641562163079e-07,5.564276845173404e-08
1,18,477,7.267310400840459e-07,5.3073843096569824e-05
2,0,477,7.051545307396149e-07,1.1853856272716369e-05
2,1,477,7.387577155787793e-07,7.062896037015449e-07
2,2,477,6.428415042040724e-07,3.4947042208805206e-05
2,3,477,7.129158894031644e-07,1.0392219966769917e-05
2,4,477,7.40849735808914e-07,1.0737218812149401e-09
2,5,477,7.385210145371109e-07,7.856801906050863e-07
2,6,477,6.964268047296709e-07,1.560385096164197e-05
2,7,477,7.275926383111217e-07,4.758354754158915e-06
2,8,477,6.892219972027376e-07,1.8731125735543956e-05
2,9,477,7.236756827712369e-07,6.2772588162037365e-06
2,10,477,7.337976954922032e-07,2.5971105426157582e-06
2,11,477,6.682119313630968e-07,2.542613662604232e-05
2,12,477,7.293069481321387e-07,3.891983979180608e-06
2,13,477,7.407975454107966e-07,1.8456369679118117e-08
2,14,477,7.264198620514078e-07,4.7760642263633775e-06
2,15,477,4.1547207661667457e-07,0.0001409940255849
2,16,477,6.853476318152194e-07,2.397965784463396e-05
2,17,477,7.406838324907119e-07,7.313849474680851e-08
2,18,477,6.202711401969345e-07,5.217579090341573e-05
3,0,477,7.32559558971734e-07,1.1762020867388663e-05
3,1,477,7.657534342609185e-07,7.429410379779105e-07
3,2,477,6.428415042040724e-07,4.329727959646812e-05
3,3,477,7.406043443348718e-07,1.0219882007428648e-05
3,4,477,7.679514950436675e-07,1.071892499259871e-09
3,5,477,7.655115812156763e-07,8.241356653870768e-07
3,6,477,7.240925415263359e-07,1.5445132769691294e-05
3,7,477,7.542270938995233e-07,4.942157214487672e-06
3,8,477,7.152558889943195e-07,1.918820368979957e-05
3,9,477,7.501842075515349e-07,6.519335193508066e-06
3,10,477,7.605205065043248e-07,2.7479463781858275e-06
3,11,477,6.959838973023365e-07,2.5253064742195437e-05
3,12,477,7.566333003313035e-07,3.820954954209316e-06
3,13,477,7.678850196383373e-07,2.3223082637385383e-08
3,14,477,7.53706503126817e-07,4.717934457355578e-06
3,15,477,4.428936489270698e-07,0.0001408684947285
3,16,477,7.124299048447312e-07,2.398811387723037e-05
3,17,477,7.677823351568222e-07,7.454472994128228e-08
3,18,477,6.475221075259988e-07,5.21137871950287e-05
4,0,412,7.170874980368852e-07,6.0148004155012245e-05
4,1,477,8.112159301985926e-07,8.090839868540045e-08
4,2,477,7.129158894031644e-07,3.419504420068154e-05
4,3,477,7.406043443348718e-07,2.544661987253517e-05
4,4,477,8.114517930464218e-07,1.1240683697941474e-09
4,5,413,7.803719934582087e-07,4.812321818915616e-05
4,6,419,7.135116208450289e-07,4.679958208915276e-05
4,7,477,8.071111954581285e-07,1.5709746061858404e-06
4,8,477,7.805659903241351e-07,1.1303615225971864e-05
4,9,477,8.054590487634931e-07,2.2115927789271178e-06
4,10,477,8.106463601985464e-07,3.007058823947643e-07
4,11,477,7.133560083793504e-07,3.4536674073622626e-05
4,12,477,7.924151748241675e-07,6.436770716204729e-06
4,13,477,8.11164684190406e-07,9.680655962544713e-08
4,14,477,7.912088540802433e-07,6.710001740799581e-06
4,15,477,4.764121923974116e-07,0.0001452127219943
4,16,477,7.564755696284861e-07,2.3752625968646067e-05
4,17,477,8.113625377472197e-07,4.007856496465557e-08
4,18,477,6.866018354385681e-07,5.403037509611091e-05
5,0,412,7.89121866924457e-07,5.494282590801573e-05
5,1,477,8.493895059291588e-07,2.965742343970915e-07
5,2,477,7.40849735808914e-07,3.764649301038459e-05
5,3,477,7.679514950436675e-07,2.918113264377993e-05
5,4,477,8.114517930464218e-07,1.4316773534312907e-05
5,5,477,8.49227143499945e-07,3.5100829914093134e-07
5,6,477,7.95817013503212e-07,1.9032827532117918e-05
5,7,477,8.424053153787856e-07,2.805087391579041e-06
5,8,477,8.107092040922134e-07,1.4253257340785502e-05
5,9,477,8.398419234435695e-07,3.7831344322710186e-06
5,10,477,8.473208938926566e-07,1.0775535706144688e-06
5,11,477,7.653165068876432e-07,2.959771976121635e-05
5,12,477,8.350552987592621e-07,5.117040151674895e-06
5,13,477,8.502412123602551e-07,1.0027919982638677e-08
5,14,477,8.329220817917971e-07,5.733916945125972e-06
5,15,477,5.198943170423823e-07,0.0001431334623876
5,16,477,7.950447101599624e-07,2.3859171137993903e-05
5,17,477,8.501455136780388e-07,5.441539290185622e-08
5,18,477,7.274583694943319e-07,5.313618630273892e-05
6,0,412,7.108069195557746e-07,5.281187862848219e-05
6,1,477,8.482734668491121e-07,3.2230571003238285e-07
6,2,477,7.385210145371109e-07,3.81780012124414e-05
6,3,477,7.655115812156763e-07,2.9781949173122097e-05
6,4,413,7.803719934582087e-07,2.7874102293684853e-05
6,5,477,8.49227143499945e-07,1.098187382680581e-09
6,6,477,7.95433399408261e-07,1.8858695061282386e-05
6,7,413,8.064408633047346e-07,1.7133082719196147e-05
6,8,477,8.086616986653124e-07,1.4677424194023744e-05
6,9,477,8.383059255186124e-07,3.980541372468308e-06
6,10,477,8.460175031250231e-07,1.1790362421188491e-06
6,11,477,7.65035505488237e-07,2.9415875676169663e-05
6,12,477,8.342921566790615e-07,5.030781539882576e-06
6,13,413,8.438805111718155e-07,3.678361656434237e-06
6,14,477,8.321008124079246e-07,5.66558802859412e-06
6,15,477,5.192032878038252e-07,0.0001429972872842
6,16,477,7.939825811171732e-07,2.386839618460529e-05
6,17,477,8.49101562063296e-07,5.5742706807970346e-08
6,18,477,7.265816004293645e-07,5.306821163803337e-05
7,0,477,7.510487962923105e-07,1.4872517496940612e-05
7,1,477,7.955325119755368e-07,9.712811574000193e-08
7,2,477,6.964268047296709e-07,3.436384446506409e-05
7,3,477,7.240925415263359e-07,2.5616266069419057e-05
7,4,419,7.135116208450289e-07,5.755157475345723e-05
7,5,477,7.95817013503212e-07,1.1215239845807056e-09
7,6,477,7.95433399408261e-07,1.3049130871757678e-07
7,7,477,7.911710011559332e-07,1.6712698490661156e-06
7,8,477,7.642164222968292e-07,1.1487431113791988e-05
7,9,477,7.894431413869924e-07,2.33526618058669e-06
7,10,477,7.948520435854391e-07,3.572574033855636e-07
7,11,477,6.994964477991726e-07,3.375882588181728e-05
7,12,477,7.77239352493417e-07,6.267386007677452e-06
7,13,477,7.955705292394102e-07,8.314700154961669e-08
7,14,477,7.759105225191227e-07,6.59060594339052e-06
7,15,468,4.53284149298225e-07,0.0001980294143482
7,16,477,7.408147173837577e-07,2.376381347289037e-05
7,17,477,7.957244709684072e-07,4.149485374924886e-08
7,18,477,6.711929659838947e-07,5.3927710736194e-05
8,0,412,7.707060649699851e-07,5.288702158154984e-05
8,1,477,8.411666015360111e-07,4.19295051808454e-07
8,2,477,7.275926383111217e-07,3.974995478358513e-05
8,3,477,7.542270938995233e-07,3.1557797969455056e-05
8,4,477,8.071111954581285e-07,1.3201503200653796e-05
8,5,477,8.424053153787856e-07,1.0911179457394572e-09
8,6,413,8.064408633047346e-07,5.431663449719946e-05
8,7,477,7.911710011559332e-07,1.805159791519302e-05
8,8,477,7.985183368544715e-07,1.5992756728642136e-05
8,9,477,8.297452339786025e-07,4.649401721862886e-06
8,10,477,8.382137279971775e-07,1.551892497799656e-06
8,11,477,7.612798209958318e-07,2.8480528352818763e-05
8,12,477,8.28461224215802e-07,4.708375831072669e-06
8,13,477,8.424075324574579e-07,3.8295602641102616e-10
8,14,477,8.260601122197686e-07,5.414093387634687e-06
8,15,477,5.136688640181527e-07,0.0001424653631045
8,16,477,7.87086532748417e-07,2.3900529774955856e-05
8,17,477,8.422686847705125e-07,6.051065997852892e-08
8,18,477,7.203459737854041e-07,5.281965607049081e-05
9,0,412,7.486728540068244e-07,5.167225481188893e-05
9,1,477,8.088851438868617e-07,6.171462882847245e-07
9,2,477,6.892219972027376e-07,4.2090388559649495e-05
9,3,477,7.152558889943195e-07,3.41981374876706e-05
9,4,477,7.805659903241351e-07,1.1292952289826643e-05
9,5,477,8.107092040922134e-07,1.078761957638093e-09
9,6,477,8.086616986653124e-07,6.922422156915446e-07
9,7,477,7.642164222968292e-07,1.639583462525523e-05
9,8,477,7.985183368544715e-07,4.398057146622371e-06
9,9,477,7.948409483576642e-07,5.835271134254264e-06
9,10,477,8.045321462569875e-07,2.289729861021485e-06
9,11,477,7.354349521457754e-07,2.644914662872054e-05
9,12,477,7.984743631785534e-07,4.133137911632208e-06
9,13,477,8.106877626248195e-07,8.247102139979276e-09
9,14,477,7.957235875821568e-07,4.964961809323788e-06
9,15,477,4.843210006135411e-07,0.0001414523010789
9,16,477,7.552602844542988e-07,2.3956749726672135e-05
9,17,477,8.105520882124207e-07,6.934878133752457e-08
9,18,477,6.896941453539752e-07,5.236865686878924e-05
10,0,412,7.811609002471082e-07,5.3419390338403945e-05
10,1,477,8.385015916206979e-07,4.539231812886898e-07
10,2,477,7.236756827712369e-07,4.026599961667688e-05
10,3,477,7.501842075515349e-07,3.214503250730327e-05
10,4,477,8.054590487634931e-07,1.289489874011151e-05
10,5,477,8.398419234435695e-07,1.0888047444453768e-09
10,6,477,8.383059255186124e-07,5.197459019652237e-07
10,7,477,7.894431413869924e-07,1.7783939282198612e-05
10,8,477,8.297452339786025e-07,3.645582186293905e-06
10,9,477,7.948409483576642e-07,1.6433877654213177e-05
10,10,477,8.352989749201124e-07,1.6859826859860755e-06
10,11,477,7.597234243056536e-07,2.81674440639341e-05
10,12,477,8.262167919586927e-07,4.604016044571902e-06
10,13,477,8.398452806796085e-07,1.0896167741766499e-12
10,14,477,8.237496880050125e-07,5.332343949145469e-06
10,15,477,5.11528838804438e-07,0.0001422896322683
10,16,477,7.844987972085583e-07,2.391106713004116e-05
10,17,477,8.397015712407266e-07,6.211669261473672e-08
10,18,477,7.179748481283063e-07,5.2737977007585904e-05
11,0,412,7.881797121868323e-07,5.439498660939881e-05
11,1,477,8.461986429675782e-07,3.803675505467573e-07
11,2,477,7.337976954922032e-07,3.936862708056035e-05
11,3,477,7.605205065043248e-07,3.1143261362319194e-05
11,4,477,8.106463601985464e-07,1.3769060628641872e-05
11,5,477,8.473208938926566e-07,1.0939462458401155e-09
11,6,477,8.460175031250231e-07,4.41340923170101e-07
11,7,477,7.948520435854391e-07,1.852559471471192e-05
11,8,477,8.382137279971775e-07,3.290981474737744e-06
11,9,477,8.045321462569875e-07,1.563961065711601e-05
11,10,477,8.352989749201124e-07,4.429334598147962e-06
11,11,477,7.646480485686415e-07,2.908231669483444e-05
11,12,477,8.329554395523492e-07,4.8555319635159485e-06
11,13,477,8.473182518446767e-07,2.004495375312132e-09
11,14,477,8.306475789693936e-07,5.525704300629848e-06
11,15,477,5.180200230808434e-07,0.0001427208728261
11,16,477,7.920316911994847e-07,2.388778710119307e-05
11,17,477,8.471887390545247e-07,5.8580630076050054e-08
11,18,477,7.250172840595458e-07,5.2927505598769296e-05
12,0,412,6.952794748078828e-07,5.920804014135492e-05
12,1,477,7.651199457874749e-07,6.746238709541143e-08
12,2,477,6.682119313630968e-07,3.356637692541901e-05
12,3,477,6.959838973023365e-07,2.4753913419874943e-05
12,4,477,7.133560083793504e-07,1.9366058374807345e-05
12,5,477,7.653165068876432e-07,1.126265814841512e-09
12,6,477,7.65035505488237e-07,9.589084534502249e-08
12,7,477,6.994964477991726e-07,2.3143788225859425e-05
12,8,477,7.612798209958318e-07,1.4517390923954595e-06
12,9,477,7.354349521457754e-07,1.0858341659138732e-05
12,10,477,7.597234243056536e-07,2.0485016127726786e-06
12,11,477,7.646480485686415e-07,2.477681803183784e-07
12,12,477,7.459631038807613e-07,6.5281849007056906e-06
12,13,477,7.64992767792808e-07,1.0884210962509338e-07
12,14,477,7.44827865391934e-07,6.782841430777794e-06
12,15,477,4.299209258051172e-07,0.0001453406659414
12,16,477,7.103630976814847e-07,2.374269520415993e-05
12,17,477,7.652300467651462e-07,3.8872175912680825e-08
12,18,477,6.402932840186362e-07,5.41001579542269e-05
13,0,412,7.801481823205806e-07,5.583724943129549e-05
13,1,477,8.344318887135226e-07,2.1109795911789146e-07
13,2,477,7.293069481321387e-07,3.646947208840499e-05
13,3,477,7.566333003313035e-07,2.7900172557666568e-05
13,4,477,7.924151748241675e-07,1.5809977173025473e-05
13,5,477,8.350552987592621e-07,1.1080062612967023e-09
13,6,477,8.342921566790615e-07,2.580286320504071e-07
13,7,477,7.77239352493417e-07,2.02695055113573e-05
13,8,477,8.28461224215802e-07,2.361712245029919e-06
13,9,477,7.984743631785534e-07,1.323662861676956e-05
13,10,477,8.262167919586927e-07,3.221881369143637e-06
13,11,477,8.329554395523492e-07,7.7185781735711e-07
13,12,477,7.459631038807613e-07,3.112921912853384e-05
13,13,477,8.349726345001123e-07,2.8607790611008626e-08
13,14,477,8.167876311725054e-07,6.043151883481862e-06
13,15,477,5.031624722245156e-07,0.0001438073144971
13,16,477,7.799130936716195e-07,2.3824189174853863e-05
13,17,477,8.349442539240215e-07,4.9472930647335957e-08
13,18,477,7.115798999337502e-07,5.3427331100263365e-05
14,0,412,7.705834536581589e-07,5.613905468338008e-05
14,1,477,8.493718421128905e-07,2.937750320169289e-07
14,2,477,7.407975454107966e-07,3.771293756786391e-05
14,3,477,7.678850196383373e-07,2.926328168846411e-05
14,4,477,8.11164684190406e-07,1.4462227511955704e-05
14,5,477,8.502412123602551e-07,1.1004912183999815e-09
14,6,413,8.438805111718155e-07,5.12419066207524e-05
14,7,477,7.955705292394102e-07,1.9146901188849032e-05
14,8,477,8.424075324574579e-07,2.8017094416470142e-06
14,9,477,8.106877626248195e-07,1.4290890566116078e-05
14,10,477,8.398452806796085e-07,3.7833779489371785e-06
14,11,477,8.473182518446767e-07,1.0721003130225517e-06
14,12,477,7.64992767792808e-07,2.9756569860038712e-05
14,13,477,8.349726345001123e-07,5.1406468545923e-06
14,14,477,8.328544129752857e-07,5.750273526475163e-06
14,15,477,5.197907472263143e-07,0.0001431769043455
14,16,477,7.950207525182972e-07,2.3857970724116163e-05
14,17,477,8.50119126037976e-07,5.423482644587893e-08
14,18,477,7.27403279689597e-07,5.315042858784165e-05
15,0,412,7.633230021669322e-07,5.610613728678535e-05
15,1,477,8.322456110489168e-07,2.2881007832230659e-07
15,2,477,7.264198620514078e-07,3.668876028281842e-05
15,3,477,7.53706503126817e-07,2.8134990491625942e-05
15,4,477,7.912088540802433e-07,1.542798601411894e-05
15,5,477,8.329220817917971e-07,1.106260883617622e-09
15,6,477,8.321008124079246e-07,2.7740685445859885e-07
15,7,477,7.759105225191227e-07,1.995932158700084e-05
15,8,477,8.260601122197686e-07,2.453178203965872e-06
15,9,477,7.957235875821568e-07,1.3433061689525563e-05
15,10,477,8.237496880050125e-07,3.3363793889635437e-06
15,11,477,8.306475789693936e-07,8.340404557338533e-07
15,12,477,7.44827865391934e-07,3.073903556122593e-05
15,13,477,8.167876311725054e-07,5.431147377274411e-06
15,14,477,8.328544129752857e-07,2.361220485311976e-08
15,15,477,5.013782248844404e-07,0.000143648718136
15,16,477,7.777617729010248e-07,2.3831986065816967e-05
15,17,477,8.328085218043232e-07,5.0557253725893616e-08
15,18,477,7.095974781231925e-07,5.33606263181828e-05
16,0,477,4.774182233211195e-07,1.4086060632331884e-05
16,1,477,5.193362829924373e-07,1.8883213444588345e-07
16,2,477,4.1547207661667457e-07,3.593401277921475e-05
16,3,477,4.428936489270698e-07,2.7304144655923567e-05
16,4,477,4.764121923974116e-07,1.6043961264922915e-05
16,5,477,5.198943170423823e-07,1.1102183419729496e-09
16,6,477,5.192032878038252e-07,2.3345060942116882e-07
16,7,468,4.53284149298225e-07,3.457163554763468e-05
16,8,477,5.136688640181527e-07,2.221890126079569e-06
16,9,477,4.843210006135411e-07,1.282152364567916e-05
16,10,477,5.11528838804438e-07,3.036732987069993e-06
16,11,477,5.180200230808434e-07,6.860091373077987e-07
16,12,477,4.299209258051172e-07,3.1354109367178384e-05
16,13,477,5.031624722245156e-07,5.628531964280859e-06
16,14,477,5.197907472263143e-07,3.55266491196088e-08
16,15,477,5.013782248844404e-07,6.121013549580222e-06
16,16,477,5.178252691422617e-07,1.0079359013002353e-06
16,17,477,4.738020082998862e-07,2.2402905094995923e-05
16,18,477,4.912583197838126e-07,1.3925807491826696e-05
17,0,412,7.33741492135311e-07,5.4859840155597366e-05
17,1,477,7.941465282994968e-07,3.0318823206617085e-07
17,2,477,6.853476318152194e-07,3.774253208744741e-05
17,3,477,7.124299048447312e-07,2.928701011386096e-05
17,4,477,7.564755696284861e-07,1.4225748407880984e-05
17,5,477,7.950447101599624e-07,1.099663913354354e-09
17,6,477,7.939825811171732e-07,3.581519440657823e-07
17,7,477,7.408147173837577e-07,1.895565562187195e-05
17,8,477,7.87086532748417e-07,2.8391475438221317e-06
17,9,477,7.552602844542988e-07,1.433462106775972e-05
17,10,477,7.844987972085583e-07,3.826618927549454e-06
17,11,477,7.920316911994847e-07,1.1016247346964782e-06
17,12,477,7.103630976814847e-07,2.9503802320776177e-05
17,13,477,7.799130936716195e-07,5.089774739545698e-06
17,14,477,7.950207525182972e-07,9.081100042765477e-09
17,15,477,7.777617729010248e-07,5.713100593872236e-06
17,16,477,5.178252691422617e-07,0.0001352065548227
17,17,477,7.899835007593163e-07,2.4624313992178857e-06
17,18,477,5.882198042894174e-07,0.0001006705536478
18,0,412,7.880821115712632e-07,5.491303335786369e-05
18,1,477,8.492641562163079e-07,2.975356326042378e-07
18,2,477,7.406838324907119e-07,3.766252324959642e-05
18,3,477,7.677823351568222e-07,2.9198966703865697e-05
18,4,477,8.113625377472197e-07,1.4305443677326638e-05
18,5,477,8.501455136780388e-07,1.1001323531634358e-09
18,6,477,8.49101562063296e-07,3.520480272682105e-07
18,7,477,7.957244709684072e-07,1.9023061428098347e-05
18,8,477,8.422686847705125e-07,2.810257482124624e-06
18,9,477,8.105520882124207e-07,1.4266479774942872e-05
18,10,477,8.397015712407266e-07,3.7898213873669392e-06
18,11,477,8.471887390545247e-07,1.0811420325464838e-06
18,12,477,7.652300467651462e-07,2.958621236059943e-05
18,13,477,8.349442539240215e-07,5.113277159730132e-06
18,14,477,8.50119126037976e-07,9.88847310539654e-09
18,15,477,8.328085218043232e-07,5.731014313511455e-06
18,16,477,4.738020082998862e-07,0.0001833473077909
18,17,477,7.899835007593163e-07,2.9240388549062565e-05
18,18,477,7.14807890649182e-07,6.593462027910261e-05
19,0,412,6.853692326428348e-07,5.54988873778969e-05
19,1,477,7.267310400840459e-07,2.457516885671852e-07
19,2,477,6.202711401969345e-07,3.68823861565854e-05
19,3,477,6.475221075259988e-07,2.834143962959941e-05
19,4,477,6.866018354385681e-07,1.5072428756085929e-05
19,5,477,7.274583694943319e-07,1.1046492430825608e-09
19,6,477,7.265816004293645e-07,2.958687948943835e-07
19,7,477,6.711929659838947e-07,1.966936140797279e-05
19,8,477,7.203459737854041e-07,2.537918302729277e-06
19,9,477,6.896941453539752e-07,1.3609041154071997e-05
19,10,477,7.179748481283063e-07,3.4418628142458518e-06
19,11,477,7.250172840595458e-07,8.929218086901546e-07
19,12,477,6.402932840186362e-07,3.037240702176675e-05
19,13,477,7.115798999337502e-07,5.341238888628967e-06
19,14,477,7.27403279689597e-07,1.942318975499664e-08
19,15,477,7.095974781231925e-07,5.9042929886396e-06
19,16,477,4.912583197838126e-07,0.0001150079145937
19,17,477,5.882198042894174e-07,6.767418059352224e-05
19,18,477,7.14807890649182e-07,6.1581579972993895e-06
