,cdens,knum,ksig,type_complex,alph_leak,eps,num_complex,grid_id,save_path,grid_id_old
0,8,2,0.8,8,0.0,0.1,2.6666666666666665,0,,0
1,8,2,0.8,8,0.0,0.01,2.6666666666666665,1,,1
2,8,2,0.8,8,0.0,0.001,2.6666666666666665,2,,2
3,8,2,0.8,8,0.0,0.0001,2.6666666666666665,3,,3
4,8,2,0.8,8,0.0,1e-05,2.6666666666666665,4,,4
5,8,2,0.8,8,0.0,1e-06,2.6666666666666665,5,,5
6,8,2,0.8,8,0.01,0.1,2.6666666666666665,6,,6
7,8,2,0.8,8,0.01,0.01,2.6666666666666665,7,,7
8,8,2,0.8,8,0.01,0.001,2.6666666666666665,8,,0
9,8,2,0.8,8,0.01,0.0001,2.6666666666666665,9,,1
10,8,2,0.8,8,0.01,1e-05,2.6666666666666665,10,,2
11,8,2,0.8,8,0.01,1e-06,2.6666666666666665,11,,3
12,8,2,0.8,8,0.1,0.1,2.6666666666666665,12,,4
13,8,2,0.8,8,0.1,0.01,2.6666666666666665,13,,5
14,8,2,0.8,8,0.1,0.001,2.6666666666666665,14,,6
15,8,2,0.8,8,0.1,0.0001,2.6666666666666665,15,,7
16,8,2,0.8,8,0.1,1e-05,2.6666666666666665,16,,0
17,8,2,0.8,8,0.1,1e-06,2.6666666666666665,17,,1
18,8,2,0.8,8,0.2,0.1,2.6666666666666665,18,,2
19,8,2,0.8,8,0.2,0.01,2.6666666666666665,19,,3
20,8,2,0.8,8,0.2,0.001,2.6666666666666665,20,,4
21,8,2,0.8,8,0.2,0.0001,2.6666666666666665,21,,5
22,8,2,0.8,8,0.2,1e-05,2.6666666666666665,22,,6
23,8,2,0.8,8,0.2,1e-06,2.6666666666666665,23,,7
24,8,2,0.8,8,0.3,0.1,2.6666666666666665,24,,0
25,8,2,0.8,8,0.3,0.01,2.6666666666666665,25,,1
26,8,2,0.8,8,0.3,0.001,2.6666666666666665,26,,2
27,8,2,0.8,8,0.3,0.0001,2.6666666666666665,27,,3
28,8,2,0.8,8,0.3,1e-05,2.6666666666666665,28,,4
29,8,2,0.8,8,0.3,1e-06,2.6666666666666665,29,,5
30,8,2,0.8,8,0.4,0.1,2.6666666666666665,30,,6
31,8,2,0.8,8,0.4,0.01,2.6666666666666665,31,,7
32,8,2,0.8,8,0.4,0.001,2.6666666666666665,32,,0
33,8,2,0.8,8,0.4,0.0001,2.6666666666666665,33,,1
34,8,2,0.8,8,0.4,1e-05,2.6666666666666665,34,,2
35,8,2,0.8,8,0.4,1e-06,2.6666666666666665,35,,3
36,8,2,0.8,8,0.5,0.1,2.6666666666666665,36,,4
37,8,2,0.8,8,0.5,0.01,2.6666666666666665,37,,5
38,8,2,0.8,8,0.5,0.001,2.6666666666666665,38,,6
39,8,2,0.8,8,0.5,0.0001,2.6666666666666665,39,,7
40,8,2,0.8,8,0.5,1e-05,2.6666666666666665,40,,0
41,8,2,0.8,8,0.5,1e-06,2.6666666666666665,41,,1
42,8,2,0.8,8,0.6,0.1,2.6666666666666665,42,,2
43,8,2,0.8,8,0.6,0.01,2.6666666666666665,43,,3
44,8,2,0.8,8,0.6,0.001,2.6666666666666665,44,,4
45,8,2,0.8,8,0.6,0.0001,2.6666666666666665,45,,5
46,8,2,0.8,8,0.6,1e-05,2.6666666666666665,46,,6
47,8,2,0.8,8,0.6,1e-06,2.6666666666666665,47,,7
48,8,2,0.8,8,0.7,0.1,2.6666666666666665,48,,0
49,8,2,0.8,8,0.7,0.01,2.6666666666666665,49,,1
50,8,2,0.8,8,0.7,0.001,2.6666666666666665,50,,2
51,8,2,0.8,8,0.7,0.0001,2.6666666666666665,51,,3
52,8,2,0.8,8,0.7,1e-05,2.6666666666666665,52,,4
53,8,2,0.8,8,0.7,1e-06,2.6666666666666665,53,,5
54,8,2,0.8,8,0.8,0.1,2.6666666666666665,54,,6
55,8,2,0.8,8,0.8,0.01,2.6666666666666665,55,,7
56,8,2,0.8,8,0.8,0.001,2.6666666666666665,56,,0
57,8,2,0.8,8,0.8,0.0001,2.6666666666666665,57,,1
58,8,2,0.8,8,0.8,1e-05,2.6666666666666665,58,,2
59,8,2,0.8,8,0.8,1e-06,2.6666666666666665,59,,3
60,8,2,0.8,8,0.9,0.1,2.6666666666666665,60,,4
61,8,2,0.8,8,0.9,0.01,2.6666666666666665,61,,5
62,8,2,0.8,8,0.9,0.001,2.6666666666666665,62,,6
63,8,2,0.8,8,0.9,0.0001,2.6666666666666665,63,,7
64,8,2,0.8,8,0.9,1e-05,2.6666666666666665,64,,0
65,8,2,0.8,8,0.9,1e-06,2.6666666666666665,65,,1
66,8,2,0.825,8,0.0,0.1,2.6666666666666665,66,,2
67,8,2,0.825,8,0.0,0.01,2.6666666666666665,67,,3
68,8,2,0.825,8,0.0,0.001,2.6666666666666665,68,,4
69,8,2,0.825,8,0.0,0.0001,2.6666666666666665,69,,5
70,8,2,0.825,8,0.0,1e-05,2.6666666666666665,70,,6
71,8,2,0.825,8,0.0,1e-06,2.6666666666666665,71,,7
72,8,2,0.825,8,0.01,0.1,2.6666666666666665,72,,0
73,8,2,0.825,8,0.01,0.01,2.6666666666666665,73,,1
74,8,2,0.825,8,0.01,0.001,2.6666666666666665,74,,2
75,8,2,0.825,8,0.01,0.0001,2.6666666666666665,75,,3
76,8,2,0.825,8,0.01,1e-05,2.6666666666666665,76,,4
77,8,2,0.825,8,0.01,1e-06,2.6666666666666665,77,,5
78,8,2,0.825,8,0.1,0.1,2.6666666666666665,78,,6
79,8,2,0.825,8,0.1,0.01,2.6666666666666665,79,,7
80,8,2,0.825,8,0.1,0.001,2.6666666666666665,80,,0
81,8,2,0.825,8,0.1,0.0001,2.6666666666666665,81,,1
82,8,2,0.825,8,0.1,1e-05,2.6666666666666665,82,,2
83,8,2,0.825,8,0.1,1e-06,2.6666666666666665,83,,3
84,8,2,0.825,8,0.2,0.1,2.6666666666666665,84,,4
85,8,2,0.825,8,0.2,0.01,2.6666666666666665,85,,5
86,8,2,0.825,8,0.2,0.001,2.6666666666666665,86,,6
87,8,2,0.825,8,0.2,0.0001,2.6666666666666665,87,,7
88,8,2,0.825,8,0.2,1e-05,2.6666666666666665,88,,0
89,8,2,0.825,8,0.2,1e-06,2.6666666666666665,89,,1
90,8,2,0.825,8,0.3,0.1,2.6666666666666665,90,,2
91,8,2,0.825,8,0.3,0.01,2.6666666666666665,91,,3
92,8,2,0.825,8,0.3,0.001,2.6666666666666665,92,,4
93,8,2,0.825,8,0.3,0.0001,2.6666666666666665,93,,5
94,8,2,0.825,8,0.3,1e-05,2.6666666666666665,94,,6
95,8,2,0.825,8,0.3,1e-06,2.6666666666666665,95,,7
96,8,2,0.825,8,0.4,0.1,2.6666666666666665,96,,0
97,8,2,0.825,8,0.4,0.01,2.6666666666666665,97,,1
98,8,2,0.825,8,0.4,0.001,2.6666666666666665,98,,2
99,8,2,0.825,8,0.4,0.0001,2.6666666666666665,99,,3
100,8,2,0.825,8,0.4,1e-05,2.6666666666666665,100,,4
101,8,2,0.825,8,0.4,1e-06,2.6666666666666665,101,,5
102,8,2,0.825,8,0.5,0.1,2.6666666666666665,102,,6
103,8,2,0.825,8,0.5,0.01,2.6666666666666665,103,,7
104,8,2,0.825,8,0.5,0.001,2.6666666666666665,104,,0
105,8,2,0.825,8,0.5,0.0001,2.6666666666666665,105,,1
106,8,2,0.825,8,0.5,1e-05,2.6666666666666665,106,,2
107,8,2,0.825,8,0.5,1e-06,2.6666666666666665,107,,3
108,8,2,0.825,8,0.6,0.1,2.6666666666666665,108,,4
109,8,2,0.825,8,0.6,0.01,2.6666666666666665,109,,5
110,8,2,0.825,8,0.6,0.001,2.6666666666666665,110,,6
111,8,2,0.825,8,0.6,0.0001,2.6666666666666665,111,,7
112,8,2,0.825,8,0.6,1e-05,2.6666666666666665,112,,0
113,8,2,0.825,8,0.6,1e-06,2.6666666666666665,113,,1
114,8,2,0.825,8,0.7,0.1,2.6666666666666665,114,,2
115,8,2,0.825,8,0.7,0.01,2.6666666666666665,115,,3
116,8,2,0.825,8,0.7,0.001,2.6666666666666665,116,,4
117,8,2,0.825,8,0.7,0.0001,2.6666666666666665,117,,5
118,8,2,0.825,8,0.7,1e-05,2.6666666666666665,118,,6
119,8,2,0.825,8,0.7,1e-06,2.6666666666666665,119,,7
120,8,2,0.825,8,0.8,0.1,2.6666666666666665,120,,0
121,8,2,0.825,8,0.8,0.01,2.6666666666666665,121,,1
122,8,2,0.825,8,0.8,0.001,2.6666666666666665,122,,2
123,8,2,0.825,8,0.8,0.0001,2.6666666666666665,123,,3
124,8,2,0.825,8,0.8,1e-05,2.6666666666666665,124,,4
125,8,2,0.825,8,0.8,1e-06,2.6666666666666665,125,,5
126,8,2,0.825,8,0.9,0.1,2.6666666666666665,126,,6
127,8,2,0.825,8,0.9,0.01,2.6666666666666665,127,,7
128,8,2,0.825,8,0.9,0.001,2.6666666666666665,128,,0
129,8,2,0.825,8,0.9,0.0001,2.6666666666666665,129,,1
130,8,2,0.825,8,0.9,1e-05,2.6666666666666665,130,,2
131,8,2,0.825,8,0.9,1e-06,2.6666666666666665,131,,3
132,8,2,0.85,8,0.0,0.1,2.6666666666666665,132,,4
133,8,2,0.85,8,0.0,0.01,2.6666666666666665,133,,5
134,8,2,0.85,8,0.0,0.001,2.6666666666666665,134,,6
135,8,2,0.85,8,0.0,0.0001,2.6666666666666665,135,,7
136,8,2,0.85,8,0.0,1e-05,2.6666666666666665,136,,0
137,8,2,0.85,8,0.0,1e-06,2.6666666666666665,137,,1
138,8,2,0.85,8,0.01,0.1,2.6666666666666665,138,,2
139,8,2,0.85,8,0.01,0.01,2.6666666666666665,139,,3
140,8,2,0.85,8,0.01,0.001,2.6666666666666665,140,,4
141,8,2,0.85,8,0.01,0.0001,2.6666666666666665,141,,5
142,8,2,0.85,8,0.01,1e-05,2.6666666666666665,142,,6
143,8,2,0.85,8,0.01,1e-06,2.6666666666666665,143,,7
144,8,2,0.85,8,0.1,0.1,2.6666666666666665,144,,0
145,8,2,0.85,8,0.1,0.01,2.6666666666666665,145,,1
146,8,2,0.85,8,0.1,0.001,2.6666666666666665,146,,2
147,8,2,0.85,8,0.1,0.0001,2.6666666666666665,147,,3
148,8,2,0.85,8,0.1,1e-05,2.6666666666666665,148,,4
149,8,2,0.85,8,0.1,1e-06,2.6666666666666665,149,,5
150,8,2,0.85,8,0.2,0.1,2.6666666666666665,150,,6
151,8,2,0.85,8,0.2,0.01,2.6666666666666665,151,,7
152,8,2,0.85,8,0.2,0.001,2.6666666666666665,152,,0
153,8,2,0.85,8,0.2,0.0001,2.6666666666666665,153,,1
154,8,2,0.85,8,0.2,1e-05,2.6666666666666665,154,,2
155,8,2,0.85,8,0.2,1e-06,2.6666666666666665,155,,3
156,8,2,0.85,8,0.3,0.1,2.6666666666666665,156,,4
157,8,2,0.85,8,0.3,0.01,2.6666666666666665,157,,5
158,8,2,0.85,8,0.3,0.001,2.6666666666666665,158,,6
159,8,2,0.85,8,0.3,0.0001,2.6666666666666665,159,,7
160,8,2,0.85,8,0.3,1e-05,2.6666666666666665,160,,0
161,8,2,0.85,8,0.3,1e-06,2.6666666666666665,161,,1
162,8,2,0.85,8,0.4,0.1,2.6666666666666665,162,,2
163,8,2,0.85,8,0.4,0.01,2.6666666666666665,163,,3
164,8,2,0.85,8,0.4,0.001,2.6666666666666665,164,,4
165,8,2,0.85,8,0.4,0.0001,2.6666666666666665,165,,5
166,8,2,0.85,8,0.4,1e-05,2.6666666666666665,166,,6
167,8,2,0.85,8,0.4,1e-06,2.6666666666666665,167,,7
168,8,2,0.85,8,0.5,0.1,2.6666666666666665,168,,0
169,8,2,0.85,8,0.5,0.01,2.6666666666666665,169,,1
170,8,2,0.85,8,0.5,0.001,2.6666666666666665,170,,2
171,8,2,0.85,8,0.5,0.0001,2.6666666666666665,171,,3
172,8,2,0.85,8,0.5,1e-05,2.6666666666666665,172,,4
173,8,2,0.85,8,0.5,1e-06,2.6666666666666665,173,,5
174,8,2,0.85,8,0.6,0.1,2.6666666666666665,174,,6
175,8,2,0.85,8,0.6,0.01,2.6666666666666665,175,,7
176,8,2,0.85,8,0.6,0.001,2.6666666666666665,176,,0
177,8,2,0.85,8,0.6,0.0001,2.6666666666666665,177,,1
178,8,2,0.85,8,0.6,1e-05,2.6666666666666665,178,,2
179,8,2,0.85,8,0.6,1e-06,2.6666666666666665,179,,3
180,8,2,0.85,8,0.7,0.1,2.6666666666666665,180,,4
181,8,2,0.85,8,0.7,0.01,2.6666666666666665,181,,5
182,8,2,0.85,8,0.7,0.001,2.6666666666666665,182,,6
183,8,2,0.85,8,0.7,0.0001,2.6666666666666665,183,,7
184,8,2,0.85,8,0.7,1e-05,2.6666666666666665,184,,0
185,8,2,0.85,8,0.7,1e-06,2.6666666666666665,185,,1
186,8,2,0.85,8,0.8,0.1,2.6666666666666665,186,,2
187,8,2,0.85,8,0.8,0.01,2.6666666666666665,187,,3
188,8,2,0.85,8,0.8,0.001,2.6666666666666665,188,,4
189,8,2,0.85,8,0.8,0.0001,2.6666666666666665,189,,5
190,8,2,0.85,8,0.8,1e-05,2.6666666666666665,190,,6
191,8,2,0.85,8,0.8,1e-06,2.6666666666666665,191,,7
192,8,2,0.85,8,0.9,0.1,2.6666666666666665,192,,0
193,8,2,0.85,8,0.9,0.01,2.6666666666666665,193,,1
194,8,2,0.85,8,0.9,0.001,2.6666666666666665,194,,2
195,8,2,0.85,8,0.9,0.0001,2.6666666666666665,195,,3
196,8,2,0.85,8,0.9,1e-05,2.6666666666666665,196,,4
197,8,2,0.85,8,0.9,1e-06,2.6666666666666665,197,,5
198,8,2,0.875,8,0.0,0.1,2.6666666666666665,198,,6
199,8,2,0.875,8,0.0,0.01,2.6666666666666665,199,,7
200,8,2,0.875,8,0.0,0.001,2.6666666666666665,200,,0
201,8,2,0.875,8,0.0,0.0001,2.6666666666666665,201,,1
202,8,2,0.875,8,0.0,1e-05,2.6666666666666665,202,,2
203,8,2,0.875,8,0.0,1e-06,2.6666666666666665,203,,3
204,8,2,0.875,8,0.01,0.1,2.6666666666666665,204,,4
205,8,2,0.875,8,0.01,0.01,2.6666666666666665,205,,5
206,8,2,0.875,8,0.01,0.001,2.6666666666666665,206,,6
207,8,2,0.875,8,0.01,0.0001,2.6666666666666665,207,,7
208,8,2,0.875,8,0.01,1e-05,2.6666666666666665,208,,0
209,8,2,0.875,8,0.01,1e-06,2.6666666666666665,209,,1
210,8,2,0.875,8,0.1,0.1,2.6666666666666665,210,,2
211,8,2,0.875,8,0.1,0.01,2.6666666666666665,211,,3
212,8,2,0.875,8,0.1,0.001,2.6666666666666665,212,,4
213,8,2,0.875,8,0.1,0.0001,2.6666666666666665,213,,5
214,8,2,0.875,8,0.1,1e-05,2.6666666666666665,214,,6
215,8,2,0.875,8,0.1,1e-06,2.6666666666666665,215,,7
216,8,2,0.875,8,0.2,0.1,2.6666666666666665,216,,0
217,8,2,0.875,8,0.2,0.01,2.6666666666666665,217,,1
218,8,2,0.875,8,0.2,0.001,2.6666666666666665,218,,2
219,8,2,0.875,8,0.2,0.0001,2.6666666666666665,219,,3
220,8,2,0.875,8,0.2,1e-05,2.6666666666666665,220,,4
221,8,2,0.875,8,0.2,1e-06,2.6666666666666665,221,,5
222,8,2,0.875,8,0.3,0.1,2.6666666666666665,222,,6
223,8,2,0.875,8,0.3,0.01,2.6666666666666665,223,,7
224,8,2,0.875,8,0.3,0.001,2.6666666666666665,224,,0
225,8,2,0.875,8,0.3,0.0001,2.6666666666666665,225,,1
226,8,2,0.875,8,0.3,1e-05,2.6666666666666665,226,,2
227,8,2,0.875,8,0.3,1e-06,2.6666666666666665,227,,3
228,8,2,0.875,8,0.4,0.1,2.6666666666666665,228,,4
229,8,2,0.875,8,0.4,0.01,2.6666666666666665,229,,5
230,8,2,0.875,8,0.4,0.001,2.6666666666666665,230,,6
231,8,2,0.875,8,0.4,0.0001,2.6666666666666665,231,,7
232,8,2,0.875,8,0.4,1e-05,2.6666666666666665,232,,0
233,8,2,0.875,8,0.4,1e-06,2.6666666666666665,233,,1
234,8,2,0.875,8,0.5,0.1,2.6666666666666665,234,,2
235,8,2,0.875,8,0.5,0.01,2.6666666666666665,235,,3
236,8,2,0.875,8,0.5,0.001,2.6666666666666665,236,,4
237,8,2,0.875,8,0.5,0.0001,2.6666666666666665,237,,5
238,8,2,0.875,8,0.5,1e-05,2.6666666666666665,238,,6
239,8,2,0.875,8,0.5,1e-06,2.6666666666666665,239,,7
240,8,2,0.875,8,0.6,0.1,2.6666666666666665,240,,0
241,8,2,0.875,8,0.6,0.01,2.6666666666666665,241,,1
242,8,2,0.875,8,0.6,0.001,2.6666666666666665,242,,2
243,8,2,0.875,8,0.6,0.0001,2.6666666666666665,243,,3
244,8,2,0.875,8,0.6,1e-05,2.6666666666666665,244,,4
245,8,2,0.875,8,0.6,1e-06,2.6666666666666665,245,,5
246,8,2,0.875,8,0.7,0.1,2.6666666666666665,246,,6
247,8,2,0.875,8,0.7,0.01,2.6666666666666665,247,,7
248,8,2,0.875,8,0.7,0.001,2.6666666666666665,248,,0
249,8,2,0.875,8,0.7,0.0001,2.6666666666666665,249,,1
250,8,2,0.875,8,0.7,1e-05,2.6666666666666665,250,,2
251,8,2,0.875,8,0.7,1e-06,2.6666666666666665,251,,3
252,8,2,0.875,8,0.8,0.1,2.6666666666666665,252,,4
253,8,2,0.875,8,0.8,0.01,2.6666666666666665,253,,5
254,8,2,0.875,8,0.8,0.001,2.6666666666666665,254,,6
255,8,2,0.875,8,0.8,0.0001,2.6666666666666665,255,,7
256,8,2,0.875,8,0.8,1e-05,2.6666666666666665,256,,0
257,8,2,0.875,8,0.8,1e-06,2.6666666666666665,257,,1
258,8,2,0.875,8,0.9,0.1,2.6666666666666665,258,,2
259,8,2,0.875,8,0.9,0.01,2.6666666666666665,259,,3
260,8,2,0.875,8,0.9,0.001,2.6666666666666665,260,,4
261,8,2,0.875,8,0.9,0.0001,2.6666666666666665,261,,5
262,8,2,0.875,8,0.9,1e-05,2.6666666666666665,262,,6
263,8,2,0.875,8,0.9,1e-06,2.6666666666666665,263,,7
264,8,2,0.9,8,0.0,0.1,2.6666666666666665,264,,0
265,8,2,0.9,8,0.0,0.01,2.6666666666666665,265,,1
266,8,2,0.9,8,0.0,0.001,2.6666666666666665,266,,2
267,8,2,0.9,8,0.0,0.0001,2.6666666666666665,267,,3
268,8,2,0.9,8,0.0,1e-05,2.6666666666666665,268,,4
269,8,2,0.9,8,0.0,1e-06,2.6666666666666665,269,,5
270,8,2,0.9,8,0.01,0.1,2.6666666666666665,270,,6
271,8,2,0.9,8,0.01,0.01,2.6666666666666665,271,,7
272,8,2,0.9,8,0.01,0.001,2.6666666666666665,272,,0
273,8,2,0.9,8,0.01,0.0001,2.6666666666666665,273,,1
274,8,2,0.9,8,0.01,1e-05,2.6666666666666665,274,,2
275,8,2,0.9,8,0.01,1e-06,2.6666666666666665,275,,3
276,8,2,0.9,8,0.1,0.1,2.6666666666666665,276,,4
277,8,2,0.9,8,0.1,0.01,2.6666666666666665,277,,5
278,8,2,0.9,8,0.1,0.001,2.6666666666666665,278,,6
279,8,2,0.9,8,0.1,0.0001,2.6666666666666665,279,,7
280,8,2,0.9,8,0.1,1e-05,2.6666666666666665,280,,0
281,8,2,0.9,8,0.1,1e-06,2.6666666666666665,281,,1
282,8,2,0.9,8,0.2,0.1,2.6666666666666665,282,,2
283,8,2,0.9,8,0.2,0.01,2.6666666666666665,283,,3
284,8,2,0.9,8,0.2,0.001,2.6666666666666665,284,,4
285,8,2,0.9,8,0.2,0.0001,2.6666666666666665,285,,5
286,8,2,0.9,8,0.2,1e-05,2.6666666666666665,286,,6
287,8,2,0.9,8,0.2,1e-06,2.6666666666666665,287,,7
288,8,2,0.9,8,0.3,0.1,2.6666666666666665,288,,0
289,8,2,0.9,8,0.3,0.01,2.6666666666666665,289,,1
290,8,2,0.9,8,0.3,0.001,2.6666666666666665,290,,2
291,8,2,0.9,8,0.3,0.0001,2.6666666666666665,291,,3
292,8,2,0.9,8,0.3,1e-05,2.6666666666666665,292,,4
293,8,2,0.9,8,0.3,1e-06,2.6666666666666665,293,,5
294,8,2,0.9,8,0.4,0.1,2.6666666666666665,294,,6
295,8,2,0.9,8,0.4,0.01,2.6666666666666665,295,,7
296,8,2,0.9,8,0.4,0.001,2.6666666666666665,296,,0
297,8,2,0.9,8,0.4,0.0001,2.6666666666666665,297,,1
298,8,2,0.9,8,0.4,1e-05,2.6666666666666665,298,,2
299,8,2,0.9,8,0.4,1e-06,2.6666666666666665,299,,3
300,8,2,0.9,8,0.5,0.1,2.6666666666666665,300,,4
301,8,2,0.9,8,0.5,0.01,2.6666666666666665,301,,5
302,8,2,0.9,8,0.5,0.001,2.6666666666666665,302,,6
303,8,2,0.9,8,0.5,0.0001,2.6666666666666665,303,,7
304,8,2,0.9,8,0.5,1e-05,2.6666666666666665,304,,0
305,8,2,0.9,8,0.5,1e-06,2.6666666666666665,305,,1
306,8,2,0.9,8,0.6,0.1,2.6666666666666665,306,,2
307,8,2,0.9,8,0.6,0.01,2.6666666666666665,307,,3
308,8,2,0.9,8,0.6,0.001,2.6666666666666665,308,,4
309,8,2,0.9,8,0.6,0.0001,2.6666666666666665,309,,5
310,8,2,0.9,8,0.6,1e-05,2.6666666666666665,310,,6
311,8,2,0.9,8,0.6,1e-06,2.6666666666666665,311,,7
312,8,2,0.9,8,0.7,0.1,2.6666666666666665,312,,0
313,8,2,0.9,8,0.7,0.01,2.6666666666666665,313,,1
314,8,2,0.9,8,0.7,0.001,2.6666666666666665,314,,2
315,8,2,0.9,8,0.7,0.0001,2.6666666666666665,315,,3
316,8,2,0.9,8,0.7,1e-05,2.6666666666666665,316,,4
317,8,2,0.9,8,0.7,1e-06,2.6666666666666665,317,,5
318,8,2,0.9,8,0.8,0.1,2.6666666666666665,318,,6
319,8,2,0.9,8,0.8,0.01,2.6666666666666665,319,,7
320,8,2,0.9,8,0.8,0.001,2.6666666666666665,320,,0
321,8,2,0.9,8,0.8,0.0001,2.6666666666666665,321,,1
322,8,2,0.9,8,0.8,1e-05,2.6666666666666665,322,,2
323,8,2,0.9,8,0.8,1e-06,2.6666666666666665,323,,3
324,8,2,0.9,8,0.9,0.1,2.6666666666666665,324,,4
325,8,2,0.9,8,0.9,0.01,2.6666666666666665,325,,5
326,8,2,0.9,8,0.9,0.001,2.6666666666666665,326,,6
327,8,2,0.9,8,0.9,0.0001,2.6666666666666665,327,,7
328,8,2,0.9,8,0.9,1e-05,2.6666666666666665,328,,0
329,8,2,0.9,8,0.9,1e-06,2.6666666666666665,329,,1
330,8,2,0.925,8,0.0,0.1,2.6666666666666665,330,,2
331,8,2,0.925,8,0.0,0.01,2.6666666666666665,331,,3
332,8,2,0.925,8,0.0,0.001,2.6666666666666665,332,,4
333,8,2,0.925,8,0.0,0.0001,2.6666666666666665,333,,5
334,8,2,0.925,8,0.0,1e-05,2.6666666666666665,334,,6
335,8,2,0.925,8,0.0,1e-06,2.6666666666666665,335,,7
336,8,2,0.925,8,0.01,0.1,2.6666666666666665,336,,0
337,8,2,0.925,8,0.01,0.01,2.6666666666666665,337,,1
338,8,2,0.925,8,0.01,0.001,2.6666666666666665,338,,2
339,8,2,0.925,8,0.01,0.0001,2.6666666666666665,339,,3
340,8,2,0.925,8,0.01,1e-05,2.6666666666666665,340,,4
341,8,2,0.925,8,0.01,1e-06,2.6666666666666665,341,,5
342,8,2,0.925,8,0.1,0.1,2.6666666666666665,342,,6
343,8,2,0.925,8,0.1,0.01,2.6666666666666665,343,,7
344,8,2,0.925,8,0.1,0.001,2.6666666666666665,344,,0
345,8,2,0.925,8,0.1,0.0001,2.6666666666666665,345,,1
346,8,2,0.925,8,0.1,1e-05,2.6666666666666665,346,,2
347,8,2,0.925,8,0.1,1e-06,2.6666666666666665,347,,3
348,8,2,0.925,8,0.2,0.1,2.6666666666666665,348,,4
349,8,2,0.925,8,0.2,0.01,2.6666666666666665,349,,5
350,8,2,0.925,8,0.2,0.001,2.6666666666666665,350,,6
351,8,2,0.925,8,0.2,0.0001,2.6666666666666665,351,,7
352,8,2,0.925,8,0.2,1e-05,2.6666666666666665,352,,0
353,8,2,0.925,8,0.2,1e-06,2.6666666666666665,353,,1
354,8,2,0.925,8,0.3,0.1,2.6666666666666665,354,,2
355,8,2,0.925,8,0.3,0.01,2.6666666666666665,355,,3
356,8,2,0.925,8,0.3,0.001,2.6666666666666665,356,,4
357,8,2,0.925,8,0.3,0.0001,2.6666666666666665,357,,5
358,8,2,0.925,8,0.3,1e-05,2.6666666666666665,358,,6
359,8,2,0.925,8,0.3,1e-06,2.6666666666666665,359,,7
360,8,2,0.925,8,0.4,0.1,2.6666666666666665,360,,0
361,8,2,0.925,8,0.4,0.01,2.6666666666666665,361,,1
362,8,2,0.925,8,0.4,0.001,2.6666666666666665,362,,2
363,8,2,0.925,8,0.4,0.0001,2.6666666666666665,363,,3
364,8,2,0.925,8,0.4,1e-05,2.6666666666666665,364,,4
365,8,2,0.925,8,0.4,1e-06,2.6666666666666665,365,,5
366,8,2,0.925,8,0.5,0.1,2.6666666666666665,366,,6
367,8,2,0.925,8,0.5,0.01,2.6666666666666665,367,,7
368,8,2,0.925,8,0.5,0.001,2.6666666666666665,368,,0
369,8,2,0.925,8,0.5,0.0001,2.6666666666666665,369,,1
370,8,2,0.925,8,0.5,1e-05,2.6666666666666665,370,,2
371,8,2,0.925,8,0.5,1e-06,2.6666666666666665,371,,3
372,8,2,0.925,8,0.6,0.1,2.6666666666666665,372,,4
373,8,2,0.925,8,0.6,0.01,2.6666666666666665,373,,5
374,8,2,0.925,8,0.6,0.001,2.6666666666666665,374,,6
375,8,2,0.925,8,0.6,0.0001,2.6666666666666665,375,,7
376,8,2,0.925,8,0.6,1e-05,2.6666666666666665,376,,0
377,8,2,0.925,8,0.6,1e-06,2.6666666666666665,377,,1
378,8,2,0.925,8,0.7,0.1,2.6666666666666665,378,,2
379,8,2,0.925,8,0.7,0.01,2.6666666666666665,379,,3
380,8,2,0.925,8,0.7,0.001,2.6666666666666665,380,,4
381,8,2,0.925,8,0.7,0.0001,2.6666666666666665,381,,5
382,8,2,0.925,8,0.7,1e-05,2.6666666666666665,382,,6
383,8,2,0.925,8,0.7,1e-06,2.6666666666666665,383,,7
384,8,2,0.925,8,0.8,0.1,2.6666666666666665,384,,0
385,8,2,0.925,8,0.8,0.01,2.6666666666666665,385,,1
386,8,2,0.925,8,0.8,0.001,2.6666666666666665,386,,2
387,8,2,0.925,8,0.8,0.0001,2.6666666666666665,387,,3
388,8,2,0.925,8,0.8,1e-05,2.6666666666666665,388,,4
389,8,2,0.925,8,0.8,1e-06,2.6666666666666665,389,,5
390,8,2,0.925,8,0.9,0.1,2.6666666666666665,390,,6
391,8,2,0.925,8,0.9,0.01,2.6666666666666665,391,,7
392,8,2,0.925,8,0.9,0.001,2.6666666666666665,392,,0
393,8,2,0.925,8,0.9,0.0001,2.6666666666666665,393,,1
394,8,2,0.925,8,0.9,1e-05,2.6666666666666665,394,,2
395,8,2,0.925,8,0.9,1e-06,2.6666666666666665,395,,3
396,8,2,0.95,8,0.0,0.1,2.6666666666666665,396,,4
397,8,2,0.95,8,0.0,0.01,2.6666666666666665,397,,5
398,8,2,0.95,8,0.0,0.001,2.6666666666666665,398,,6
399,8,2,0.95,8,0.0,0.0001,2.6666666666666665,399,,7
400,8,2,0.95,8,0.0,1e-05,2.6666666666666665,400,,0
401,8,2,0.95,8,0.0,1e-06,2.6666666666666665,401,,1
402,8,2,0.95,8,0.01,0.1,2.6666666666666665,402,,2
403,8,2,0.95,8,0.01,0.01,2.6666666666666665,403,,3
404,8,2,0.95,8,0.01,0.001,2.6666666666666665,404,,4
405,8,2,0.95,8,0.01,0.0001,2.6666666666666665,405,,5
406,8,2,0.95,8,0.01,1e-05,2.6666666666666665,406,,6
407,8,2,0.95,8,0.01,1e-06,2.6666666666666665,407,,7
408,8,2,0.95,8,0.1,0.1,2.6666666666666665,408,,0
409,8,2,0.95,8,0.1,0.01,2.6666666666666665,409,,1
410,8,2,0.95,8,0.1,0.001,2.6666666666666665,410,,2
411,8,2,0.95,8,0.1,0.0001,2.6666666666666665,411,,3
412,8,2,0.95,8,0.1,1e-05,2.6666666666666665,412,,4
413,8,2,0.95,8,0.1,1e-06,2.6666666666666665,413,,5
414,8,2,0.95,8,0.2,0.1,2.6666666666666665,414,,6
415,8,2,0.95,8,0.2,0.01,2.6666666666666665,415,,7
416,8,2,0.95,8,0.2,0.001,2.6666666666666665,416,,0
417,8,2,0.95,8,0.2,0.0001,2.6666666666666665,417,,1
418,8,2,0.95,8,0.2,1e-05,2.6666666666666665,418,,2
419,8,2,0.95,8,0.2,1e-06,2.6666666666666665,419,,3
420,8,2,0.95,8,0.3,0.1,2.6666666666666665,420,,4
421,8,2,0.95,8,0.3,0.01,2.6666666666666665,421,,5
422,8,2,0.95,8,0.3,0.001,2.6666666666666665,422,,6
423,8,2,0.95,8,0.3,0.0001,2.6666666666666665,423,,7
424,8,2,0.95,8,0.3,1e-05,2.6666666666666665,424,,0
425,8,2,0.95,8,0.3,1e-06,2.6666666666666665,425,,1
426,8,2,0.95,8,0.4,0.1,2.6666666666666665,426,,2
427,8,2,0.95,8,0.4,0.01,2.6666666666666665,427,,3
428,8,2,0.95,8,0.4,0.001,2.6666666666666665,428,,4
429,8,2,0.95,8,0.4,0.0001,2.6666666666666665,429,,5
430,8,2,0.95,8,0.4,1e-05,2.6666666666666665,430,,6
431,8,2,0.95,8,0.4,1e-06,2.6666666666666665,431,,7
432,8,2,0.95,8,0.5,0.1,2.6666666666666665,432,,0
433,8,2,0.95,8,0.5,0.01,2.6666666666666665,433,,1
434,8,2,0.95,8,0.5,0.001,2.6666666666666665,434,,2
435,8,2,0.95,8,0.5,0.0001,2.6666666666666665,435,,3
436,8,2,0.95,8,0.5,1e-05,2.6666666666666665,436,,4
437,8,2,0.95,8,0.5,1e-06,2.6666666666666665,437,,5
438,8,2,0.95,8,0.6,0.1,2.6666666666666665,438,,6
439,8,2,0.95,8,0.6,0.01,2.6666666666666665,439,,7
440,8,2,0.95,8,0.6,0.001,2.6666666666666665,440,,0
441,8,2,0.95,8,0.6,0.0001,2.6666666666666665,441,,1
442,8,2,0.95,8,0.6,1e-05,2.6666666666666665,442,,2
443,8,2,0.95,8,0.6,1e-06,2.6666666666666665,443,,3
444,8,2,0.95,8,0.7,0.1,2.6666666666666665,444,,4
445,8,2,0.95,8,0.7,0.01,2.6666666666666665,445,,5
446,8,2,0.95,8,0.7,0.001,2.6666666666666665,446,,6
447,8,2,0.95,8,0.7,0.0001,2.6666666666666665,447,,7
448,8,2,0.95,8,0.7,1e-05,2.6666666666666665,448,,0
449,8,2,0.95,8,0.7,1e-06,2.6666666666666665,449,,1
450,8,2,0.95,8,0.8,0.1,2.6666666666666665,450,,2
451,8,2,0.95,8,0.8,0.01,2.6666666666666665,451,,3
452,8,2,0.95,8,0.8,0.001,2.6666666666666665,452,,4
453,8,2,0.95,8,0.8,0.0001,2.6666666666666665,453,,5
454,8,2,0.95,8,0.8,1e-05,2.6666666666666665,454,,6
455,8,2,0.95,8,0.8,1e-06,2.6666666666666665,455,,7
456,8,2,0.975,8,0.0,0.001,2.6666666666666665,456,,0
457,8,2,0.975,8,0.0,0.0001,2.6666666666666665,457,,1
458,8,2,0.975,8,0.0,1e-05,2.6666666666666665,458,,2
459,8,2,0.975,8,0.0,1e-06,2.6666666666666665,459,,3
460,8,2,0.975,8,0.01,0.1,2.6666666666666665,460,,4
461,8,2,0.975,8,0.01,0.01,2.6666666666666665,461,,5
462,8,2,0.975,8,0.01,0.001,2.6666666666666665,462,,6
463,8,2,0.975,8,0.01,0.0001,2.6666666666666665,463,,7
464,8,2,0.975,8,0.01,1e-05,2.6666666666666665,464,,0
465,8,2,0.975,8,0.01,1e-06,2.6666666666666665,465,,1
466,8,2,0.975,8,0.1,0.1,2.6666666666666665,466,,2
467,8,2,0.975,8,0.1,0.01,2.6666666666666665,467,,3
468,8,2,0.975,8,0.1,0.001,2.6666666666666665,468,,4
469,8,2,0.975,8,0.1,0.0001,2.6666666666666665,469,,5
470,8,2,0.975,8,0.1,1e-05,2.6666666666666665,470,,6
471,8,2,0.975,8,0.1,1e-06,2.6666666666666665,471,,7
472,8,2,0.975,8,0.2,0.1,2.6666666666666665,472,,0
473,8,2,0.975,8,0.2,0.01,2.6666666666666665,473,,1
474,8,2,0.975,8,0.2,0.001,2.6666666666666665,474,,2
475,8,2,0.975,8,0.2,0.0001,2.6666666666666665,475,,3
476,8,2,0.975,8,0.2,1e-05,2.6666666666666665,476,,4
477,8,2,0.975,8,0.2,1e-06,2.6666666666666665,477,,5
478,8,2,0.975,8,0.3,0.1,2.6666666666666665,478,,6
479,8,2,0.975,8,0.3,0.01,2.6666666666666665,479,,7
480,8,2,0.975,8,0.3,0.001,2.6666666666666665,480,,0
481,8,2,0.975,8,0.3,0.0001,2.6666666666666665,481,,1
482,8,2,0.975,8,0.3,1e-05,2.6666666666666665,482,,2
483,8,2,0.975,8,0.3,1e-06,2.6666666666666665,483,,3
484,8,2,0.975,8,0.4,0.1,2.6666666666666665,484,,4
485,8,2,0.975,8,0.4,0.01,2.6666666666666665,485,,5
486,8,2,0.975,8,0.4,0.001,2.6666666666666665,486,,6
487,8,2,0.975,8,0.4,0.0001,2.6666666666666665,487,,7
488,8,2,0.975,8,0.4,1e-05,2.6666666666666665,488,,0
489,8,2,0.975,8,0.4,1e-06,2.6666666666666665,489,,1
490,8,2,0.975,8,0.5,0.1,2.6666666666666665,490,,2
491,8,2,0.975,8,0.5,0.01,2.6666666666666665,491,,3
492,8,2,0.975,8,0.5,0.001,2.6666666666666665,492,,4
493,8,2,0.975,8,0.5,0.0001,2.6666666666666665,493,,5
494,8,2,0.975,8,0.5,1e-05,2.6666666666666665,494,,6
495,8,2,0.975,8,0.5,1e-06,2.6666666666666665,495,,7
496,8,2,0.975,8,0.7,0.001,2.6666666666666665,496,,0
497,8,2,0.975,8,0.7,0.0001,2.6666666666666665,497,,1
498,8,2,0.975,8,0.7,1e-05,2.6666666666666665,498,,2
499,8,2,0.975,8,0.7,1e-06,2.6666666666666665,499,,3
500,8,2,0.975,8,0.8,0.1,2.6666666666666665,500,,4
501,8,2,0.975,8,0.8,0.01,2.6666666666666665,501,,5
502,8,2,0.975,8,0.8,0.001,2.6666666666666665,502,,6
503,8,2,0.975,8,0.8,0.0001,2.6666666666666665,503,,7
504,8,2,0.975,8,0.8,1e-05,2.6666666666666665,504,,0
505,8,2,0.975,8,0.8,1e-06,2.6666666666666665,505,,1
506,8,2,0.975,8,0.9,0.1,2.6666666666666665,506,,2
507,8,2,0.975,8,0.9,0.01,2.6666666666666665,507,,3
508,8,2,0.975,8,0.9,0.001,2.6666666666666665,508,,4
509,8,2,0.975,8,0.9,0.0001,2.6666666666666665,509,,5
510,8,2,0.975,8,0.9,1e-05,2.6666666666666665,510,,6
511,8,2,0.975,8,0.9,1e-06,2.6666666666666665,511,,7
512,8,2,1.025,8,0.0,0.1,2.6666666666666665,512,,0
513,8,2,1.025,8,0.0,0.01,2.6666666666666665,513,,1
514,8,2,1.025,8,0.0,0.001,2.6666666666666665,514,,2
515,8,2,1.025,8,0.0,0.0001,2.6666666666666665,515,,3
516,8,2,1.025,8,0.0,1e-05,2.6666666666666665,516,,4
517,8,2,1.025,8,0.0,1e-06,2.6666666666666665,517,,5
518,8,2,1.025,8,0.01,0.1,2.6666666666666665,518,,6
519,8,2,1.025,8,0.01,0.01,2.6666666666666665,519,,7
520,8,2,1.025,8,0.01,0.001,2.6666666666666665,520,,0
521,8,2,1.025,8,0.01,0.0001,2.6666666666666665,521,,1
522,8,2,1.025,8,0.01,1e-05,2.6666666666666665,522,,2
523,8,2,1.025,8,0.01,1e-06,2.6666666666666665,523,,3
524,8,2,1.025,8,0.1,0.1,2.6666666666666665,524,,4
525,8,2,1.025,8,0.1,0.01,2.6666666666666665,525,,5
526,8,2,1.025,8,0.1,0.001,2.6666666666666665,526,,6
527,8,2,1.025,8,0.1,0.0001,2.6666666666666665,527,,7
528,8,2,1.025,8,0.1,1e-05,2.6666666666666665,528,,0
529,8,2,1.025,8,0.1,1e-06,2.6666666666666665,529,,1
530,8,2,1.025,8,0.2,0.1,2.6666666666666665,530,,2
531,8,2,1.025,8,0.2,0.01,2.6666666666666665,531,,3
532,8,2,1.025,8,0.2,0.001,2.6666666666666665,532,,4
533,8,2,1.025,8,0.2,0.0001,2.6666666666666665,533,,5
534,8,2,1.025,8,0.2,1e-05,2.6666666666666665,534,,6
535,8,2,1.025,8,0.2,1e-06,2.6666666666666665,535,,7
536,8,2,1.025,8,0.3,0.1,2.6666666666666665,536,,0
537,8,2,1.025,8,0.3,0.01,2.6666666666666665,537,,1
538,8,2,1.025,8,0.3,0.001,2.6666666666666665,538,,2
539,8,2,1.025,8,0.3,0.0001,2.6666666666666665,539,,3
540,8,2,1.025,8,0.3,1e-05,2.6666666666666665,540,,4
541,8,2,1.025,8,0.3,1e-06,2.6666666666666665,541,,5
542,8,2,1.025,8,0.4,0.1,2.6666666666666665,542,,6
543,8,2,1.025,8,0.4,0.01,2.6666666666666665,543,,7
544,8,2,1.025,8,0.4,0.001,2.6666666666666665,544,,0
545,8,2,1.025,8,0.4,0.0001,2.6666666666666665,545,,1
546,8,2,1.025,8,0.4,1e-05,2.6666666666666665,546,,2
547,8,2,1.025,8,0.4,1e-06,2.6666666666666665,547,,3
548,8,2,1.025,8,0.5,0.1,2.6666666666666665,548,,4
549,8,2,1.025,8,0.5,0.01,2.6666666666666665,549,,5
550,8,2,1.025,8,0.5,0.001,2.6666666666666665,550,,6
551,8,2,1.025,8,0.5,0.0001,2.6666666666666665,551,,7
552,8,2,1.025,8,0.5,1e-05,2.6666666666666665,552,,0
553,8,2,1.025,8,0.5,1e-06,2.6666666666666665,553,,1
554,8,2,1.025,8,0.6,0.1,2.6666666666666665,554,,2
555,8,2,1.025,8,0.6,0.01,2.6666666666666665,555,,3
556,8,2,1.025,8,0.6,0.001,2.6666666666666665,556,,4
557,8,2,1.025,8,0.6,0.0001,2.6666666666666665,557,,5
558,8,2,1.025,8,0.6,1e-05,2.6666666666666665,558,,6
559,8,2,1.025,8,0.6,1e-06,2.6666666666666665,559,,7
560,8,2,1.025,8,0.7,0.1,2.6666666666666665,560,,0
561,8,2,1.025,8,0.7,0.01,2.6666666666666665,561,,1
562,8,2,1.025,8,0.7,0.001,2.6666666666666665,562,,2
563,8,2,1.025,8,0.7,0.0001,2.6666666666666665,563,,3
564,8,2,1.025,8,0.7,1e-05,2.6666666666666665,564,,4
565,8,2,1.025,8,0.7,1e-06,2.6666666666666665,565,,5
566,8,2,1.025,8,0.8,0.1,2.6666666666666665,566,,6
567,8,2,1.025,8,0.8,0.01,2.6666666666666665,567,,7
568,8,2,1.025,8,0.8,0.001,2.6666666666666665,568,,0
569,8,2,1.025,8,0.8,0.0001,2.6666666666666665,569,,1
570,8,2,1.025,8,0.8,1e-05,2.6666666666666665,570,,2
571,8,2,1.025,8,0.8,1e-06,2.6666666666666665,571,,3
572,8,2,1.025,8,0.9,0.1,2.6666666666666665,572,,4
573,8,2,1.025,8,0.9,0.01,2.6666666666666665,573,,5
574,8,2,1.025,8,0.9,0.001,2.6666666666666665,574,,6
575,8,2,1.025,8,0.9,0.0001,2.6666666666666665,575,,7
576,8,2,1.025,8,0.9,1e-05,2.6666666666666665,576,,0
577,8,2,1.025,8,0.9,1e-06,2.6666666666666665,577,,1
578,8,2,1.05,8,0.0,0.1,2.6666666666666665,578,,2
579,8,2,1.05,8,0.0,0.01,2.6666666666666665,579,,3
580,8,2,1.05,8,0.0,0.001,2.6666666666666665,580,,4
581,8,2,1.05,8,0.0,0.0001,2.6666666666666665,581,,5
582,8,2,1.05,8,0.0,1e-05,2.6666666666666665,582,,6
583,8,2,1.05,8,0.0,1e-06,2.6666666666666665,583,,7
584,8,2,1.05,8,0.01,0.1,2.6666666666666665,584,,0
585,8,2,1.05,8,0.01,0.01,2.6666666666666665,585,,1
586,8,2,1.05,8,0.01,0.001,2.6666666666666665,586,,2
587,8,2,1.05,8,0.01,0.0001,2.6666666666666665,587,,3
588,8,2,1.05,8,0.01,1e-05,2.6666666666666665,588,,4
589,8,2,1.05,8,0.01,1e-06,2.6666666666666665,589,,5
590,8,2,1.05,8,0.1,0.1,2.6666666666666665,590,,6
591,8,2,1.05,8,0.1,0.01,2.6666666666666665,591,,7
592,8,2,1.05,8,0.1,0.001,2.6666666666666665,592,,0
593,8,2,1.05,8,0.1,0.0001,2.6666666666666665,593,,1
594,8,2,1.05,8,0.1,1e-05,2.6666666666666665,594,,2
595,8,2,1.05,8,0.1,1e-06,2.6666666666666665,595,,3
596,8,2,1.05,8,0.2,0.1,2.6666666666666665,596,,4
597,8,2,1.05,8,0.2,0.01,2.6666666666666665,597,,5
598,8,2,1.05,8,0.2,0.001,2.6666666666666665,598,,6
599,8,2,1.05,8,0.2,0.0001,2.6666666666666665,599,,7
600,8,2,1.05,8,0.2,1e-05,2.6666666666666665,600,,0
601,8,2,1.05,8,0.2,1e-06,2.6666666666666665,601,,1
602,8,2,1.05,8,0.3,0.1,2.6666666666666665,602,,2
603,8,2,1.05,8,0.3,0.01,2.6666666666666665,603,,3
604,8,2,1.05,8,0.3,0.001,2.6666666666666665,604,,4
605,8,2,1.05,8,0.3,0.0001,2.6666666666666665,605,,5
606,8,2,1.05,8,0.3,1e-05,2.6666666666666665,606,,6
607,8,2,1.05,8,0.3,1e-06,2.6666666666666665,607,,7
608,8,2,1.05,8,0.4,0.1,2.6666666666666665,608,,0
609,8,2,1.05,8,0.4,0.01,2.6666666666666665,609,,1
610,8,2,1.05,8,0.4,0.001,2.6666666666666665,610,,2
611,8,2,1.05,8,0.4,0.0001,2.6666666666666665,611,,3
612,8,2,1.05,8,0.4,1e-05,2.6666666666666665,612,,4
613,8,2,1.05,8,0.4,1e-06,2.6666666666666665,613,,5
614,8,2,1.05,8,0.5,0.1,2.6666666666666665,614,,6
615,8,2,1.05,8,0.5,0.01,2.6666666666666665,615,,7
616,8,2,1.05,8,0.5,0.001,2.6666666666666665,616,,0
617,8,2,1.05,8,0.5,0.0001,2.6666666666666665,617,,1
618,8,2,1.05,8,0.5,1e-05,2.6666666666666665,618,,2
619,8,2,1.05,8,0.5,1e-06,2.6666666666666665,619,,3
620,8,2,1.05,8,0.6,0.1,2.6666666666666665,620,,4
621,8,2,1.05,8,0.6,0.01,2.6666666666666665,621,,5
622,8,2,1.05,8,0.6,0.001,2.6666666666666665,622,,6
623,8,2,1.05,8,0.6,0.0001,2.6666666666666665,623,,7
624,8,2,1.05,8,0.6,1e-05,2.6666666666666665,624,,0
625,8,2,1.05,8,0.6,1e-06,2.6666666666666665,625,,1
626,8,2,1.05,8,0.7,0.1,2.6666666666666665,626,,2
627,8,2,1.05,8,0.7,0.01,2.6666666666666665,627,,3
628,8,2,1.05,8,0.7,0.001,2.6666666666666665,628,,4
629,8,2,1.05,8,0.7,0.0001,2.6666666666666665,629,,5
630,8,2,1.05,8,0.7,1e-05,2.6666666666666665,630,,6
631,8,2,1.05,8,0.7,1e-06,2.6666666666666665,631,,7
632,8,2,1.05,8,0.8,0.1,2.6666666666666665,632,,0
633,8,2,1.05,8,0.8,0.01,2.6666666666666665,633,,1
634,8,2,1.05,8,0.8,0.001,2.6666666666666665,634,,2
635,8,2,1.05,8,0.8,0.0001,2.6666666666666665,635,,3
636,8,2,1.05,8,0.8,1e-05,2.6666666666666665,636,,4
637,8,2,1.05,8,0.8,1e-06,2.6666666666666665,637,,5
638,8,2,1.05,8,0.9,0.1,2.6666666666666665,638,,6
639,8,2,1.05,8,0.9,0.01,2.6666666666666665,639,,7
640,8,2,1.05,8,0.9,0.001,2.6666666666666665,640,,0
641,8,2,1.05,8,0.9,0.0001,2.6666666666666665,641,,1
642,8,2,1.05,8,0.9,1e-05,2.6666666666666665,642,,2
643,8,2,1.05,8,0.9,1e-06,2.6666666666666665,643,,3
644,8,2,1.075,8,0.0,0.1,2.6666666666666665,644,,4
645,8,2,1.075,8,0.0,0.01,2.6666666666666665,645,,5
646,8,2,1.075,8,0.0,0.001,2.6666666666666665,646,,6
647,8,2,1.075,8,0.0,0.0001,2.6666666666666665,647,,7
648,8,2,1.075,8,0.0,1e-05,2.6666666666666665,648,,0
649,8,2,1.075,8,0.0,1e-06,2.6666666666666665,649,,1
650,8,2,1.075,8,0.01,0.1,2.6666666666666665,650,,2
651,8,2,1.075,8,0.01,0.01,2.6666666666666665,651,,3
652,8,2,1.075,8,0.01,0.001,2.6666666666666665,652,,4
653,8,2,1.075,8,0.01,0.0001,2.6666666666666665,653,,5
654,8,2,1.075,8,0.01,1e-05,2.6666666666666665,654,,6
655,8,2,1.075,8,0.01,1e-06,2.6666666666666665,655,,7
656,8,2,1.075,8,0.1,0.1,2.6666666666666665,656,,0
657,8,2,1.075,8,0.1,0.01,2.6666666666666665,657,,1
658,8,2,1.075,8,0.1,0.001,2.6666666666666665,658,,2
659,8,2,1.075,8,0.1,0.0001,2.6666666666666665,659,,3
660,8,2,1.075,8,0.1,1e-05,2.6666666666666665,660,,4
661,8,2,1.075,8,0.1,1e-06,2.6666666666666665,661,,5
662,8,2,1.075,8,0.2,0.1,2.6666666666666665,662,,6
663,8,2,1.075,8,0.2,0.01,2.6666666666666665,663,,7
664,8,2,1.075,8,0.2,0.001,2.6666666666666665,664,,0
665,8,2,1.075,8,0.2,0.0001,2.6666666666666665,665,,1
666,8,2,1.075,8,0.2,1e-05,2.6666666666666665,666,,2
667,8,2,1.075,8,0.2,1e-06,2.6666666666666665,667,,3
668,8,2,1.075,8,0.3,0.1,2.6666666666666665,668,,4
669,8,2,1.075,8,0.3,0.01,2.6666666666666665,669,,5
670,8,2,1.075,8,0.3,0.001,2.6666666666666665,670,,6
671,8,2,1.075,8,0.3,0.0001,2.6666666666666665,671,,7
672,8,2,1.075,8,0.3,1e-05,2.6666666666666665,672,,0
673,8,2,1.075,8,0.3,1e-06,2.6666666666666665,673,,1
674,8,2,1.075,8,0.4,0.1,2.6666666666666665,674,,2
675,8,2,1.075,8,0.4,0.01,2.6666666666666665,675,,3
676,8,2,1.075,8,0.4,0.001,2.6666666666666665,676,,4
677,8,2,1.075,8,0.4,0.0001,2.6666666666666665,677,,5
678,8,2,1.075,8,0.4,1e-05,2.6666666666666665,678,,6
679,8,2,1.075,8,0.4,1e-06,2.6666666666666665,679,,7
680,8,2,1.075,8,0.5,0.1,2.6666666666666665,680,,0
681,8,2,1.075,8,0.5,0.01,2.6666666666666665,681,,1
682,8,2,1.075,8,0.5,0.001,2.6666666666666665,682,,2
683,8,2,1.075,8,0.5,0.0001,2.6666666666666665,683,,3
684,8,2,1.075,8,0.5,1e-05,2.6666666666666665,684,,4
685,8,2,1.075,8,0.5,1e-06,2.6666666666666665,685,,5
686,8,2,1.075,8,0.6,0.1,2.6666666666666665,686,,6
687,8,2,1.075,8,0.6,0.01,2.6666666666666665,687,,7
688,8,2,1.075,8,0.6,0.001,2.6666666666666665,688,,0
689,8,2,1.075,8,0.6,0.0001,2.6666666666666665,689,,1
690,8,2,1.075,8,0.6,1e-05,2.6666666666666665,690,,2
691,8,2,1.075,8,0.6,1e-06,2.6666666666666665,691,,3
692,8,2,1.075,8,0.7,0.1,2.6666666666666665,692,,4
693,8,2,1.075,8,0.7,0.01,2.6666666666666665,693,,5
694,8,2,1.075,8,0.7,0.001,2.6666666666666665,694,,6
695,8,2,1.075,8,0.7,0.0001,2.6666666666666665,695,,7
696,8,2,1.075,8,0.7,1e-05,2.6666666666666665,696,,0
697,8,2,1.075,8,0.7,1e-06,2.6666666666666665,697,,1
698,8,2,1.075,8,0.8,0.1,2.6666666666666665,698,,2
699,8,2,1.075,8,0.8,0.01,2.6666666666666665,699,,3
700,8,2,1.075,8,0.8,0.001,2.6666666666666665,700,,4
701,8,2,1.075,8,0.8,0.0001,2.6666666666666665,701,,5
702,8,2,1.075,8,0.8,1e-05,2.6666666666666665,702,,6
703,8,2,1.075,8,0.8,1e-06,2.6666666666666665,703,,7
704,8,2,1.075,8,0.9,0.1,2.6666666666666665,704,,0
705,8,2,1.075,8,0.9,0.01,2.6666666666666665,705,,1
706,8,2,1.075,8,0.9,0.001,2.6666666666666665,706,,2
707,8,2,1.075,8,0.9,0.0001,2.6666666666666665,707,,3
708,8,2,1.075,8,0.9,1e-05,2.6666666666666665,708,,4
709,8,2,1.075,8,0.9,1e-06,2.6666666666666665,709,,5
710,8,2,1.1,8,0.0,0.1,2.6666666666666665,710,,6
711,8,2,1.1,8,0.0,0.01,2.6666666666666665,711,,7
712,8,2,1.1,8,0.0,0.001,2.6666666666666665,712,,0
713,8,2,1.1,8,0.0,0.0001,2.6666666666666665,713,,1
714,8,2,1.1,8,0.0,1e-05,2.6666666666666665,714,,2
715,8,2,1.1,8,0.0,1e-06,2.6666666666666665,715,,3
716,8,2,1.1,8,0.01,0.1,2.6666666666666665,716,,4
717,8,2,1.1,8,0.01,0.01,2.6666666666666665,717,,5
718,8,2,1.1,8,0.01,0.001,2.6666666666666665,718,,6
719,8,2,1.1,8,0.01,0.0001,2.6666666666666665,719,,7
720,8,2,1.1,8,0.01,1e-05,2.6666666666666665,720,,0
721,8,2,1.1,8,0.01,1e-06,2.6666666666666665,721,,1
722,8,2,1.1,8,0.1,0.1,2.6666666666666665,722,,2
723,8,2,1.1,8,0.1,0.01,2.6666666666666665,723,,3
724,8,2,1.1,8,0.1,0.001,2.6666666666666665,724,,4
725,8,2,1.1,8,0.1,0.0001,2.6666666666666665,725,,5
726,8,2,1.1,8,0.1,1e-05,2.6666666666666665,726,,6
727,8,2,1.1,8,0.1,1e-06,2.6666666666666665,727,,7
728,8,2,1.1,8,0.3,0.001,2.6666666666666665,728,,0
729,8,2,1.1,8,0.3,0.0001,2.6666666666666665,729,,1
730,8,2,1.1,8,0.3,1e-05,2.6666666666666665,730,,2
731,8,2,1.1,8,0.3,1e-06,2.6666666666666665,731,,3
732,8,2,1.1,8,0.4,0.1,2.6666666666666665,732,,4
733,8,2,1.1,8,0.4,0.01,2.6666666666666665,733,,5
734,8,2,1.1,8,0.4,0.001,2.6666666666666665,734,,6
735,8,2,1.1,8,0.4,0.0001,2.6666666666666665,735,,7
736,8,2,1.1,8,0.4,1e-05,2.6666666666666665,736,,0
737,8,2,1.1,8,0.4,1e-06,2.6666666666666665,737,,1
738,8,2,1.1,8,0.5,0.1,2.6666666666666665,738,,2
739,8,2,1.1,8,0.5,0.01,2.6666666666666665,739,,3
740,8,2,1.1,8,0.5,0.001,2.6666666666666665,740,,4
741,8,2,1.1,8,0.5,0.0001,2.6666666666666665,741,,5
742,8,2,1.1,8,0.5,1e-05,2.6666666666666665,742,,6
743,8,2,1.1,8,0.5,1e-06,2.6666666666666665,743,,7
744,8,2,1.1,8,0.6,0.1,2.6666666666666665,744,,0
745,8,2,1.1,8,0.6,0.01,2.6666666666666665,745,,1
746,8,2,1.1,8,0.6,0.001,2.6666666666666665,746,,2
747,8,2,1.1,8,0.6,0.0001,2.6666666666666665,747,,3
748,8,2,1.1,8,0.6,1e-05,2.6666666666666665,748,,4
749,8,2,1.1,8,0.6,1e-06,2.6666666666666665,749,,5
750,8,2,1.1,8,0.7,0.1,2.6666666666666665,750,,6
751,8,2,1.1,8,0.7,0.01,2.6666666666666665,751,,7
752,8,2,1.1,8,0.7,0.001,2.6666666666666665,752,,0
753,8,2,1.1,8,0.7,0.0001,2.6666666666666665,753,,1
754,8,2,1.1,8,0.7,1e-05,2.6666666666666665,754,,2
755,8,2,1.1,8,0.7,1e-06,2.6666666666666665,755,,3
756,8,2,1.1,8,0.8,0.1,2.6666666666666665,756,,4
757,8,2,1.1,8,0.8,0.01,2.6666666666666665,757,,5
758,8,2,1.1,8,0.8,0.001,2.6666666666666665,758,,6
759,8,2,1.1,8,0.8,0.0001,2.6666666666666665,759,,7
760,8,2,1.1,8,0.8,1e-05,2.6666666666666665,760,,0
761,8,2,1.1,8,0.8,1e-06,2.6666666666666665,761,,1
762,8,2,1.1,8,0.9,0.1,2.6666666666666665,762,,2
763,8,2,1.1,8,0.9,0.01,2.6666666666666665,763,,3
764,8,2,1.1,8,0.9,0.001,2.6666666666666665,764,,4
765,8,2,1.1,8,0.9,0.0001,2.6666666666666665,765,,5
766,8,2,1.1,8,0.9,1e-05,2.6666666666666665,766,,6
767,8,2,1.1,8,0.9,1e-06,2.6666666666666665,767,,7
768,8,2,1.125,8,0.0,0.1,2.6666666666666665,768,,0
769,8,2,1.125,8,0.0,0.01,2.6666666666666665,769,,1
770,8,2,1.125,8,0.0,0.001,2.6666666666666665,770,,2
771,8,2,1.125,8,0.0,0.0001,2.6666666666666665,771,,3
772,8,2,1.125,8,0.0,1e-05,2.6666666666666665,772,,4
773,8,2,1.125,8,0.0,1e-06,2.6666666666666665,773,,5
774,8,2,1.125,8,0.01,0.1,2.6666666666666665,774,,6
775,8,2,1.125,8,0.01,0.01,2.6666666666666665,775,,7
776,8,2,1.125,8,0.01,0.001,2.6666666666666665,776,,0
777,8,2,1.125,8,0.01,0.0001,2.6666666666666665,777,,1
778,8,2,1.125,8,0.01,1e-05,2.6666666666666665,778,,2
779,8,2,1.125,8,0.01,1e-06,2.6666666666666665,779,,3
780,8,2,1.125,8,0.1,0.1,2.6666666666666665,780,,4
781,8,2,1.125,8,0.1,0.01,2.6666666666666665,781,,5
782,8,2,1.125,8,0.1,0.001,2.6666666666666665,782,,6
783,8,2,1.125,8,0.1,0.0001,2.6666666666666665,783,,7
784,8,2,1.125,8,0.1,1e-05,2.6666666666666665,784,,0
785,8,2,1.125,8,0.1,1e-06,2.6666666666666665,785,,1
786,8,2,1.125,8,0.2,0.1,2.6666666666666665,786,,2
787,8,2,1.125,8,0.2,0.01,2.6666666666666665,787,,3
788,8,2,1.125,8,0.2,0.001,2.6666666666666665,788,,4
789,8,2,1.125,8,0.2,0.0001,2.6666666666666665,789,,5
790,8,2,1.125,8,0.2,1e-05,2.6666666666666665,790,,6
791,8,2,1.125,8,0.2,1e-06,2.6666666666666665,791,,7
792,8,2,1.125,8,0.3,0.1,2.6666666666666665,792,,0
793,8,2,1.125,8,0.3,0.01,2.6666666666666665,793,,1
794,8,2,1.125,8,0.3,0.001,2.6666666666666665,794,,2
795,8,2,1.125,8,0.3,0.0001,2.6666666666666665,795,,3
796,8,2,1.125,8,0.3,1e-05,2.6666666666666665,796,,4
797,8,2,1.125,8,0.3,1e-06,2.6666666666666665,797,,5
798,8,2,1.125,8,0.4,0.1,2.6666666666666665,798,,6
799,8,2,1.125,8,0.4,0.01,2.6666666666666665,799,,7
800,8,2,1.125,8,0.4,0.001,2.6666666666666665,800,,0
801,8,2,1.125,8,0.4,0.0001,2.6666666666666665,801,,1
802,8,2,1.125,8,0.4,1e-05,2.6666666666666665,802,,2
803,8,2,1.125,8,0.4,1e-06,2.6666666666666665,803,,3
804,8,2,1.125,8,0.5,0.1,2.6666666666666665,804,,4
805,8,2,1.125,8,0.5,0.01,2.6666666666666665,805,,5
806,8,2,1.125,8,0.5,0.001,2.6666666666666665,806,,6
807,8,2,1.125,8,0.5,0.0001,2.6666666666666665,807,,7
808,8,2,1.125,8,0.5,1e-05,2.6666666666666665,808,,0
809,8,2,1.125,8,0.5,1e-06,2.6666666666666665,809,,1
810,8,2,1.125,8,0.6,0.1,2.6666666666666665,810,,2
811,8,2,1.125,8,0.6,0.01,2.6666666666666665,811,,3
812,8,2,1.125,8,0.6,0.001,2.6666666666666665,812,,4
813,8,2,1.125,8,0.6,0.0001,2.6666666666666665,813,,5
814,8,2,1.125,8,0.6,1e-05,2.6666666666666665,814,,6
815,8,2,1.125,8,0.6,1e-06,2.6666666666666665,815,,7
816,8,2,1.125,8,0.7,0.1,2.6666666666666665,816,,0
817,8,2,1.125,8,0.7,0.01,2.6666666666666665,817,,1
818,8,2,1.125,8,0.7,0.001,2.6666666666666665,818,,2
819,8,2,1.125,8,0.7,0.0001,2.6666666666666665,819,,3
820,8,2,1.125,8,0.7,1e-05,2.6666666666666665,820,,4
821,8,2,1.125,8,0.7,1e-06,2.6666666666666665,821,,5
822,8,2,1.125,8,0.8,0.1,2.6666666666666665,822,,6
823,8,2,1.125,8,0.8,0.01,2.6666666666666665,823,,7
824,8,2,1.125,8,0.8,0.001,2.6666666666666665,824,,0
825,8,2,1.125,8,0.8,0.0001,2.6666666666666665,825,,1
826,8,2,1.125,8,0.8,1e-05,2.6666666666666665,826,,2
827,8,2,1.125,8,0.8,1e-06,2.6666666666666665,827,,3
828,8,2,1.125,8,0.9,0.1,2.6666666666666665,828,,4
829,8,2,1.125,8,0.9,0.01,2.6666666666666665,829,,5
830,8,2,1.125,8,0.9,0.001,2.6666666666666665,830,,6
831,8,2,1.125,8,0.9,0.0001,2.6666666666666665,831,,7
832,8,2,1.125,8,0.9,1e-05,2.6666666666666665,832,,0
833,8,2,1.125,8,0.9,1e-06,2.6666666666666665,833,,1
834,8,2,1.15,8,0.0,0.1,2.6666666666666665,834,,2
835,8,2,1.15,8,0.0,0.01,2.6666666666666665,835,,3
836,8,2,1.15,8,0.0,0.001,2.6666666666666665,836,,4
837,8,2,1.15,8,0.0,0.0001,2.6666666666666665,837,,5
838,8,2,1.15,8,0.0,1e-05,2.6666666666666665,838,,6
839,8,2,1.15,8,0.0,1e-06,2.6666666666666665,839,,7
840,8,2,1.15,8,0.01,0.1,2.6666666666666665,840,,0
841,8,2,1.15,8,0.01,0.01,2.6666666666666665,841,,1
842,8,2,1.15,8,0.01,0.001,2.6666666666666665,842,,2
843,8,2,1.15,8,0.01,0.0001,2.6666666666666665,843,,3
844,8,2,1.15,8,0.01,1e-05,2.6666666666666665,844,,4
845,8,2,1.15,8,0.01,1e-06,2.6666666666666665,845,,5
846,8,2,1.15,8,0.1,0.1,2.6666666666666665,846,,6
847,8,2,1.15,8,0.1,0.01,2.6666666666666665,847,,7
848,8,2,1.15,8,0.1,0.001,2.6666666666666665,848,,0
849,8,2,1.15,8,0.1,0.0001,2.6666666666666665,849,,1
850,8,2,1.15,8,0.1,1e-05,2.6666666666666665,850,,2
851,8,2,1.15,8,0.1,1e-06,2.6666666666666665,851,,3
852,8,2,1.15,8,0.2,0.1,2.6666666666666665,852,,4
853,8,2,1.15,8,0.2,0.01,2.6666666666666665,853,,5
854,8,2,1.15,8,0.2,0.001,2.6666666666666665,854,,6
855,8,2,1.15,8,0.2,0.0001,2.6666666666666665,855,,7
856,8,2,1.15,8,0.2,1e-05,2.6666666666666665,856,,0
857,8,2,1.15,8,0.2,1e-06,2.6666666666666665,857,,1
858,8,2,1.15,8,0.3,0.1,2.6666666666666665,858,,2
859,8,2,1.15,8,0.3,0.01,2.6666666666666665,859,,3
860,8,2,1.15,8,0.3,0.001,2.6666666666666665,860,,4
861,8,2,1.15,8,0.3,0.0001,2.6666666666666665,861,,5
862,8,2,1.15,8,0.3,1e-05,2.6666666666666665,862,,6
863,8,2,1.15,8,0.3,1e-06,2.6666666666666665,863,,7
864,8,2,1.15,8,0.4,0.1,2.6666666666666665,864,,0
865,8,2,1.15,8,0.4,0.01,2.6666666666666665,865,,1
866,8,2,1.15,8,0.4,0.001,2.6666666666666665,866,,2
867,8,2,1.15,8,0.4,0.0001,2.6666666666666665,867,,3
868,8,2,1.15,8,0.4,1e-05,2.6666666666666665,868,,4
869,8,2,1.15,8,0.4,1e-06,2.6666666666666665,869,,5
870,8,2,1.15,8,0.5,0.1,2.6666666666666665,870,,6
871,8,2,1.15,8,0.5,0.01,2.6666666666666665,871,,7
872,8,2,1.15,8,0.5,0.001,2.6666666666666665,872,,0
873,8,2,1.15,8,0.5,0.0001,2.6666666666666665,873,,1
874,8,2,1.15,8,0.5,1e-05,2.6666666666666665,874,,2
875,8,2,1.15,8,0.5,1e-06,2.6666666666666665,875,,3
876,8,2,1.15,8,0.6,0.1,2.6666666666666665,876,,4
877,8,2,1.15,8,0.6,0.01,2.6666666666666665,877,,5
878,8,2,1.15,8,0.6,0.001,2.6666666666666665,878,,6
879,8,2,1.15,8,0.6,0.0001,2.6666666666666665,879,,7
880,8,2,1.15,8,0.6,1e-05,2.6666666666666665,880,,0
881,8,2,1.15,8,0.6,1e-06,2.6666666666666665,881,,1
882,8,2,1.15,8,0.7,0.1,2.6666666666666665,882,,2
883,8,2,1.15,8,0.7,0.01,2.6666666666666665,883,,3
884,8,2,1.15,8,0.7,0.001,2.6666666666666665,884,,4
885,8,2,1.15,8,0.7,0.0001,2.6666666666666665,885,,5
886,8,2,1.15,8,0.7,1e-05,2.6666666666666665,886,,6
887,8,2,1.15,8,0.7,1e-06,2.6666666666666665,887,,7
888,8,2,1.15,8,0.8,0.1,2.6666666666666665,888,,0
889,8,2,1.15,8,0.8,0.01,2.6666666666666665,889,,1
890,8,2,1.15,8,0.8,0.001,2.6666666666666665,890,,2
891,8,2,1.15,8,0.8,0.0001,2.6666666666666665,891,,3
892,8,2,1.15,8,0.8,1e-05,2.6666666666666665,892,,4
893,8,2,1.15,8,0.8,1e-06,2.6666666666666665,893,,5
894,8,2,1.15,8,0.9,0.1,2.6666666666666665,894,,6
895,8,2,1.15,8,0.9,0.01,2.6666666666666665,895,,7
896,8,2,1.15,8,0.9,0.001,2.6666666666666665,896,,0
897,8,2,1.15,8,0.9,0.0001,2.6666666666666665,897,,1
898,8,2,1.15,8,0.9,1e-05,2.6666666666666665,898,,2
899,8,2,1.15,8,0.9,1e-06,2.6666666666666665,899,,3
900,8,2,1.175,8,0.0,0.1,2.6666666666666665,900,,4
901,8,2,1.175,8,0.0,0.01,2.6666666666666665,901,,5
902,8,2,1.175,8,0.0,0.001,2.6666666666666665,902,,6
903,8,2,1.175,8,0.0,0.0001,2.6666666666666665,903,,7
904,8,2,1.175,8,0.0,1e-05,2.6666666666666665,904,,0
905,8,2,1.175,8,0.0,1e-06,2.6666666666666665,905,,1
906,8,2,1.175,8,0.01,0.1,2.6666666666666665,906,,2
907,8,2,1.175,8,0.01,0.01,2.6666666666666665,907,,3
908,8,2,1.175,8,0.01,0.001,2.6666666666666665,908,,4
909,8,2,1.175,8,0.01,0.0001,2.6666666666666665,909,,5
910,8,2,1.175,8,0.01,1e-05,2.6666666666666665,910,,6
911,8,2,1.175,8,0.01,1e-06,2.6666666666666665,911,,7
912,8,2,1.175,8,0.1,0.1,2.6666666666666665,912,,0
913,8,2,1.175,8,0.1,0.01,2.6666666666666665,913,,1
914,8,2,1.175,8,0.1,0.001,2.6666666666666665,914,,2
915,8,2,1.175,8,0.1,0.0001,2.6666666666666665,915,,3
916,8,2,1.175,8,0.1,1e-05,2.6666666666666665,916,,4
917,8,2,1.175,8,0.1,1e-06,2.6666666666666665,917,,5
918,8,2,1.175,8,0.2,0.1,2.6666666666666665,918,,6
919,8,2,1.175,8,0.2,0.01,2.6666666666666665,919,,7
920,8,2,1.175,8,0.2,0.001,2.6666666666666665,920,,0
921,8,2,1.175,8,0.2,0.0001,2.6666666666666665,921,,1
922,8,2,1.175,8,0.2,1e-05,2.6666666666666665,922,,2
923,8,2,1.175,8,0.2,1e-06,2.6666666666666665,923,,3
924,8,2,1.175,8,0.3,0.1,2.6666666666666665,924,,4
925,8,2,1.175,8,0.3,0.01,2.6666666666666665,925,,5
926,8,2,1.175,8,0.3,0.001,2.6666666666666665,926,,6
927,8,2,1.175,8,0.3,0.0001,2.6666666666666665,927,,7
928,8,2,1.175,8,0.3,1e-05,2.6666666666666665,928,,0
929,8,2,1.175,8,0.3,1e-06,2.6666666666666665,929,,1
930,8,2,1.175,8,0.4,0.1,2.6666666666666665,930,,2
931,8,2,1.175,8,0.4,0.01,2.6666666666666665,931,,3
932,8,2,1.175,8,0.4,0.001,2.6666666666666665,932,,4
933,8,2,1.175,8,0.4,0.0001,2.6666666666666665,933,,5
934,8,2,1.175,8,0.4,1e-05,2.6666666666666665,934,,6
935,8,2,1.175,8,0.4,1e-06,2.6666666666666665,935,,7
936,8,2,1.175,8,0.5,0.1,2.6666666666666665,936,,0
937,8,2,1.175,8,0.5,0.01,2.6666666666666665,937,,1
938,8,2,1.175,8,0.5,0.001,2.6666666666666665,938,,2
939,8,2,1.175,8,0.5,0.0001,2.6666666666666665,939,,3
940,8,2,1.175,8,0.5,1e-05,2.6666666666666665,940,,4
941,8,2,1.175,8,0.5,1e-06,2.6666666666666665,941,,5
942,8,2,1.175,8,0.6,0.1,2.6666666666666665,942,,6
943,8,2,1.175,8,0.6,0.01,2.6666666666666665,943,,7
944,8,2,1.175,8,0.6,0.001,2.6666666666666665,944,,0
945,8,2,1.175,8,0.6,0.0001,2.6666666666666665,945,,1
946,8,2,1.175,8,0.6,1e-05,2.6666666666666665,946,,2
947,8,2,1.175,8,0.6,1e-06,2.6666666666666665,947,,3
948,8,2,1.175,8,0.7,0.1,2.6666666666666665,948,,4
949,8,2,1.175,8,0.7,0.01,2.6666666666666665,949,,5
950,8,2,1.175,8,0.7,0.001,2.6666666666666665,950,,6
951,8,2,1.175,8,0.7,0.0001,2.6666666666666665,951,,7
952,8,2,1.175,8,0.7,1e-05,2.6666666666666665,952,,0
953,8,2,1.175,8,0.7,1e-06,2.6666666666666665,953,,1
954,8,2,1.175,8,0.8,0.1,2.6666666666666665,954,,2
955,8,2,1.175,8,0.8,0.01,2.6666666666666665,955,,3
956,8,2,1.175,8,0.8,0.001,2.6666666666666665,956,,4
957,8,2,1.175,8,0.8,0.0001,2.6666666666666665,957,,5
958,8,2,1.175,8,0.8,1e-05,2.6666666666666665,958,,6
959,8,2,1.175,8,0.8,1e-06,2.6666666666666665,959,,7
960,8,2,1.175,8,0.9,0.1,2.6666666666666665,960,,0
961,8,2,1.175,8,0.9,0.01,2.6666666666666665,961,,1
962,8,2,1.175,8,0.9,0.001,2.6666666666666665,962,,2
963,8,2,1.175,8,0.9,0.0001,2.6666666666666665,963,,3
964,8,2,1.175,8,0.9,1e-05,2.6666666666666665,964,,4
965,8,2,1.175,8,0.9,1e-06,2.6666666666666665,965,,5
966,8,2,1.2,8,0.0,0.1,2.6666666666666665,966,,6
967,8,2,1.2,8,0.0,0.01,2.6666666666666665,967,,7
968,8,2,1.2,8,0.0,0.001,2.6666666666666665,968,,0
969,8,2,1.2,8,0.0,0.0001,2.6666666666666665,969,,1
970,8,2,1.2,8,0.0,1e-05,2.6666666666666665,970,,2
971,8,2,1.2,8,0.0,1e-06,2.6666666666666665,971,,3
972,8,2,1.2,8,0.01,0.1,2.6666666666666665,972,,4
973,8,2,1.2,8,0.01,0.01,2.6666666666666665,973,,5
974,8,2,1.2,8,0.01,0.001,2.6666666666666665,974,,6
975,8,2,1.2,8,0.01,0.0001,2.6666666666666665,975,,7
976,8,2,1.2,8,0.01,1e-05,2.6666666666666665,976,,0
977,8,2,1.2,8,0.01,1e-06,2.6666666666666665,977,,1
978,8,2,1.2,8,0.1,0.1,2.6666666666666665,978,,2
979,8,2,1.2,8,0.1,0.01,2.6666666666666665,979,,3
980,8,2,1.2,8,0.1,0.001,2.6666666666666665,980,,4
981,8,2,1.2,8,0.1,0.0001,2.6666666666666665,981,,5
982,8,2,1.2,8,0.1,1e-05,2.6666666666666665,982,,6
983,8,2,1.2,8,0.1,1e-06,2.6666666666666665,983,,7
984,8,2,1.2,8,0.2,0.1,2.6666666666666665,984,,0
985,8,2,1.2,8,0.2,0.01,2.6666666666666665,985,,1
986,8,2,1.2,8,0.2,0.001,2.6666666666666665,986,,2
987,8,2,1.2,8,0.2,0.0001,2.6666666666666665,987,,3
988,8,2,1.2,8,0.2,1e-05,2.6666666666666665,988,,4
989,8,2,1.2,8,0.2,1e-06,2.6666666666666665,989,,5
990,8,2,1.2,8,0.3,0.1,2.6666666666666665,990,,6
991,8,2,1.2,8,0.3,0.01,2.6666666666666665,991,,7
992,8,2,1.2,8,0.3,0.001,2.6666666666666665,992,,0
993,8,2,1.2,8,0.3,0.0001,2.6666666666666665,993,,1
994,8,2,1.2,8,0.3,1e-05,2.6666666666666665,994,,2
995,8,2,1.2,8,0.3,1e-06,2.6666666666666665,995,,3
996,8,2,1.2,8,0.4,0.1,2.6666666666666665,996,,4
997,8,2,1.2,8,0.4,0.01,2.6666666666666665,997,,5
998,8,2,1.2,8,0.4,0.001,2.6666666666666665,998,,6
999,8,2,1.2,8,0.4,0.0001,2.6666666666666665,999,,7
1000,8,2,1.2,8,0.4,1e-05,2.6666666666666665,1000,,0
1001,8,2,1.2,8,0.4,1e-06,2.6666666666666665,1001,,1
1002,8,2,1.2,8,0.5,0.1,2.6666666666666665,1002,,2
1003,8,2,1.2,8,0.5,0.01,2.6666666666666665,1003,,3
1004,8,2,1.2,8,0.5,0.001,2.6666666666666665,1004,,4
1005,8,2,1.2,8,0.5,0.0001,2.6666666666666665,1005,,5
1006,8,2,1.2,8,0.5,1e-05,2.6666666666666665,1006,,6
1007,8,2,1.2,8,0.5,1e-06,2.6666666666666665,1007,,7
1008,8,2,1.2,8,0.7,0.001,2.6666666666666665,1008,,0
1009,8,2,1.2,8,0.7,0.0001,2.6666666666666665,1009,,1
1010,8,2,1.2,8,0.7,1e-05,2.6666666666666665,1010,,2
1011,8,2,1.2,8,0.7,1e-06,2.6666666666666665,1011,,3
1012,8,2,1.2,8,0.8,0.1,2.6666666666666665,1012,,4
1013,8,2,1.2,8,0.8,0.01,2.6666666666666665,1013,,5
1014,8,2,1.2,8,0.8,0.001,2.6666666666666665,1014,,6
1015,8,2,1.2,8,0.8,0.0001,2.6666666666666665,1015,,7
1016,8,2,1.2,8,0.8,1e-05,2.6666666666666665,1016,,0
1017,8,2,1.2,8,0.8,1e-06,2.6666666666666665,1017,,1
1018,8,2,1.2,8,0.9,0.1,2.6666666666666665,1018,,2
1019,8,2,1.2,8,0.9,0.01,2.6666666666666665,1019,,3
1020,8,2,1.2,8,0.9,0.001,2.6666666666666665,1020,,4
1021,8,2,1.2,8,0.9,0.0001,2.6666666666666665,1021,,5
1022,8,2,1.2,8,0.9,1e-05,2.6666666666666665,1022,,6
1023,8,2,1.2,8,0.9,1e-06,2.6666666666666665,1023,,7
0,8,2,0.95,8,0.9,0.1,2.6666666666666665,1024,,0
1,8,2,0.95,8,0.9,0.01,2.6666666666666665,1025,,1
2,8,2,0.95,8,0.9,0.001,2.6666666666666665,1026,,2
3,8,2,0.95,8,0.9,0.0001,2.6666666666666665,1027,,3
4,8,2,0.95,8,0.9,1e-05,2.6666666666666665,1028,,4
5,8,2,0.95,8,0.9,1e-06,2.6666666666666665,1029,,5
6,8,2,0.975,8,0.0,0.1,2.6666666666666665,1030,,6
7,8,2,0.975,8,0.0,0.01,2.6666666666666665,1031,,7
0,8,2,0.975,8,0.6,0.1,2.6666666666666665,1032,,0
1,8,2,0.975,8,0.6,0.01,2.6666666666666665,1033,,1
2,8,2,0.975,8,0.6,0.001,2.6666666666666665,1034,,2
3,8,2,0.975,8,0.6,0.0001,2.6666666666666665,1035,,3
4,8,2,0.975,8,0.6,1e-05,2.6666666666666665,1036,,4
5,8,2,0.975,8,0.6,1e-06,2.6666666666666665,1037,,5
6,8,2,0.975,8,0.7,0.1,2.6666666666666665,1038,,6
7,8,2,0.975,8,0.7,0.01,2.6666666666666665,1039,,7
0,8,2,1.1,8,0.2,0.1,2.6666666666666665,1040,,0
1,8,2,1.1,8,0.2,0.01,2.6666666666666665,1041,,1
2,8,2,1.1,8,0.2,0.001,2.6666666666666665,1042,,2
3,8,2,1.1,8,0.2,0.0001,2.6666666666666665,1043,,3
4,8,2,1.1,8,0.2,1e-05,2.6666666666666665,1044,,4
5,8,2,1.1,8,0.2,1e-06,2.6666666666666665,1045,,5
6,8,2,1.1,8,0.3,0.1,2.6666666666666665,1046,,6
7,8,2,1.1,8,0.3,0.01,2.6666666666666665,1047,,7
0,8,2,1.2,8,0.6,0.1,2.6666666666666665,1048,,0
1,8,2,1.2,8,0.6,0.01,2.6666666666666665,1049,,1
2,8,2,1.2,8,0.6,0.001,2.6666666666666665,1050,,2
3,8,2,1.2,8,0.6,0.0001,2.6666666666666665,1051,,3
4,8,2,1.2,8,0.6,1e-05,2.6666666666666665,1052,,4
5,8,2,1.2,8,0.6,1e-06,2.6666666666666665,1053,,5
6,8,2,1.2,8,0.7,0.1,2.6666666666666665,1054,,6
7,8,2,1.2,8,0.7,0.01,2.6666666666666665,1055,,7
