,time_step,stimulus,type,familiarity,novelty,n_im
0,0,0,fam,0.07692307692307693,2.5649493574615367,3
1,1,1,fam,0.07633587786259542,2.5726122302071057,3
2,2,2,fam,0.07575757575757576,2.580216829592325,3
3,3,0,fam,0.08270676691729323,2.4924538554233835,3
4,4,1,fam,0.08208955223880597,2.499944527152541,3
5,5,2,fam,0.08148148148148149,2.507379505640059,3
6,6,0,fam,0.08823529411764706,2.4277482359480516,3
7,7,1,fam,0.08759124087591241,2.4350742760401247,3
8,8,2,fam,0.08695652173913043,2.4423470353692043,3
9,9,0,fam,0.09352517985611511,2.369524575669155,3
10,10,1,fam,0.09285714285714286,2.3766930651477676,3
11,11,2,fam,0.09219858156028368,2.3838105329166317,3
12,12,0,fam,0.09859154929577464,2.316769727986002,3
13,13,1,fam,0.0979020979020979,2.3237873006446486,3
14,14,2,fam,0.09722222222222222,2.330755969960742,3
15,15,0,fam,0.10344827586206896,2.268683541318364,3
16,16,1,fam,0.10273972602739725,2.2755564206061263,3
17,17,2,fam,0.10204081632653061,2.2823823856765264,3
18,18,0,fam,0.10810810810810811,2.2246235515243336,3
19,19,1,fam,0.10738255033557047,2.231357583705678,3
20,20,2,fam,0.10666666666666667,2.2380465718564744,3
21,21,0,fam,0.11258278145695365,2.184066492758708,3
22,22,1,fam,0.1118421052631579,2.1906671767900603,3
23,23,2,fam,0.1111111111111111,2.1972245773362196,3
24,24,0,fam,0.11688311688311688,2.1465808445174646,3
25,25,1,fam,0.11612903225806452,2.153053359023082,3
26,26,2,fam,0.11538461538461539,2.159484249353372,3
27,27,0,fam,0.12101910828025478,2.1118068261818674,3
28,28,1,fam,0.12025316455696203,2.118156053860526,3
29,29,2,fam,0.11949685534591195,2.1244652230537913,3
30,30,0,fam,0.125,2.0794415416798357,3
31,31,1,fam,0.12422360248447205,2.085672091430472,3
32,32,2,fam,0.12345679012345678,2.0918640616783932,3
33,33,0,fam,0.12883435582822086,2.0492277630833393,3
34,34,1,fam,0.12804878048780488,2.0553439901007753,3
35,35,2,fam,0.12727272727272726,2.0614230361771577,3
36,36,0,fam,0.13253012048192772,2.020945334998227,3
37,37,1,fam,0.1317365269461078,2.0269513590584394,3
38,38,2,fam,0.13095238095238096,2.032921526044943,3
39,39,0,fam,0.13609467455621302,1.9944044989939238,3
40,40,1,fam,0.13529411764705881,2.000304221121112,3
41,41,2,fam,0.13450292397660818,2.00616934057351,3
42,42,0,fam,0.13953488372093023,1.9694406464655074,3
43,43,1,fam,0.13872832369942195,1.9752377641498333,3
44,44,2,fam,0.13793103448275862,1.9810014688665833,3
45,45,0,fam,0.14285714285714285,1.9459101490553135,3
46,46,1,fam,0.14204545454545456,1.951608170169951,3
47,47,2,fam,0.14124293785310735,1.9572739077056285,3
48,48,0,fam,0.14606741573033707,1.9236870122706031,3
49,49,1,fam,0.1452513966480447,1.9292892678192728,3
50,50,2,fam,0.14444444444444443,1.9348603128687285,3
51,51,0,fam,0.14917127071823205,1.9026601652614967,3
52,52,1,fam,0.14835164835164835,1.9081698210724662,3
53,53,3,nov,0.0546448087431694,2.9069010598473755,3
54,54,0,fam,0.15217391304347827,1.8827312474337816,3
55,55,1,fam,0.15135135135135136,1.8881513149031208,3
56,56,2,fam,0.14516129032258066,1.929909807708872,3
57,57,0,fam,0.15508021390374332,1.8638127868681125,3
58,58,1,fam,0.15425531914893617,1.869146132843475,3
59,59,2,fam,0.14814814814814814,1.9095425048844386,3
0,0,0,fam,0.07692307692307693,2.5649493574615367,6
1,1,1,fam,0.07633587786259542,2.5726122302071057,6
2,2,2,fam,0.07575757575757576,2.580216829592325,6
3,3,3,fam,0.07518796992481203,2.5877640352277083,6
4,4,4,fam,0.07462686567164178,2.5952547069568657,6
5,5,5,fam,0.07407407407407407,2.6026896854443837,6
6,6,0,fam,0.08088235294117647,2.5147596129376812,6
7,7,1,fam,0.08029197080291971,2.5220856530297544,6
8,8,2,fam,0.07971014492753623,2.5293584123588344,6
9,9,3,fam,0.07913669064748201,2.5365786603323213,6
10,10,4,fam,0.07857142857142857,2.5437471498109336,6
11,11,5,fam,0.07801418439716312,2.5508646175797978,6
12,12,0,fam,0.08450704225352113,2.4709204078132605,6
13,13,1,fam,0.08391608391608392,2.477937980471907,6
14,14,2,fam,0.08333333333333333,2.4849066497880004,6
15,15,3,fam,0.08275862068965517,2.4918270926325743,6
16,16,4,fam,0.0821917808219178,2.498699971920336,6
17,17,5,fam,0.08163265306122448,2.505525936990736,6
18,18,0,fam,0.08783783783783784,2.4322629163025784,6
19,19,1,fam,0.087248322147651,2.4389969484839225,6
20,20,2,fam,0.08666666666666667,2.445685936634719,6
21,21,3,fam,0.08609271523178808,2.4523304793533875,6
22,22,4,fam,0.08552631578947369,2.4589311633847397,6
23,23,5,fam,0.08496732026143791,2.4654885639308985,6
24,24,0,fam,0.09090909090909091,2.3978952727983707,6
25,25,1,fam,0.09032258064516129,2.404367787303988,6
26,26,2,fam,0.08974358974358974,2.4107986776342782,6
27,27,3,fam,0.08917197452229299,2.4171884757330493,6
28,28,4,fam,0.08860759493670886,2.423537703411708,6
29,29,5,fam,0.0880503144654088,2.429846872604973,6
30,30,0,fam,0.09375,2.367123614131617,6
31,31,1,fam,0.09316770186335403,2.373354163882253,6
32,32,2,fam,0.09259259259259259,2.379546134130174,6
33,33,3,fam,0.09202453987730061,2.3856999997045523,6
34,34,4,fam,0.09146341463414634,2.3918162267219882,6
35,35,5,fam,0.09090909090909091,2.3978952727983707,6
36,36,0,fam,0.0963855421686747,2.339399066116762,6
37,37,1,fam,0.09580838323353294,2.345405090176974,6
38,38,2,fam,0.09523809523809523,2.3513752571634776,6
39,39,3,fam,0.09467455621301775,2.3573099926832923,6
40,40,4,fam,0.09411764705882353,2.3632097148104805,6
41,41,5,fam,0.0935672514619883,2.3690748342628787,6
42,42,0,fam,0.09883720930232558,2.314281132757237,6
43,43,1,fam,0.09826589595375723,2.3200782504415627,6
44,44,2,fam,0.09770114942528736,2.325841955158313,6
45,45,3,fam,0.09714285714285714,2.331572629867298,6
46,46,4,fam,0.09659090909090909,2.3372706509819356,6
47,47,5,fam,0.096045197740113,2.342936388517613,6
48,48,0,fam,0.10112359550561797,2.2914117923959205,6
49,49,1,fam,0.1005586592178771,2.2970140479445904,6
50,50,2,fam,0.1,2.3025850929940455,6
51,51,3,fam,0.09944751381215469,2.308125273369661,6
52,52,4,fam,0.0989010989010989,2.3136349291806306,6
53,53,5,fam,0.09836065573770492,2.3191143949452564,6
54,54,0,fam,0.10326086956521739,2.270496778442545,6
55,55,1,fam,0.10270270270270271,2.275916845911884,6
56,56,2,fam,0.10215053763440861,2.2813076945467605,6
57,57,3,fam,0.10160427807486631,2.286669637688146,6
58,58,4,fam,0.10106382978723404,2.292002983663509,6
59,59,5,fam,0.10052910052910052,2.297308035893202,6
60,60,0,fam,0.10526315789473684,2.2512917986064953,6
61,61,1,fam,0.10471204188481675,2.256541154492639,6
62,62,2,fam,0.10416666666666667,2.2617630984737906,6
63,63,3,fam,0.10362694300518134,2.2669579153508947,6
64,64,4,fam,0.10309278350515463,2.2721258855093374,6
65,65,5,fam,0.10256410256410256,2.277267285009756,6
66,66,0,fam,0.10714285714285714,2.2335922215070942,6
67,67,1,fam,0.1065989847715736,2.2386812910145655,6
68,68,2,fam,0.10606060606060606,2.243744592971112,6
69,69,3,fam,0.10552763819095477,2.2487823870010692,6
70,70,4,fam,0.105,2.2537949288246137,6
71,71,5,fam,0.1044776119402985,2.2587824703356527,6
72,72,0,fam,0.10891089108910891,2.217225244042889,6
73,73,1,fam,0.10837438423645321,2.2221635256834715,6
74,74,2,fam,0.10784313725490197,2.2270775404859005,6
75,75,3,fam,0.1073170731707317,2.2319675257800924,6
76,76,4,fam,0.10679611650485436,2.236833715431265,6
77,77,5,fam,0.10628019323671498,2.241676339907053,6
78,78,0,fam,0.11057692307692307,2.202043863772168,6
79,79,1,fam,0.11004784688995216,2.2068400360356613,6
80,80,2,fam,0.10952380952380952,2.211613314788319,6
81,81,3,fam,0.10900473933649289,2.216363917546917,6
82,82,4,fam,0.10849056603773585,2.2210920587428626,6
83,83,5,fam,0.107981220657277,2.2257979497802753,6
84,84,0,fam,0.11214953271028037,2.187922184673906,6
85,85,1,fam,0.11162790697674418,2.192584197779717,6
86,86,2,fam,0.1111111111111111,2.1972245773362196,6
87,87,3,fam,0.11059907834101383,2.201843523192514,6
88,88,4,fam,0.11009174311926606,2.2064412324411435,6
89,89,5,fam,0.1095890410958904,2.211017899468555,6
90,90,0,fam,0.11363636363636363,2.174751721484161,6
91,91,1,fam,0.11312217194570136,2.179286876649552,6
92,92,2,fam,0.11261261261261261,2.1838015570040787,6
93,93,3,fam,0.11210762331838565,2.188295946591918,6
94,94,4,fam,0.11160714285714286,2.192770226986839,6
95,95,5,fam,0.1111111111111111,2.1972245773362196,6
96,96,0,fam,0.11504424778761062,2.1624384612508036,6
97,97,1,fam,0.1145374449339207,2.166853479459921,6
98,98,2,fam,0.11403508771929824,2.171249090932959,6
99,99,3,fam,0.11353711790393013,2.1756254655327574,6
100,100,4,fam,0.11304347826086956,2.1799827709017134,6
101,101,5,fam,0.11255411255411256,2.1843211725003115,6
102,102,0,fam,0.11637931034482758,2.1509005056619808,6
103,103,1,fam,0.11587982832618025,2.1552015875613715,6
104,104,2,fam,0.11538461538461539,2.159484249353372,6
105,105,3,fam,0.1148936170212766,2.16374864813983,6
106,106,4,fam,0.11440677966101695,2.167994939021281,6
107,107,6,nov,0.04219409282700422,3.1654750481410856,6
108,108,0,fam,0.11764705882352941,2.1400661634962708,6
109,109,1,fam,0.11715481171548117,2.1442590417563068,6
110,110,2,fam,0.11666666666666667,2.1484344131667874,6
111,111,3,fam,0.11618257261410789,2.152592423315451,6
112,112,4,fam,0.11570247933884298,2.1567332159814825,6
113,113,5,fam,0.1111111111111111,2.1972245773362196,6
114,114,0,fam,0.11885245901639344,2.129872395306728,6
115,115,1,fam,0.11836734693877551,2.133962380558253,6
116,116,2,fam,0.11788617886178862,2.1380357059458888,6
117,117,3,fam,0.11740890688259109,2.1420925066415033,6
118,118,4,fam,0.11693548387096774,2.1461329161785083,6
119,119,5,fam,0.11244979919678715,2.1852483862895036,6
0,0,0,fam,0.07692307692307693,2.5649493574615367,9
1,1,1,fam,0.07633587786259542,2.5726122302071057,9
2,2,2,fam,0.07575757575757576,2.580216829592325,9
3,3,3,fam,0.07518796992481203,2.5877640352277083,9
4,4,4,fam,0.07462686567164178,2.5952547069568657,9
5,5,5,fam,0.07407407407407407,2.6026896854443837,9
6,6,6,fam,0.07352941176470588,2.6100697927420065,9
7,7,7,fam,0.072992700729927,2.617395832834079,9
8,8,8,fam,0.07246376811594203,2.624668592163159,9
9,9,0,fam,0.07913669064748201,2.5365786603323213,9
10,10,1,fam,0.07857142857142857,2.5437471498109336,9
11,11,2,fam,0.07801418439716312,2.5508646175797978,9
12,12,3,fam,0.07746478873239436,2.55793178480289,9
13,13,4,fam,0.07692307692307693,2.5649493574615367,9
14,14,5,fam,0.0763888888888889,2.57191802677763,9
15,15,6,fam,0.07586206896551724,2.578838469622204,9
16,16,7,fam,0.07534246575342465,2.585711348909966,9
17,17,8,fam,0.07482993197278912,2.592537313980366,9
18,18,0,fam,0.08108108108108109,2.512305623976115,9
19,19,1,fam,0.08053691275167785,2.519039656157459,9
20,20,2,fam,0.08,2.5257286443082556,9
21,21,3,fam,0.07947019867549669,2.532373187026924,9
22,22,4,fam,0.07894736842105263,2.538973871058276,9
23,23,5,fam,0.0784313725490196,2.5455312716044354,9
24,24,6,fam,0.07792207792207792,2.5520459526256287,9
25,25,7,fam,0.07741935483870968,2.5585184671312464,9
26,26,8,fam,0.07692307692307693,2.5649493574615367,9
27,27,0,fam,0.08280254777070063,2.4912964478867714,9
28,28,1,fam,0.08227848101265822,2.49764567556543,9
29,29,2,fam,0.08176100628930817,2.503954844758695,9
30,30,3,fam,0.08125,2.5102244577722903,9
31,31,4,fam,0.08074534161490683,2.5164550075229264,9
32,32,5,fam,0.08024691358024691,2.5226469777708473,9
33,33,6,fam,0.07975460122699386,2.5288008433452256,9
34,34,7,fam,0.07926829268292683,2.5349170703626616,9
35,35,8,fam,0.07878787878787878,2.540996116439044,9
36,36,0,fam,0.08433734939759036,2.472930458741285,9
37,37,1,fam,0.08383233532934131,2.4789364828014966,9
38,38,2,fam,0.08333333333333333,2.4849066497880004,9
39,39,3,fam,0.08284023668639054,2.4908413853078146,9
40,40,4,fam,0.08235294117647059,2.496741107435003,9
41,41,5,fam,0.08187134502923976,2.5026062268874014,9
42,42,6,fam,0.08139534883720931,2.5084371471981943,9
43,43,7,fam,0.08092485549132948,2.5142342648825204,9
44,44,8,fam,0.08045977011494253,2.5199979695992702,9
45,45,0,fam,0.08571428571428572,2.456735772821304,9
46,46,1,fam,0.08522727272727272,2.4624337939359418,9
47,47,2,fam,0.0847457627118644,2.468099531471619,9
48,48,3,fam,0.08426966292134831,2.473733349189875,9
49,49,4,fam,0.08379888268156424,2.479335604738545,9
50,50,5,fam,0.08333333333333333,2.4849066497880004,9
51,51,6,fam,0.08287292817679558,2.4904468301636156,9
52,52,7,fam,0.08241758241758242,2.495956485974585,9
53,53,8,fam,0.08196721311475409,2.501435951739211,9
54,54,0,fam,0.08695652173913043,2.4423470353692043,9
55,55,1,fam,0.08648648648648649,2.4477671028385437,9
56,56,2,fam,0.08602150537634409,2.45315795147342,9
57,57,3,fam,0.0855614973262032,2.4585198946148052,9
58,58,4,fam,0.0851063829787234,2.463853240590168,9
59,59,5,fam,0.08465608465608465,2.469158292819861,9
60,60,6,fam,0.08421052631578947,2.474435349920705,9
61,61,7,fam,0.08376963350785341,2.4796847058068487,9
62,62,8,fam,0.08333333333333333,2.4849066497880004,9
63,63,0,fam,0.08808290155440414,2.4294768448486694,9
64,64,1,fam,0.08762886597938144,2.434644815007112,9
65,65,2,fam,0.08717948717948718,2.4397862145075306,9
66,66,3,fam,0.08673469387755102,2.444901315174301,9
67,67,4,fam,0.08629441624365482,2.4499903846817723,9
68,68,5,fam,0.08585858585858586,2.455053686638319,9
69,69,6,fam,0.08542713567839195,2.4600914806682765,9
70,70,7,fam,0.085,2.4651040224918206,9
71,71,8,fam,0.0845771144278607,2.4700915640028596,9
72,72,0,fam,0.0891089108910891,2.41789593950504,9
73,73,1,fam,0.08866995073891626,2.4228342211456226,9
74,74,2,fam,0.08823529411764706,2.4277482359480516,9
75,75,3,fam,0.08780487804878048,2.4326382212422435,9
76,76,4,fam,0.08737864077669903,2.4375044108934163,9
77,77,5,fam,0.08695652173913043,2.4423470353692043,9
78,78,6,fam,0.08653846153846154,2.4471663218051534,9
79,79,7,fam,0.0861244019138756,2.4519624940686464,9
80,80,8,fam,0.08571428571428572,2.456735772821304,9
81,81,0,fam,0.09004739336492891,2.407419154309626,9
82,82,1,fam,0.08962264150943396,2.412147295505572,9
83,83,2,fam,0.0892018779342723,2.4168531865429848,9
84,84,3,fam,0.08878504672897196,2.421537035855411,9
85,85,4,fam,0.08837209302325581,2.426199048961222,9
86,86,5,fam,0.08796296296296297,2.4308394285177246,9
87,87,6,fam,0.08755760368663594,2.435458374374019,9
88,88,7,fam,0.0871559633027523,2.4400560836226486,9
89,89,8,fam,0.0867579908675799,2.4446327506500602,9
90,90,0,fam,0.09090909090909091,2.3978952727983707,9
91,91,1,fam,0.09049773755656108,2.402430427963762,9
92,92,2,fam,0.09009009009009009,2.4069451083182885,9
93,93,3,fam,0.08968609865470852,2.411439497906128,9
94,94,4,fam,0.08928571428571429,2.4159137783010487,9
95,95,5,fam,0.08888888888888889,2.4203681286504293,9
96,96,6,fam,0.08849557522123894,2.424802725718295,9
97,97,7,fam,0.0881057268722467,2.4292177439274116,9
98,98,8,fam,0.08771929824561403,2.4336133554004498,9
99,99,0,fam,0.09170305676855896,2.3891995658308165,9
100,100,1,fam,0.09130434782608696,2.3935568711997726,9
101,101,2,fam,0.09090909090909091,2.3978952727983707,9
102,102,3,fam,0.09051724137931035,2.402214933942887,9
103,103,4,fam,0.09012875536480687,2.4065160158422776,9
104,104,5,fam,0.08974358974358974,2.4107986776342782,9
105,105,6,fam,0.08936170212765958,2.415063076420736,9
106,106,7,fam,0.08898305084745763,2.419309367302187,9
107,107,8,fam,0.08860759493670886,2.423537703411708,9
108,108,0,fam,0.09243697478991597,2.381228220313159,9
109,109,1,fam,0.09205020920502092,2.385421098573195,9
110,110,2,fam,0.09166666666666666,2.3895964699836756,9
111,111,3,fam,0.0912863070539419,2.393754480132339,9
112,112,4,fam,0.09090909090909091,2.3978952727983707,9
113,113,5,fam,0.09053497942386832,2.4020189899822326,9
114,114,6,fam,0.09016393442622951,2.406125771934886,9
115,115,7,fam,0.08979591836734693,2.4102157571864113,9
116,116,8,fam,0.08943089430894309,2.414289082574047,9
117,117,0,fam,0.0931174089068826,2.3738941206988273,9
118,118,1,fam,0.09274193548387097,2.3779345302358323,9
119,119,2,fam,0.09236947791164658,2.381958680535558,9
120,120,3,fam,0.092,2.385966701933097,9
121,121,4,fam,0.09163346613545817,2.3899587232026342,9
122,122,5,fam,0.09126984126984126,2.3939348715822737,9
123,123,6,fam,0.09090909090909091,2.3978952727983707,9
124,124,7,fam,0.09055118110236221,2.401840051089387,9
125,125,8,fam,0.09019607843137255,2.4057693292292766,9
126,126,0,fam,0.09375,2.367123614131617,9
127,127,1,fam,0.0933852140077821,2.3710222545472743,9
128,128,2,fam,0.09302325581395349,2.374905754573672,9
129,129,3,fam,0.09266409266409266,2.378774231351592,9
130,130,4,fam,0.09230769230769231,2.382627800667582,9
131,131,5,fam,0.09195402298850575,2.386466576974748,9
132,132,6,fam,0.0916030534351145,2.3902906734131513,9
133,133,7,fam,0.09125475285171103,2.394100201829819,9
134,134,8,fam,0.09090909090909091,2.3978952727983707,9
135,135,0,fam,0.09433962264150944,2.3608540011180215,9
136,136,1,fam,0.09398496240601503,2.3646204839134985,9
137,137,2,fam,0.09363295880149813,2.3683728335320486,9
138,138,3,fam,0.09328358208955224,2.372111155642656,9
139,139,4,fam,0.09293680297397769,2.3758355547336385,9
140,140,5,fam,0.09259259259259259,2.379546134130174,9
141,141,6,fam,0.09225092250922509,2.3832429960115,9
142,142,7,fam,0.09191176470588236,2.3869262414277963,9
143,143,8,fam,0.09157509157509157,2.390595970316759,9
144,144,0,fam,0.0948905109489051,2.3550315683665883,9
145,145,1,fam,0.09454545454545454,2.358674559645089,9
146,146,2,fam,0.09420289855072464,2.362304327695668,9
147,147,3,fam,0.09386281588447654,2.3659209681658564,9
148,148,4,fam,0.09352517985611511,2.369524575669155,9
149,149,5,fam,0.0931899641577061,2.3731152437998837,9
150,150,6,fam,0.09285714285714286,2.3766930651477676,9
151,151,7,fam,0.09252669039145907,2.3802581313122637,9
152,152,8,fam,0.09219858156028368,2.3838105329166317,9
153,153,0,fam,0.09540636042402827,2.3496100316389086,9
154,154,1,fam,0.09507042253521127,2.353137372156877,9
155,155,2,fam,0.09473684210526316,2.356652314264321,9
156,156,3,fam,0.0944055944055944,2.3601549448155237,9
157,157,4,fam,0.09407665505226481,2.363645349755292,9
158,158,5,fam,0.09375,2.367123614131617,9
159,159,6,fam,0.09342560553633218,2.370589822108103,9
160,160,7,fam,0.09310344827586207,2.3740440569761905,9
161,161,9,nov,0.03436426116838488,3.370738174177447,9
162,162,0,fam,0.0958904109589041,2.344549292093078,9
163,163,1,fam,0.09556313993174062,2.3479680988418634,9
164,164,2,fam,0.09523809523809523,2.3513752571634776,9
165,165,3,fam,0.09491525423728814,2.354770846164616,9
166,166,4,fam,0.0945945945945946,2.3581549441488563,9
167,167,5,fam,0.09427609427609428,2.3615276286274955,9
168,168,6,fam,0.09395973154362416,2.3648889763302003,9
169,169,7,fam,0.09364548494983277,2.3682390632154826,9
170,170,8,fam,0.09,2.4079456086518722,9
171,171,0,fam,0.09634551495016612,2.3398144347624017,9
172,172,1,fam,0.09602649006622517,2.3431311873883955,9
173,173,2,fam,0.09570957095709572,2.346436975522895,9
174,174,3,fam,0.09539473684210527,2.3497318714197477,9
175,175,4,fam,0.09508196721311475,2.3530159466209377,9
176,176,5,fam,0.09477124183006536,2.356289271965907,9
177,177,6,fam,0.09446254071661238,2.359551917600723,9
178,178,7,fam,0.09415584415584416,2.3628039529871003,9
179,179,8,fam,0.09061488673139159,2.4011367667225416,9
0,0,0,fam,0.07692307692307693,2.5649493574615367,12
1,1,1,fam,0.07633587786259542,2.5726122302071057,12
2,2,2,fam,0.07575757575757576,2.580216829592325,12
3,3,3,fam,0.07518796992481203,2.5877640352277083,12
4,4,4,fam,0.07462686567164178,2.5952547069568657,12
5,5,5,fam,0.07407407407407407,2.6026896854443837,12
6,6,6,fam,0.07352941176470588,2.6100697927420065,12
7,7,7,fam,0.072992700729927,2.617395832834079,12
8,8,8,fam,0.07246376811594203,2.624668592163159,12
9,9,9,fam,0.07194244604316546,2.631888840136646,12
10,10,10,fam,0.07142857142857142,2.639057329615259,12
11,11,11,fam,0.07092198581560284,2.6461747973841225,12
12,12,0,fam,0.07746478873239436,2.55793178480289,12
13,13,1,fam,0.07692307692307693,2.5649493574615367,12
14,14,2,fam,0.0763888888888889,2.57191802677763,12
15,15,3,fam,0.07586206896551724,2.578838469622204,12
16,16,4,fam,0.07534246575342465,2.585711348909966,12
17,17,5,fam,0.07482993197278912,2.592537313980366,12
18,18,6,fam,0.07432432432432433,2.5993170009657445,12
19,19,7,fam,0.0738255033557047,2.6060510331470885,12
20,20,8,fam,0.07333333333333333,2.6127400212978853,12
21,21,9,fam,0.0728476821192053,2.6193845640165536,12
22,22,10,fam,0.07236842105263158,2.625985248047906,12
23,23,11,fam,0.0718954248366013,2.632542648594065,12
24,24,0,fam,0.07792207792207792,2.5520459526256287,12
25,25,1,fam,0.07741935483870968,2.5585184671312464,12
26,26,2,fam,0.07692307692307693,2.5649493574615367,12
27,27,3,fam,0.07643312101910828,2.571339155560308,12
28,28,4,fam,0.0759493670886076,2.5776883832389665,12
29,29,5,fam,0.07547169811320754,2.583997552432231,12
30,30,6,fam,0.075,2.5902671654458267,12
31,31,7,fam,0.07453416149068323,2.5964977151964628,12
32,32,8,fam,0.07407407407407407,2.6026896854443837,12
33,33,9,fam,0.0736196319018405,2.608843551018762,12
34,34,10,fam,0.07317073170731707,2.6149597780361984,12
35,35,11,fam,0.07272727272727272,2.6210388241125804,12
36,36,0,fam,0.0783132530120482,2.5470384308950065,12
37,37,1,fam,0.07784431137724551,2.5530444549552183,12
38,38,2,fam,0.07738095238095238,2.559014621941722,12
39,39,3,fam,0.07692307692307693,2.5649493574615367,12
40,40,4,fam,0.07647058823529412,2.570849079588725,12
41,41,5,fam,0.07602339181286549,2.576714199041123,12
42,42,6,fam,0.0755813953488372,2.5825451193519164,12
43,43,7,fam,0.07514450867052024,2.588342237036242,12
44,44,8,fam,0.07471264367816093,2.5941059417529924,12
45,45,9,fam,0.07428571428571429,2.5998366164619773,12
46,46,10,fam,0.07386363636363637,2.605534637576615,12
47,47,11,fam,0.07344632768361582,2.6112003751122925,12
48,48,0,fam,0.07865168539325842,2.5427262206768266,12
49,49,1,fam,0.0782122905027933,2.5483284762254965,12
50,50,2,fam,0.07777777777777778,2.5538995212749516,12
51,51,3,fam,0.07734806629834254,2.5594397016505672,12
52,52,4,fam,0.07692307692307693,2.5649493574615367,12
53,53,5,fam,0.07650273224043716,2.5704288232261625,12
54,54,6,fam,0.07608695652173914,2.575878427993727,12
55,55,7,fam,0.07567567567567568,2.581298495463066,12
56,56,8,fam,0.07526881720430108,2.5866893440979424,12
57,57,9,fam,0.0748663101604278,2.592051287239328,12
58,58,10,fam,0.07446808510638298,2.597384633214691,12
59,59,11,fam,0.07407407407407407,2.6026896854443837,12
60,60,0,fam,0.07894736842105263,2.538973871058276,12
61,61,1,fam,0.07853403141361257,2.54422322694442,12
62,62,2,fam,0.078125,2.5494451709255714,12
63,63,3,fam,0.07772020725388601,2.5546399878026755,12
64,64,4,fam,0.07731958762886598,2.559807957961118,12
65,65,5,fam,0.07692307692307693,2.5649493574615367,12
66,66,6,fam,0.07653061224489796,2.570064458128307,12
67,67,7,fam,0.07614213197969544,2.5751535276357784,12
68,68,8,fam,0.07575757575757576,2.580216829592325,12
69,69,9,fam,0.07537688442211055,2.585254623622282,12
70,70,10,fam,0.075,2.5902671654458267,12
71,71,11,fam,0.07462686567164178,2.5952547069568657,12
72,72,0,fam,0.07920792079207921,2.5356789751614235,12
73,73,1,fam,0.07881773399014778,2.540617256802006,12
74,74,2,fam,0.0784313725490196,2.5455312716044354,12
75,75,3,fam,0.07804878048780488,2.550421256898627,12
76,76,4,fam,0.07766990291262135,2.5552874465498,12
77,77,5,fam,0.07729468599033816,2.560130071025588,12
78,78,6,fam,0.07692307692307693,2.5649493574615367,12
79,79,7,fam,0.07655502392344497,2.56974552972503,12
80,80,8,fam,0.0761904761904762,2.5745188084776873,12
81,81,9,fam,0.07582938388625593,2.579269411236285,12
82,82,10,fam,0.07547169811320754,2.583997552432231,12
83,83,11,fam,0.07511737089201878,2.588703443469644,12
84,84,0,fam,0.0794392523364486,2.5327626709656355,12
85,85,1,fam,0.07906976744186046,2.5374246840714467,12
86,86,2,fam,0.0787037037037037,2.5420650636279487,12
87,87,3,fam,0.07834101382488479,2.5466840094842436,12
88,88,4,fam,0.0779816513761468,2.5512817187328727,12
89,89,5,fam,0.0776255707762557,2.555858385760285,12
90,90,6,fam,0.07727272727272727,2.5604142022961454,12
91,91,7,fam,0.07692307692307693,2.5649493574615367,12
92,92,8,fam,0.07657657657657657,2.5694640378160636,12
93,93,9,fam,0.07623318385650224,2.5739584274039027,12
94,94,10,fam,0.07589285714285714,2.578432707798824,12
95,95,11,fam,0.07555555555555556,2.582887058148204,12
96,96,0,fam,0.07964601769911504,2.5301632413761213,12
97,97,1,fam,0.07929515418502203,2.534578259585238,12
98,98,2,fam,0.07894736842105263,2.538973871058276,12
99,99,3,fam,0.07860262008733625,2.543350245658075,12
100,100,4,fam,0.0782608695652174,2.5477075510270306,12
101,101,5,fam,0.07792207792207792,2.5520459526256287,12
102,102,6,fam,0.07758620689655173,2.5563656137701454,12
103,103,7,fam,0.07725321888412018,2.5606666956695356,12
104,104,8,fam,0.07692307692307693,2.5649493574615367,12
105,105,9,fam,0.07659574468085106,2.5692137562479944,12
106,106,10,fam,0.07627118644067797,2.573460047129445,12
107,107,11,fam,0.0759493670886076,2.5776883832389665,12
108,108,0,fam,0.07983193277310924,2.5278316945050343,12
109,109,1,fam,0.0794979079497908,2.5320245727650703,12
110,110,2,fam,0.07916666666666666,2.536199944175551,12
111,111,3,fam,0.07883817427385892,2.5403579543242145,12
112,112,4,fam,0.07851239669421488,2.544498746990246,12
113,113,5,fam,0.07818930041152264,2.548622464174108,12
114,114,6,fam,0.0778688524590164,2.5527292461267614,12
115,115,7,fam,0.07755102040816327,2.5568192313782867,12
116,116,8,fam,0.07723577235772358,2.560892556765922,12
117,117,9,fam,0.07692307692307693,2.5649493574615367,12
118,118,10,fam,0.07661290322580645,2.5689897669985418,12
119,119,11,fam,0.07630522088353414,2.573013917298267,12
120,120,0,fam,0.08,2.5257286443082556,12
121,121,1,fam,0.0796812749003984,2.529720665577793,12
122,122,2,fam,0.07936507936507936,2.5336968139574325,12
123,123,3,fam,0.07905138339920949,2.537657215173529,12
124,124,4,fam,0.07874015748031496,2.5416019934645457,12
125,125,5,fam,0.0784313725490196,2.5455312716044354,12
126,126,6,fam,0.078125,2.5494451709255714,12
127,127,7,fam,0.07782101167315175,2.553343811341229,12
128,128,8,fam,0.07751937984496124,2.5572273113676265,12
129,129,9,fam,0.07722007722007722,2.561095788145547,12
130,130,10,fam,0.07692307692307693,2.5649493574615367,12
131,131,11,fam,0.07662835249042145,2.5687881337687024,12
132,132,0,fam,0.08015267175572519,2.523822066037674,12
133,133,1,fam,0.07984790874524715,2.5276315944543417,12
134,134,2,fam,0.07954545454545454,2.531426665422893,12
135,135,3,fam,0.07924528301886792,2.5352073882627995,12
136,136,4,fam,0.07894736842105263,2.538973871058276,12
137,137,5,fam,0.07865168539325842,2.5427262206768266,12
138,138,6,fam,0.07835820895522388,2.5464645427874335,12
139,139,7,fam,0.07806691449814127,2.550188941878416,12
140,140,8,fam,0.07777777777777778,2.5538995212749516,12
141,141,9,fam,0.07749077490774908,2.557596383156278,12
142,142,10,fam,0.07720588235294118,2.5612796285725743,12
143,143,11,fam,0.07692307692307693,2.5649493574615367,12
144,144,0,fam,0.08029197080291971,2.5220856530297544,12
145,145,1,fam,0.08,2.5257286443082556,12
146,146,2,fam,0.07971014492753623,2.5293584123588344,12
147,147,3,fam,0.07942238267148015,2.5329750528290225,12
148,148,4,fam,0.07913669064748201,2.5365786603323213,12
149,149,5,fam,0.07885304659498207,2.5401693284630498,12
150,150,6,fam,0.07857142857142857,2.5437471498109336,12
151,151,7,fam,0.07829181494661921,2.54731221597543,12
152,152,8,fam,0.07801418439716312,2.5508646175797978,12
153,153,9,fam,0.07773851590106007,2.5544044442849216,12
154,154,10,fam,0.07746478873239436,2.55793178480289,12
155,155,11,fam,0.07719298245614035,2.5614467269103347,12
156,156,0,fam,0.08041958041958042,2.520497594890703,12
157,157,1,fam,0.08013937282229965,2.5239879998304713,12
158,158,2,fam,0.0798611111111111,2.5274662642067964,12
159,159,3,fam,0.07958477508650519,2.5309324721832827,12
160,160,4,fam,0.07931034482758621,2.53438670705137,12
161,161,5,fam,0.07903780068728522,2.5378290512423427,12
162,162,6,fam,0.07876712328767123,2.541259586339132,12
163,163,7,fam,0.07849829351535836,2.5446783930879175,12
164,164,8,fam,0.0782312925170068,2.5480855514095317,12
165,165,9,fam,0.07796610169491526,2.55148114041067,12
166,166,10,fam,0.0777027027027027,2.554865238394911,12
167,167,11,fam,0.07744107744107744,2.55823792287355,12
168,168,0,fam,0.08053691275167785,2.519039656157459,12
169,169,1,fam,0.0802675585284281,2.5223897430427407,12
170,170,2,fam,0.08,2.5257286443082556,12
171,171,3,fam,0.07973421926910298,2.52905643440093,12
172,172,4,fam,0.07947019867549669,2.532373187026924,12
173,173,5,fam,0.07920792079207921,2.5356789751614235,12
174,174,6,fam,0.07894736842105263,2.538973871058276,12
175,175,7,fam,0.07868852459016394,2.542257946259466,12
176,176,8,fam,0.0784313725490196,2.5455312716044354,12
177,177,9,fam,0.0781758957654723,2.5487939172392515,12
178,178,10,fam,0.07792207792207792,2.5520459526256287,12
179,179,11,fam,0.07766990291262135,2.5552874465498,12
180,180,0,fam,0.08064516129032258,2.517696472610991,12
181,181,1,fam,0.08038585209003216,2.5209170873110334,12
182,182,2,fam,0.08012820512820513,2.5241273629412815,12
183,183,3,fam,0.07987220447284345,2.5273273656719524,12
184,184,4,fam,0.07961783439490445,2.5305171610400525,12
185,185,5,fam,0.07936507936507936,2.5336968139574325,12
186,186,6,fam,0.07911392405063292,2.5368663887187113,12
187,187,7,fam,0.07886435331230283,2.5400259490090797,12
188,188,8,fam,0.07861635220125786,2.543175557911976,12
189,189,9,fam,0.07836990595611286,2.546315277916644,12
190,190,10,fam,0.078125,2.5494451709255714,12
191,191,11,fam,0.0778816199376947,2.552565298261815,12
192,192,0,fam,0.08074534161490683,2.5164550075229264,12
193,193,1,fam,0.0804953560371517,2.5195557852011743,12
194,194,2,fam,0.08024691358024691,2.5226469777708473,12
195,195,3,fam,0.08,2.5257286443082556,12
196,196,4,fam,0.07975460122699386,2.5288008433452256,12
197,197,5,fam,0.07951070336391437,2.5318636328757713,12
198,198,6,fam,0.07926829268292683,2.5349170703626616,12
199,199,7,fam,0.0790273556231003,2.5379612127438897,12
200,200,8,fam,0.07878787878787878,2.540996116439044,12
201,201,9,fam,0.07854984894259819,2.5440218373555807,12
202,202,10,fam,0.0783132530120482,2.5470384308950065,12
203,203,11,fam,0.07807807807807808,2.5500459519589618,12
204,204,0,fam,0.08083832335329341,2.5153041269723713,12
205,205,1,fam,0.08059701492537313,2.5182936658207375,12
206,206,2,fam,0.08035714285714286,2.521274293958875,12
207,207,3,fam,0.08011869436201781,2.5242460643480324,12
208,208,4,fam,0.07988165680473373,2.5272090294786898,12
209,209,5,fam,0.07964601769911504,2.5301632413761213,12
210,210,6,fam,0.07941176470588235,2.533108751605878,12
211,211,7,fam,0.07917888563049853,2.536045611279188,12
212,212,8,fam,0.07894736842105263,2.538973871058276,12
213,213,9,fam,0.07871720116618076,2.541893581161611,12
214,214,10,fam,0.07848837209302326,2.5448047913690695,12
215,215,12,nov,0.028985507246376812,3.5409593240373143,12
216,216,0,fam,0.08092485549132948,2.5142342648825204,12
217,217,1,fam,0.08069164265129683,2.5171202697716555,12
218,218,2,fam,0.08045977011494253,2.5199979695992702,12
219,219,3,fam,0.08022922636103152,2.522867412027223,12
220,220,4,fam,0.08,2.5257286443082556,12
221,221,5,fam,0.07977207977207977,2.528581713290662,12
222,222,6,fam,0.07954545454545454,2.531426665422893,12
223,223,7,fam,0.07932011331444759,2.5342635467580927,12
224,224,8,fam,0.07909604519774012,2.5370924029585704,12
225,225,9,fam,0.07887323943661972,2.5399132793002117,12
226,226,10,fam,0.07865168539325842,2.5427262206768266,12
227,227,11,fam,0.07563025210084033,2.58189891577531,12
228,228,0,fam,0.08100558659217877,2.513237156414226,12
229,229,1,fam,0.0807799442896936,2.516026558501805,12
230,230,2,fam,0.08055555555555556,2.5188082014636817,12
231,231,3,fam,0.08033240997229917,2.521582128346407,12
232,232,4,fam,0.08011049723756906,2.524348381839297,12
233,233,5,fam,0.07988980716253444,2.5271070042783768,12
234,234,6,fam,0.07967032967032966,2.529858037650267,12
235,235,7,fam,0.07945205479452055,2.5326015235960173,12
236,236,8,fam,0.07923497267759563,2.535337503414892,12
237,237,9,fam,0.07901907356948229,2.538066018068096,12
238,238,10,fam,0.07880434782608696,2.5407871081824567,12
239,239,11,fam,0.07588075880758807,2.5785921338653233,12
