	subID	subRew	epi	it	state	reward_received	goal_state
0	B5	0	0	0	0	0	False
1	B5	0	0	1	1	0	False
2	B5	0	0	2	3	0	False
3	B5	0	0	3	6	0	False
4	B5	0	0	4	13	0	False
5	B5	0	0	5	26	0	False
6	B5	0	0	6	53	0	False
7	B5	0	0	7	106	0	False
8	B5	0	0	8	53	0	False
9	B5	0	0	9	26	0	False
10	B5	0	0	10	52	0	False
11	B5	0	0	11	104	0	False
12	B5	0	0	12	52	0	False
13	B5	0	0	13	105	0	False
14	B5	0	0	14	52	0	False
15	B5	0	0	15	26	0	False
16	B5	0	0	16	52	0	False
17	B5	0	0	17	104	0	False
18	B5	0	0	18	52	0	False
19	B5	0	0	19	26	0	False
20	B5	0	0	20	53	0	False
21	B5	0	0	21	106	0	False
22	B5	0	0	22	53	0	False
23	B5	0	0	23	107	0	False
24	B5	0	0	24	53	0	False
25	B5	0	0	25	26	0	False
26	B5	0	0	26	52	0	False
27	B5	0	0	27	105	0	False
28	B5	0	0	28	52	0	False
29	B5	0	0	29	104	0	False
30	B5	0	0	30	52	0	False
31	B5	0	0	31	26	0	False
32	B5	0	0	32	13	0	False
33	B5	0	0	33	6	0	False
34	B5	0	0	34	12	0	False
35	B5	0	0	35	24	0	False
36	B5	0	0	36	48	0	False
37	B5	0	0	37	96	0	False
38	B5	0	0	38	48	0	False
39	B5	0	0	39	24	0	False
40	B5	0	0	40	49	0	False
41	B5	0	0	41	98	0	False
42	B5	0	0	42	49	0	False
43	B5	0	0	43	24	0	False
44	B5	0	0	44	48	0	False
45	B5	0	0	45	96	0	False
46	B5	0	0	46	48	0	False
47	B5	0	0	47	97	0	False
48	B5	0	0	48	48	0	False
49	B5	0	0	49	24	0	False
50	B5	0	0	50	49	0	False
51	B5	0	0	51	24	0	False
52	B5	0	0	52	12	0	False
53	B5	0	0	53	25	0	False
54	B5	0	0	54	50	0	False
55	B5	0	0	55	101	0	False
56	B5	0	0	56	50	0	False
57	B5	0	0	57	100	0	False
58	B5	0	0	58	50	0	False
59	B5	0	0	59	101	0	False
60	B5	0	0	60	50	0	False
61	B5	0	0	61	25	0	False
62	B5	0	0	62	51	0	False
63	B5	0	0	63	103	0	False
64	B5	0	0	64	51	0	False
65	B5	0	0	65	102	0	False
66	B5	0	0	66	51	0	False
67	B5	0	0	67	103	0	False
68	B5	0	0	68	51	0	False
69	B5	0	0	69	25	0	False
70	B5	0	0	70	50	0	False
71	B5	0	0	71	101	0	False
72	B5	0	0	72	50	0	False
73	B5	0	0	73	100	0	False
74	B5	0	0	74	50	0	False
75	B5	0	0	75	25	0	False
76	B5	0	0	76	51	0	False
77	B5	0	0	77	102	0	False
78	B5	0	0	78	51	0	False
79	B5	0	0	79	103	0	False
80	B5	0	0	80	51	0	False
81	B5	0	0	81	102	0	False
82	B5	0	0	82	51	0	False
83	B5	0	0	83	25	0	False
84	B5	0	0	84	12	0	False
85	B5	0	0	85	6	0	False
86	B5	0	0	86	3	0	False
87	B5	0	0	87	1	0	False
88	B5	0	0	88	0	0	False
89	B5	0	0	89	1	0	False
90	B5	0	0	90	2	0	False
91	B5	0	0	91	5	0	False
92	B5	0	0	92	10	0	False
93	B5	0	0	93	21	0	False
94	B5	0	0	94	42	0	False
95	B5	0	0	95	85	0	False
96	B5	0	0	96	42	0	False
97	B5	0	0	97	21	0	False
98	B5	0	0	98	43	0	False
99	B5	0	0	99	87	0	False
100	B5	0	0	100	43	0	False
101	B5	0	0	101	21	0	False
102	B5	0	0	102	42	0	False
103	B5	0	0	103	85	0	False
104	B5	0	0	104	42	0	False
105	B5	0	0	105	84	0	False
106	B5	0	0	106	42	0	False
107	B5	0	0	107	21	0	False
108	B5	0	0	108	10	0	False
109	B5	0	0	109	20	0	False
110	B5	0	0	110	40	0	False
111	B5	0	0	111	80	0	False
112	B5	0	0	112	40	0	False
113	B5	0	0	113	20	0	False
114	B5	0	0	114	41	0	False
115	B5	0	0	115	82	0	False
116	B5	0	0	116	41	0	False
117	B5	0	0	117	20	0	False
118	B5	0	0	118	40	0	False
119	B5	0	0	119	80	0	False
120	B5	0	0	120	40	0	False
121	B5	0	0	121	81	0	False
122	B5	0	0	122	40	0	False
123	B5	0	0	123	20	0	False
124	B5	0	0	124	41	0	False
125	B5	0	0	125	82	0	False
126	B5	0	0	126	41	0	False
127	B5	0	0	127	83	0	False
128	B5	0	0	128	41	0	False
129	B5	0	0	129	20	0	False
130	B5	0	0	130	40	0	False
131	B5	0	0	131	80	0	False
132	B5	0	0	132	40	0	False
133	B5	0	0	133	20	0	False
134	B5	0	0	134	10	0	False
135	B5	0	0	135	21	0	False
136	B5	0	0	136	42	0	False
137	B5	0	0	137	85	0	False
138	B5	0	0	138	42	0	False
139	B5	0	0	139	21	0	False
140	B5	0	0	140	43	0	False
141	B5	0	0	141	87	0	False
142	B5	0	0	142	43	0	False
143	B5	0	0	143	86	0	False
144	B5	0	0	144	43	0	False
145	B5	0	0	145	21	0	False
146	B5	0	0	146	42	0	False
147	B5	0	0	147	85	0	False
148	B5	0	0	148	42	0	False
149	B5	0	0	149	21	0	False
150	B5	0	0	150	42	0	False
151	B5	0	0	151	21	0	False
152	B5	0	0	152	43	0	False
153	B5	0	0	153	87	0	False
154	B5	0	0	154	43	0	False
155	B5	0	0	155	86	0	False
156	B5	0	0	156	43	0	False
157	B5	0	0	157	21	0	False
158	B5	0	0	158	42	0	False
159	B5	0	0	159	85	0	False
160	B5	0	0	160	42	0	False
161	B5	0	0	161	84	0	False
162	B5	0	0	162	42	0	False
163	B5	0	0	163	21	0	False
164	B5	0	0	164	43	0	False
165	B5	0	0	165	86	0	False
166	B5	0	0	166	43	0	False
167	B5	0	0	167	21	0	False
168	B5	0	0	168	10	0	False
169	B5	0	0	169	20	0	False
170	B5	0	0	170	40	0	False
171	B5	0	0	171	20	0	False
172	B5	0	0	172	41	0	False
173	B5	0	0	173	82	0	False
174	B5	0	0	174	41	0	False
175	B5	0	0	175	83	0	False
176	B5	0	0	176	41	0	False
177	B5	0	0	177	82	0	False
178	B5	0	0	178	41	0	False
179	B5	0	0	179	20	0	False
180	B5	0	0	180	40	0	False
181	B5	0	0	181	80	0	False
182	B5	0	0	182	40	0	False
183	B5	0	0	183	81	0	False
184	B5	0	0	184	40	0	False
185	B5	0	0	185	80	0	False
186	B5	0	0	186	40	0	False
187	B5	0	0	187	81	0	False
188	B5	0	0	188	40	0	False
189	B5	0	0	189	20	0	False
190	B5	0	0	190	41	0	False
191	B5	0	0	191	83	0	False
192	B5	0	0	192	41	0	False
193	B5	0	0	193	82	0	False
194	B5	0	0	194	41	0	False
195	B5	0	0	195	20	0	False
196	B5	0	0	196	10	0	False
197	B5	0	0	197	5	0	False
198	B5	0	0	198	11	0	False
199	B5	0	0	199	23	0	False
200	B5	0	0	200	47	0	False
201	B5	0	0	201	95	0	False
202	B5	0	0	202	47	0	False
203	B5	0	0	203	23	0	False
204	B5	0	0	204	46	0	False
205	B5	0	0	205	93	0	False
206	B5	0	0	206	46	0	False
207	B5	0	0	207	23	0	False
208	B5	0	0	208	47	0	False
209	B5	0	0	209	23	0	False
210	B5	0	0	210	46	0	False
211	B5	0	0	211	92	0	False
212	B5	0	0	212	46	0	False
213	B5	0	0	213	23	0	False
214	B5	0	0	214	11	0	False
215	B5	0	0	215	5	0	False
216	B5	0	0	216	2	0	False
217	B5	0	0	217	1	0	False
218	B5	0	0	218	0	0	False
219	B5	0	0	219	1	0	False
220	B5	0	0	220	3	0	False
221	B5	0	0	221	6	0	False
222	B5	0	0	222	12	0	False
223	B5	0	0	223	24	0	False
224	B5	0	0	224	48	0	False
225	B5	0	0	225	24	0	False
226	B5	0	0	226	49	0	False
227	B5	0	0	227	98	0	False
228	B5	0	0	228	49	0	False
229	B5	0	0	229	24	0	False
230	B5	0	0	230	48	0	False
231	B5	0	0	231	96	0	False
232	B5	0	0	232	48	0	False
233	B5	0	0	233	97	0	False
234	B5	0	0	234	48	0	False
235	B5	0	0	235	24	0	False
236	B5	0	0	236	12	0	False
237	B5	0	0	237	25	0	False
238	B5	0	0	238	50	0	False
239	B5	0	0	239	100	0	False
240	B5	0	0	240	50	0	False
241	B5	0	0	241	25	0	False
242	B5	0	0	242	50	0	False
243	B5	0	0	243	100	0	False
244	B5	0	0	244	50	0	False
245	B5	0	0	245	25	0	False
246	B5	0	0	246	51	0	False
247	B5	0	0	247	103	0	False
248	B5	0	0	248	51	0	False
249	B5	0	0	249	102	0	False
250	B5	0	0	250	51	0	False
251	B5	0	0	251	25	0	False
252	B5	0	0	252	50	0	False
253	B5	0	0	253	101	0	False
254	B5	0	0	254	50	0	False
255	B5	0	0	255	100	0	False
256	B5	0	0	256	50	0	False
257	B5	0	0	257	25	0	False
258	B5	0	0	258	12	0	False
259	B5	0	0	259	6	0	False
260	B5	0	0	260	3	0	False
261	B5	0	0	261	1	0	False
262	B5	0	0	262	0	0	False
263	B5	0	0	263	1	0	False
264	B5	0	0	264	2	0	False
265	B5	0	0	265	5	0	False
266	B5	0	0	266	10	0	False
267	B5	0	0	267	21	0	False
268	B5	0	0	268	42	0	False
269	B5	0	0	269	85	0	False
270	B5	0	0	270	42	0	False
271	B5	0	0	271	21	0	False
272	B5	0	0	272	43	0	False
273	B5	0	0	273	21	0	False
274	B5	0	0	274	42	0	False
275	B5	0	0	275	21	0	False
276	B5	0	0	276	10	0	False
277	B5	0	0	277	20	0	False
278	B5	0	0	278	40	0	False
279	B5	0	0	279	20	0	False
280	B5	0	0	280	41	0	False
281	B5	0	0	281	82	0	False
282	B5	0	0	282	41	0	False
283	B5	0	0	283	20	0	False
284	B5	0	0	284	40	0	False
285	B5	0	0	285	80	0	False
286	B5	0	0	286	40	0	False
287	B5	0	0	287	20	0	False
288	B5	0	0	288	41	0	False
289	B5	0	0	289	20	0	False
290	B5	0	0	290	40	0	False
291	B5	0	0	291	80	0	False
292	B5	0	0	292	40	0	False
293	B5	0	0	293	20	0	False
294	B5	0	0	294	10	0	False
295	B5	0	0	295	5	0	False
296	B5	0	0	296	2	0	False
297	B5	0	0	297	1	0	False
298	B5	0	0	298	3	0	False
299	B5	0	0	299	7	0	False
300	B5	0	0	300	15	0	False
301	B5	0	0	301	31	0	False
302	B5	0	0	302	63	0	False
303	B5	0	0	303	127	0	False
304	B5	0	0	304	63	0	False
305	B5	0	0	305	126	0	False
306	B5	0	0	306	63	0	False
307	B5	0	0	307	31	0	False
308	B5	0	0	308	63	0	False
309	B5	0	0	309	127	0	False
310	B5	0	0	310	63	0	False
311	B5	0	0	311	31	0	False
312	B5	0	0	312	63	0	False
313	B5	0	0	313	31	0	False
314	B5	0	0	314	62	0	False
315	B5	0	0	315	125	0	False
316	B5	0	0	316	62	0	False
317	B5	0	0	317	124	0	False
318	B5	0	0	318	62	0	False
319	B5	0	0	319	31	0	False
320	B5	0	0	320	15	0	False
321	B5	0	0	321	30	0	False
322	B5	0	0	322	61	0	False
323	B5	0	0	323	123	0	False
324	B5	0	0	324	61	0	False
325	B5	0	0	325	122	0	False
326	B5	0	0	326	61	0	False
327	B5	0	0	327	30	0	False
328	B5	0	0	328	60	0	False
329	B5	0	0	329	120	0	False
330	B5	0	0	330	60	0	False
331	B5	0	0	331	30	0	False
332	B5	0	0	332	60	0	False
333	B5	0	0	333	30	0	False
334	B5	0	0	334	15	0	False
335	B5	0	0	335	7	0	False
336	B5	0	0	336	3	0	False
337	B5	0	0	337	6	0	False
338	B5	0	0	338	12	0	False
339	B5	0	0	339	25	0	False
340	B5	0	0	340	50	0	False
341	B5	0	0	341	25	0	False
342	B5	0	0	342	51	0	False
343	B5	0	0	343	103	0	False
344	B5	0	0	344	51	0	False
345	B5	0	0	345	25	0	False
346	B5	0	0	346	50	0	False
347	B5	0	0	347	25	0	False
348	B5	0	0	348	12	0	False
349	B5	0	0	349	24	0	False
350	B5	0	0	350	48	0	False
351	B5	0	0	351	97	0	False
352	B5	0	0	352	48	0	False
353	B5	0	0	353	24	0	False
354	B5	0	0	354	49	0	False
355	B5	0	0	355	98	0	False
356	B5	0	0	356	49	0	False
357	B5	0	0	357	98	0	False
358	B5	0	0	358	49	0	False
359	B5	0	0	359	99	0	False
360	B5	0	0	360	49	0	False
361	B5	0	0	361	24	0	False
362	B5	0	0	362	49	0	False
363	B5	0	0	363	99	0	False
364	B5	0	0	364	49	0	False
365	B5	0	0	365	24	0	False
366	B5	0	0	366	12	0	False
367	B5	0	0	367	6	0	False
368	B5	0	0	368	3	0	False
369	B5	0	0	369	1	0	False
370	B5	0	0	370	0	0	False
371	B5	0	0	371	1	0	False
372	B5	0	0	372	3	0	False
373	B5	0	0	373	7	0	False
374	B5	0	0	374	15	0	False
375	B5	0	0	375	31	0	False
376	B5	0	0	376	63	0	False
377	B5	0	0	377	126	0	False
378	B5	0	0	378	63	0	False
379	B5	0	0	379	127	0	False
380	B5	0	0	380	63	0	False
381	B5	0	0	381	31	0	False
382	B5	0	0	382	62	0	False
383	B5	0	0	383	125	0	False
384	B5	0	0	384	62	0	False
385	B5	0	0	385	124	0	False
386	B5	0	0	386	62	0	False
387	B5	0	0	387	124	0	False
388	B5	0	0	388	62	0	False
389	B5	0	0	389	31	0	False
390	B5	0	0	390	15	0	False
391	B5	0	0	391	30	0	False
392	B5	0	0	392	60	0	False
393	B5	0	0	393	121	0	False
394	B5	0	0	394	60	0	False
395	B5	0	0	395	30	0	False
396	B5	0	0	396	15	0	False
397	B5	0	0	397	7	0	False
398	B5	0	0	398	14	0	False
399	B5	0	0	399	29	0	False
400	B5	0	0	400	58	0	False
401	B5	0	0	401	117	0	True
402	B6	0	0	0	0	0	False
403	B6	0	0	1	1	0	False
404	B6	0	0	2	3	0	False
405	B6	0	0	3	7	0	False
406	B6	0	0	4	15	0	False
407	B6	0	0	5	31	0	False
408	B6	0	0	6	63	0	False
409	B6	0	0	7	31	0	False
410	B6	0	0	8	62	0	False
411	B6	0	0	9	31	0	False
412	B6	0	0	10	63	0	False
413	B6	0	0	11	127	0	False
414	B6	0	0	12	63	0	False
415	B6	0	0	13	31	0	False
416	B6	0	0	14	62	0	False
417	B6	0	0	15	125	0	False
418	B6	0	0	16	62	0	False
419	B6	0	0	17	124	0	False
420	B6	0	0	18	62	0	False
421	B6	0	0	19	31	0	False
422	B6	0	0	20	63	0	False
423	B6	0	0	21	127	0	False
424	B6	0	0	22	63	0	False
425	B6	0	0	23	126	0	False
426	B6	0	0	24	63	0	False
427	B6	0	0	25	31	0	False
428	B6	0	0	26	63	0	False
429	B6	0	0	27	126	0	False
430	B6	0	0	28	63	0	False
431	B6	0	0	29	31	0	False
432	B6	0	0	30	15	0	False
433	B6	0	0	31	30	0	False
434	B6	0	0	32	61	0	False
435	B6	0	0	33	122	0	False
436	B6	0	0	34	61	0	False
437	B6	0	0	35	30	0	False
438	B6	0	0	36	60	0	False
439	B6	0	0	37	120	0	False
440	B6	0	0	38	60	0	False
441	B6	0	0	39	121	0	False
442	B6	0	0	40	60	0	False
443	B6	0	0	41	120	0	False
444	B6	0	0	42	60	0	False
445	B6	0	0	43	30	0	False
446	B6	0	0	44	61	0	False
447	B6	0	0	45	122	0	False
448	B6	0	0	46	61	0	False
449	B6	0	0	47	122	0	False
450	B6	0	0	48	61	0	False
451	B6	0	0	49	123	0	False
452	B6	0	0	50	61	0	False
453	B6	0	0	51	30	0	False
454	B6	0	0	52	60	0	False
455	B6	0	0	53	120	0	False
456	B6	0	0	54	60	0	False
457	B6	0	0	55	121	0	False
458	B6	0	0	56	60	0	False
459	B6	0	0	57	30	0	False
460	B6	0	0	58	15	0	False
461	B6	0	0	59	31	0	False
462	B6	0	0	60	63	0	False
463	B6	0	0	61	127	0	False
464	B6	0	0	62	63	0	False
465	B6	0	0	63	31	0	False
466	B6	0	0	64	62	0	False
467	B6	0	0	65	125	0	False
468	B6	0	0	66	62	0	False
469	B6	0	0	67	31	0	False
470	B6	0	0	68	63	0	False
471	B6	0	0	69	126	0	False
472	B6	0	0	70	63	0	False
473	B6	0	0	71	31	0	False
474	B6	0	0	72	15	0	False
475	B6	0	0	73	7	0	False
476	B6	0	0	74	14	0	False
477	B6	0	0	75	29	0	False
478	B6	0	0	76	59	0	False
479	B6	0	0	77	29	0	False
480	B6	0	0	78	58	0	False
481	B6	0	0	79	117	0	True
482	B7	0	0	0	0	0	False
483	B7	0	0	1	1	0	False
484	B7	0	0	2	2	0	False
485	B7	0	0	3	4	0	False
486	B7	0	0	4	9	0	False
487	B7	0	0	5	4	0	False
488	B7	0	0	6	8	0	False
489	B7	0	0	7	16	0	False
490	B7	0	0	8	32	0	False
491	B7	0	0	9	16	0	False
492	B7	0	0	10	33	0	False
493	B7	0	0	11	66	0	False
494	B7	0	0	12	33	0	False
495	B7	0	0	13	67	0	False
496	B7	0	0	14	33	0	False
497	B7	0	0	15	66	0	False
498	B7	0	0	16	33	0	False
499	B7	0	0	17	16	0	False
500	B7	0	0	18	32	0	False
501	B7	0	0	19	64	0	False
502	B7	0	0	20	32	0	False
503	B7	0	0	21	65	0	False
504	B7	0	0	22	32	0	False
505	B7	0	0	23	64	0	False
506	B7	0	0	24	32	0	False
507	B7	0	0	25	65	0	False
508	B7	0	0	26	32	0	False
509	B7	0	0	27	16	0	False
510	B7	0	0	28	8	0	False
511	B7	0	0	29	17	0	False
512	B7	0	0	30	34	0	False
513	B7	0	0	31	69	0	False
514	B7	0	0	32	34	0	False
515	B7	0	0	33	17	0	False
516	B7	0	0	34	35	0	False
517	B7	0	0	35	71	0	False
518	B7	0	0	36	35	0	False
519	B7	0	0	37	70	0	False
520	B7	0	0	38	35	0	False
521	B7	0	0	39	71	0	False
522	B7	0	0	40	35	0	False
523	B7	0	0	41	71	0	False
524	B7	0	0	42	35	0	False
525	B7	0	0	43	17	0	False
526	B7	0	0	44	34	0	False
527	B7	0	0	45	69	0	False
528	B7	0	0	46	34	0	False
529	B7	0	0	47	68	0	False
530	B7	0	0	48	34	0	False
531	B7	0	0	49	17	0	False
532	B7	0	0	50	35	0	False
533	B7	0	0	51	71	0	False
534	B7	0	0	52	35	0	False
535	B7	0	0	53	70	0	False
536	B7	0	0	54	35	0	False
537	B7	0	0	55	17	0	False
538	B7	0	0	56	35	0	False
539	B7	0	0	57	17	0	False
540	B7	0	0	58	8	0	False
541	B7	0	0	59	16	0	False
542	B7	0	0	60	33	0	False
543	B7	0	0	61	66	0	False
544	B7	0	0	62	33	0	False
545	B7	0	0	63	16	0	False
546	B7	0	0	64	32	0	False
547	B7	0	0	65	64	0	False
548	B7	0	0	66	32	0	False
549	B7	0	0	67	16	0	False
550	B7	0	0	68	33	0	False
551	B7	0	0	69	66	0	False
552	B7	0	0	70	33	0	False
553	B7	0	0	71	67	0	False
554	B7	0	0	72	33	0	False
555	B7	0	0	73	16	0	False
556	B7	0	0	74	32	0	False
557	B7	0	0	75	65	0	False
558	B7	0	0	76	32	0	False
559	B7	0	0	77	64	0	False
560	B7	0	0	78	32	0	False
561	B7	0	0	79	16	0	False
562	B7	0	0	80	8	0	False
563	B7	0	0	81	4	0	False
564	B7	0	0	82	9	0	False
565	B7	0	0	83	19	0	False
566	B7	0	0	84	39	0	False
567	B7	0	0	85	78	0	False
568	B7	0	0	86	39	0	False
569	B7	0	0	87	79	0	False
570	B7	0	0	88	39	0	False
571	B7	0	0	89	19	0	False
572	B7	0	0	90	38	0	False
573	B7	0	0	91	77	0	False
574	B7	0	0	92	38	0	False
575	B7	0	0	93	76	0	False
576	B7	0	0	94	38	0	False
577	B7	0	0	95	76	0	False
578	B7	0	0	96	38	0	False
579	B7	0	0	97	19	0	False
580	B7	0	0	98	39	0	False
581	B7	0	0	99	78	0	False
582	B7	0	0	100	39	0	False
583	B7	0	0	101	79	0	False
584	B7	0	0	102	39	0	False
585	B7	0	0	103	79	0	False
586	B7	0	0	104	39	0	False
587	B7	0	0	105	78	0	False
588	B7	0	0	106	39	0	False
589	B7	0	0	107	19	0	False
590	B7	0	0	108	38	0	False
591	B7	0	0	109	77	0	False
592	B7	0	0	110	38	0	False
593	B7	0	0	111	76	0	False
594	B7	0	0	112	38	0	False
595	B7	0	0	113	76	0	False
596	B7	0	0	114	38	0	False
597	B7	0	0	115	19	0	False
598	B7	0	0	116	39	0	False
599	B7	0	0	117	78	0	False
600	B7	0	0	118	39	0	False
601	B7	0	0	119	19	0	False
602	B7	0	0	120	9	0	False
603	B7	0	0	121	4	0	False
604	B7	0	0	122	8	0	False
605	B7	0	0	123	16	0	False
606	B7	0	0	124	33	0	False
607	B7	0	0	125	66	0	False
608	B7	0	0	126	33	0	False
609	B7	0	0	127	16	0	False
610	B7	0	0	128	32	0	False
611	B7	0	0	129	64	0	False
612	B7	0	0	130	32	0	False
613	B7	0	0	131	16	0	False
614	B7	0	0	132	32	0	False
615	B7	0	0	133	65	0	False
616	B7	0	0	134	32	0	False
617	B7	0	0	135	16	0	False
618	B7	0	0	136	33	0	False
619	B7	0	0	137	66	0	False
620	B7	0	0	138	33	0	False
621	B7	0	0	139	67	0	False
622	B7	0	0	140	33	0	False
623	B7	0	0	141	66	0	False
624	B7	0	0	142	33	0	False
625	B7	0	0	143	67	0	False
626	B7	0	0	144	33	0	False
627	B7	0	0	145	67	0	False
628	B7	0	0	146	33	0	False
629	B7	0	0	147	16	0	False
630	B7	0	0	148	8	0	False
631	B7	0	0	149	4	0	False
632	B7	0	0	150	9	0	False
633	B7	0	0	151	18	0	False
634	B7	0	0	152	37	0	False
635	B7	0	0	153	74	0	False
636	B7	0	0	154	37	0	False
637	B7	0	0	155	75	0	False
638	B7	0	0	156	37	0	False
639	B7	0	0	157	74	0	False
640	B7	0	0	158	37	0	False
641	B7	0	0	159	74	0	False
642	B7	0	0	160	37	0	False
643	B7	0	0	161	18	0	False
644	B7	0	0	162	37	0	False
645	B7	0	0	163	18	0	False
646	B7	0	0	164	36	0	False
647	B7	0	0	165	72	0	False
648	B7	0	0	166	36	0	False
649	B7	0	0	167	73	0	False
650	B7	0	0	168	36	0	False
651	B7	0	0	169	18	0	False
652	B7	0	0	170	9	0	False
653	B7	0	0	171	19	0	False
654	B7	0	0	172	39	0	False
655	B7	0	0	173	19	0	False
656	B7	0	0	174	39	0	False
657	B7	0	0	175	78	0	False
658	B7	0	0	176	39	0	False
659	B7	0	0	177	79	0	False
660	B7	0	0	178	39	0	False
661	B7	0	0	179	19	0	False
662	B7	0	0	180	38	0	False
663	B7	0	0	181	77	0	False
664	B7	0	0	182	38	0	False
665	B7	0	0	183	76	0	False
666	B7	0	0	184	38	0	False
667	B7	0	0	185	19	0	False
668	B7	0	0	186	9	0	False
669	B7	0	0	187	4	0	False
670	B7	0	0	188	8	0	False
671	B7	0	0	189	16	0	False
672	B7	0	0	190	33	0	False
673	B7	0	0	191	66	0	False
674	B7	0	0	192	33	0	False
675	B7	0	0	193	66	0	False
676	B7	0	0	194	33	0	False
677	B7	0	0	195	66	0	False
678	B7	0	0	196	33	0	False
679	B7	0	0	197	16	0	False
680	B7	0	0	198	8	0	False
681	B7	0	0	199	4	0	False
682	B7	0	0	200	9	0	False
683	B7	0	0	201	18	0	False
684	B7	0	0	202	37	0	False
685	B7	0	0	203	74	0	False
686	B7	0	0	204	37	0	False
687	B7	0	0	205	74	0	False
688	B7	0	0	206	37	0	False
689	B7	0	0	207	18	0	False
690	B7	0	0	208	37	0	False
691	B7	0	0	209	18	0	False
692	B7	0	0	210	36	0	False
693	B7	0	0	211	72	0	False
694	B7	0	0	212	36	0	False
695	B7	0	0	213	73	0	False
696	B7	0	0	214	36	0	False
697	B7	0	0	215	18	0	False
698	B7	0	0	216	37	0	False
699	B7	0	0	217	18	0	False
700	B7	0	0	218	36	0	False
701	B7	0	0	219	18	0	False
702	B7	0	0	220	36	0	False
703	B7	0	0	221	18	0	False
704	B7	0	0	222	9	0	False
705	B7	0	0	223	19	0	False
706	B7	0	0	224	39	0	False
707	B7	0	0	225	78	0	False
708	B7	0	0	226	39	0	False
709	B7	0	0	227	79	0	False
710	B7	0	0	228	39	0	False
711	B7	0	0	229	19	0	False
712	B7	0	0	230	38	0	False
713	B7	0	0	231	77	0	False
714	B7	0	0	232	38	0	False
715	B7	0	0	233	77	0	False
716	B7	0	0	234	38	0	False
717	B7	0	0	235	76	0	False
718	B7	0	0	236	38	0	False
719	B7	0	0	237	76	0	False
720	B7	0	0	238	38	0	False
721	B7	0	0	239	19	0	False
722	B7	0	0	240	9	0	False
723	B7	0	0	241	18	0	False
724	B7	0	0	242	37	0	False
725	B7	0	0	243	18	0	False
726	B7	0	0	244	36	0	False
727	B7	0	0	245	72	0	False
728	B7	0	0	246	36	0	False
729	B7	0	0	247	18	0	False
730	B7	0	0	248	9	0	False
731	B7	0	0	249	19	0	False
732	B7	0	0	250	39	0	False
733	B7	0	0	251	19	0	False
734	B7	0	0	252	39	0	False
735	B7	0	0	253	79	0	False
736	B7	0	0	254	39	0	False
737	B7	0	0	255	19	0	False
738	B7	0	0	256	38	0	False
739	B7	0	0	257	77	0	False
740	B7	0	0	258	38	0	False
741	B7	0	0	259	76	0	False
742	B7	0	0	260	38	0	False
743	B7	0	0	261	19	0	False
744	B7	0	0	262	9	0	False
745	B7	0	0	263	18	0	False
746	B7	0	0	264	36	0	False
747	B7	0	0	265	18	0	False
748	B7	0	0	266	37	0	False
749	B7	0	0	267	74	0	False
750	B7	0	0	268	37	0	False
751	B7	0	0	269	18	0	False
752	B7	0	0	270	36	0	False
753	B7	0	0	271	72	0	False
754	B7	0	0	272	36	0	False
755	B7	0	0	273	72	0	False
756	B7	0	0	274	36	0	False
757	B7	0	0	275	18	0	False
758	B7	0	0	276	36	0	False
759	B7	0	0	277	72	0	False
760	B7	0	0	278	36	0	False
761	B7	0	0	279	18	0	False
762	B7	0	0	280	37	0	False
763	B7	0	0	281	74	0	False
764	B7	0	0	282	37	0	False
765	B7	0	0	283	18	0	False
766	B7	0	0	284	37	0	False
767	B7	0	0	285	18	0	False
768	B7	0	0	286	36	0	False
769	B7	0	0	287	72	0	False
770	B7	0	0	288	36	0	False
771	B7	0	0	289	72	0	False
772	B7	0	0	290	36	0	False
773	B7	0	0	291	72	0	False
774	B7	0	0	292	36	0	False
775	B7	0	0	293	18	0	False
776	B7	0	0	294	37	0	False
777	B7	0	0	295	74	0	False
778	B7	0	0	296	37	0	False
779	B7	0	0	297	18	0	False
780	B7	0	0	298	36	0	False
781	B7	0	0	299	18	0	False
782	B7	0	0	300	9	0	False
783	B7	0	0	301	19	0	False
784	B7	0	0	302	39	0	False
785	B7	0	0	303	19	0	False
786	B7	0	0	304	38	0	False
787	B7	0	0	305	77	0	False
788	B7	0	0	306	38	0	False
789	B7	0	0	307	19	0	False
790	B7	0	0	308	38	0	False
791	B7	0	0	309	19	0	False
792	B7	0	0	310	39	0	False
793	B7	0	0	311	79	0	False
794	B7	0	0	312	39	0	False
795	B7	0	0	313	78	0	False
796	B7	0	0	314	39	0	False
797	B7	0	0	315	19	0	False
798	B7	0	0	316	38	0	False
799	B7	0	0	317	19	0	False
800	B7	0	0	318	9	0	False
801	B7	0	0	319	18	0	False
802	B7	0	0	320	37	0	False
803	B7	0	0	321	74	0	False
804	B7	0	0	322	37	0	False
805	B7	0	0	323	18	0	False
806	B7	0	0	324	36	0	False
807	B7	0	0	325	18	0	False
808	B7	0	0	326	37	0	False
809	B7	0	0	327	18	0	False
810	B7	0	0	328	37	0	False
811	B7	0	0	329	74	0	False
812	B7	0	0	330	37	0	False
813	B7	0	0	331	18	0	False
814	B7	0	0	332	36	0	False
815	B7	0	0	333	18	0	False
816	B7	0	0	334	37	0	False
817	B7	0	0	335	18	0	False
818	B7	0	0	336	9	0	False
819	B7	0	0	337	18	0	False
820	B7	0	0	338	36	0	False
821	B7	0	0	339	72	0	False
822	B7	0	0	340	36	0	False
823	B7	0	0	341	72	0	False
824	B7	0	0	342	36	0	False
825	B7	0	0	343	73	0	False
826	B7	0	0	344	36	0	False
827	B7	0	0	345	18	0	False
828	B7	0	0	346	37	0	False
829	B7	0	0	347	75	0	False
830	B7	0	0	348	37	0	False
831	B7	0	0	349	74	0	False
832	B7	0	0	350	37	0	False
833	B7	0	0	351	74	0	False
834	B7	0	0	352	37	0	False
835	B7	0	0	353	74	0	False
836	B7	0	0	354	37	0	False
837	B7	0	0	355	75	0	False
838	B7	0	0	356	37	0	False
839	B7	0	0	357	74	0	False
840	B7	0	0	358	37	0	False
841	B7	0	0	359	74	0	False
842	B7	0	0	360	37	0	False
843	B7	0	0	361	18	0	False
844	B7	0	0	362	9	0	False
845	B7	0	0	363	4	0	False
846	B7	0	0	364	8	0	False
847	B7	0	0	365	16	0	False
848	B7	0	0	366	33	0	False
849	B7	0	0	367	16	0	False
850	B7	0	0	368	32	0	False
851	B7	0	0	369	64	0	False
852	B7	0	0	370	32	0	False
853	B7	0	0	371	64	0	False
854	B7	0	0	372	32	0	False
855	B7	0	0	373	16	0	False
856	B7	0	0	374	33	0	False
857	B7	0	0	375	66	0	False
858	B7	0	0	376	33	0	False
859	B7	0	0	377	66	0	False
860	B7	0	0	378	33	0	False
861	B7	0	0	379	66	0	False
862	B7	0	0	380	33	0	False
863	B7	0	0	381	16	0	False
864	B7	0	0	382	32	0	False
865	B7	0	0	383	16	0	False
866	B7	0	0	384	8	0	False
867	B7	0	0	385	4	0	False
868	B7	0	0	386	9	0	False
869	B7	0	0	387	18	0	False
870	B7	0	0	388	37	0	False
871	B7	0	0	389	74	0	False
872	B7	0	0	390	37	0	False
873	B7	0	0	391	18	0	False
874	B7	0	0	392	37	0	False
875	B7	0	0	393	18	0	False
876	B7	0	0	394	36	0	False
877	B7	0	0	395	18	0	False
878	B7	0	0	396	36	0	False
879	B7	0	0	397	72	0	False
880	B7	0	0	398	36	0	False
881	B7	0	0	399	72	0	False
882	B7	0	0	400	36	0	False
883	B7	0	0	401	72	0	False
884	B7	0	0	402	36	0	False
885	B7	0	0	403	73	0	False
886	B7	0	0	404	36	0	False
887	B7	0	0	405	18	0	False
888	B7	0	0	406	9	0	False
889	B7	0	0	407	19	0	False
890	B7	0	0	408	39	0	False
891	B7	0	0	409	79	0	False
892	B7	0	0	410	39	0	False
893	B7	0	0	411	19	0	False
894	B7	0	0	412	38	0	False
895	B7	0	0	413	77	0	False
896	B7	0	0	414	38	0	False
897	B7	0	0	415	19	0	False
898	B7	0	0	416	38	0	False
899	B7	0	0	417	77	0	False
900	B7	0	0	418	38	0	False
901	B7	0	0	419	76	0	False
902	B7	0	0	420	38	0	False
903	B7	0	0	421	19	0	False
904	B7	0	0	422	9	0	False
905	B7	0	0	423	4	0	False
906	B7	0	0	424	2	0	False
907	B7	0	0	425	5	0	False
908	B7	0	0	426	10	0	False
909	B7	0	0	427	21	0	False
910	B7	0	0	428	42	0	False
911	B7	0	0	429	21	0	False
912	B7	0	0	430	42	0	False
913	B7	0	0	431	85	0	False
914	B7	0	0	432	42	0	False
915	B7	0	0	433	85	0	False
916	B7	0	0	434	42	0	False
917	B7	0	0	435	84	0	False
918	B7	0	0	436	42	0	False
919	B7	0	0	437	21	0	False
920	B7	0	0	438	43	0	False
921	B7	0	0	439	21	0	False
922	B7	0	0	440	10	0	False
923	B7	0	0	441	5	0	False
924	B7	0	0	442	11	0	False
925	B7	0	0	443	5	0	False
926	B7	0	0	444	2	0	False
927	B7	0	0	445	1	0	False
928	B7	0	0	446	3	0	False
929	B7	0	0	447	6	0	False
930	B7	0	0	448	13	0	False
931	B7	0	0	449	6	0	False
932	B7	0	0	450	12	0	False
933	B7	0	0	451	25	0	False
934	B7	0	0	452	50	0	False
935	B7	0	0	453	101	0	False
936	B7	0	0	454	50	0	False
937	B7	0	0	455	100	0	False
938	B7	0	0	456	50	0	False
939	B7	0	0	457	25	0	False
940	B7	0	0	458	50	0	False
941	B7	0	0	459	25	0	False
942	B7	0	0	460	51	0	False
943	B7	0	0	461	103	0	False
944	B7	0	0	462	51	0	False
945	B7	0	0	463	102	0	False
946	B7	0	0	464	51	0	False
947	B7	0	0	465	25	0	False
948	B7	0	0	466	12	0	False
949	B7	0	0	467	24	0	False
950	B7	0	0	468	48	0	False
951	B7	0	0	469	96	0	False
952	B7	0	0	470	48	0	False
953	B7	0	0	471	24	0	False
954	B7	0	0	472	49	0	False
955	B7	0	0	473	98	0	False
956	B7	0	0	474	49	0	False
957	B7	0	0	475	99	0	False
958	B7	0	0	476	49	0	False
959	B7	0	0	477	24	0	False
960	B7	0	0	478	48	0	False
961	B7	0	0	479	97	0	False
962	B7	0	0	480	48	0	False
963	B7	0	0	481	24	0	False
964	B7	0	0	482	12	0	False
965	B7	0	0	483	25	0	False
966	B7	0	0	484	50	0	False
967	B7	0	0	485	100	0	False
968	B7	0	0	486	50	0	False
969	B7	0	0	487	101	0	False
970	B7	0	0	488	50	0	False
971	B7	0	0	489	25	0	False
972	B7	0	0	490	51	0	False
973	B7	0	0	491	25	0	False
974	B7	0	0	492	12	0	False
975	B7	0	0	493	24	0	False
976	B7	0	0	494	48	0	False
977	B7	0	0	495	24	0	False
978	B7	0	0	496	49	0	False
979	B7	0	0	497	24	0	False
980	B7	0	0	498	12	0	False
981	B7	0	0	499	6	0	False
982	B7	0	0	500	13	0	False
983	B7	0	0	501	26	0	False
984	B7	0	0	502	53	0	False
985	B7	0	0	503	106	0	False
986	B7	0	0	504	53	0	False
987	B7	0	0	505	107	0	False
988	B7	0	0	506	53	0	False
989	B7	0	0	507	106	0	False
990	B7	0	0	508	53	0	False
991	B7	0	0	509	26	0	False
992	B7	0	0	510	52	0	False
993	B7	0	0	511	26	0	False
994	B7	0	0	512	52	0	False
995	B7	0	0	513	105	0	False
996	B7	0	0	514	52	0	False
997	B7	0	0	515	26	0	False
998	B7	0	0	516	53	0	False
999	B7	0	0	517	106	0	False
1000	B7	0	0	518	53	0	False
1001	B7	0	0	519	106	0	False
1002	B7	0	0	520	53	0	False
1003	B7	0	0	521	106	0	False
1004	B7	0	0	522	53	0	False
1005	B7	0	0	523	107	0	False
1006	B7	0	0	524	53	0	False
1007	B7	0	0	525	26	0	False
1008	B7	0	0	526	13	0	False
1009	B7	0	0	527	27	0	False
1010	B7	0	0	528	55	0	False
1011	B7	0	0	529	111	0	False
1012	B7	0	0	530	55	0	False
1013	B7	0	0	531	110	0	False
1014	B7	0	0	532	55	0	False
1015	B7	0	0	533	110	0	False
1016	B7	0	0	534	55	0	False
1017	B7	0	0	535	111	0	False
1018	B7	0	0	536	55	0	False
1019	B7	0	0	537	27	0	False
1020	B7	0	0	538	54	0	False
1021	B7	0	0	539	109	0	False
1022	B7	0	0	540	54	0	False
1023	B7	0	0	541	108	0	False
1024	B7	0	0	542	54	0	False
1025	B7	0	0	543	108	0	False
1026	B7	0	0	544	54	0	False
1027	B7	0	0	545	27	0	False
1028	B7	0	0	546	13	0	False
1029	B7	0	0	547	26	0	False
1030	B7	0	0	548	13	0	False
1031	B7	0	0	549	6	0	False
1032	B7	0	0	550	12	0	False
1033	B7	0	0	551	25	0	False
1034	B7	0	0	552	50	0	False
1035	B7	0	0	553	100	0	False
1036	B7	0	0	554	50	0	False
1037	B7	0	0	555	101	0	False
1038	B7	0	0	556	50	0	False
1039	B7	0	0	557	25	0	False
1040	B7	0	0	558	51	0	False
1041	B7	0	0	559	25	0	False
1042	B7	0	0	560	12	0	False
1043	B7	0	0	561	6	0	False
1044	B7	0	0	562	13	0	False
1045	B7	0	0	563	26	0	False
1046	B7	0	0	564	53	0	False
1047	B7	0	0	565	26	0	False
1048	B7	0	0	566	53	0	False
1049	B7	0	0	567	106	0	False
1050	B7	0	0	568	53	0	False
1051	B7	0	0	569	26	0	False
1052	B7	0	0	570	52	0	False
1053	B7	0	0	571	26	0	False
1054	B7	0	0	572	52	0	False
1055	B7	0	0	573	26	0	False
1056	B7	0	0	574	52	0	False
1057	B7	0	0	575	105	0	False
1058	B7	0	0	576	52	0	False
1059	B7	0	0	577	104	0	False
1060	B7	0	0	578	52	0	False
1061	B7	0	0	579	105	0	False
1062	B7	0	0	580	52	0	False
1063	B7	0	0	581	26	0	False
1064	B7	0	0	582	13	0	False
1065	B7	0	0	583	6	0	False
1066	B7	0	0	584	12	0	False
1067	B7	0	0	585	24	0	False
1068	B7	0	0	586	48	0	False
1069	B7	0	0	587	97	0	False
1070	B7	0	0	588	48	0	False
1071	B7	0	0	589	24	0	False
1072	B7	0	0	590	49	0	False
1073	B7	0	0	591	98	0	False
1074	B7	0	0	592	49	0	False
1075	B7	0	0	593	24	0	False
1076	B7	0	0	594	12	0	False
1077	B7	0	0	595	6	0	False
1078	B7	0	0	596	13	0	False
1079	B7	0	0	597	26	0	False
1080	B7	0	0	598	53	0	False
1081	B7	0	0	599	106	0	False
1082	B7	0	0	600	53	0	False
1083	B7	0	0	601	106	0	False
1084	B7	0	0	602	53	0	False
1085	B7	0	0	603	26	0	False
1086	B7	0	0	604	53	0	False
1087	B7	0	0	605	26	0	False
1088	B7	0	0	606	52	0	False
1089	B7	0	0	607	26	0	False
1090	B7	0	0	608	53	0	False
1091	B7	0	0	609	26	0	False
1092	B7	0	0	610	53	0	False
1093	B7	0	0	611	26	0	False
1094	B7	0	0	612	53	0	False
1095	B7	0	0	613	26	0	False
1096	B7	0	0	614	53	0	False
1097	B7	0	0	615	106	0	False
1098	B7	0	0	616	53	0	False
1099	B7	0	0	617	26	0	False
1100	B7	0	0	618	52	0	False
1101	B7	0	0	619	105	0	False
1102	B7	0	0	620	52	0	False
1103	B7	0	0	621	26	0	False
1104	B7	0	0	622	52	0	False
1105	B7	0	0	623	105	0	False
1106	B7	0	0	624	52	0	False
1107	B7	0	0	625	26	0	False
1108	B7	0	0	626	13	0	False
1109	B7	0	0	627	27	0	False
1110	B7	0	0	628	55	0	False
1111	B7	0	0	629	27	0	False
1112	B7	0	0	630	55	0	False
1113	B7	0	0	631	111	0	False
1114	B7	0	0	632	55	0	False
1115	B7	0	0	633	27	0	False
1116	B7	0	0	634	54	0	False
1117	B7	0	0	635	109	0	False
1118	B7	0	0	636	54	0	False
1119	B7	0	0	637	27	0	False
1120	B7	0	0	638	54	0	False
1121	B7	0	0	639	108	0	False
1122	B7	0	0	640	54	0	False
1123	B7	0	0	641	27	0	False
1124	B7	0	0	642	13	0	False
1125	B7	0	0	643	26	0	False
1126	B7	0	0	644	52	0	False
1127	B7	0	0	645	105	0	False
1128	B7	0	0	646	52	0	False
1129	B7	0	0	647	26	0	False
1130	B7	0	0	648	53	0	False
1131	B7	0	0	649	106	0	False
1132	B7	0	0	650	53	0	False
1133	B7	0	0	651	107	0	False
1134	B7	0	0	652	53	0	False
1135	B7	0	0	653	26	0	False
1136	B7	0	0	654	52	0	False
1137	B7	0	0	655	105	0	False
1138	B7	0	0	656	52	0	False
1139	B7	0	0	657	104	0	False
1140	B7	0	0	658	52	0	False
1141	B7	0	0	659	105	0	False
1142	B7	0	0	660	52	0	False
1143	B7	0	0	661	104	0	False
1144	B7	0	0	662	52	0	False
1145	B7	0	0	663	26	0	False
1146	B7	0	0	664	13	0	False
1147	B7	0	0	665	27	0	False
1148	B7	0	0	666	54	0	False
1149	B7	0	0	667	108	0	False
1150	B7	0	0	668	54	0	False
1151	B7	0	0	669	27	0	False
1152	B7	0	0	670	13	0	False
1153	B7	0	0	671	6	0	False
1154	B7	0	0	672	3	0	False
1155	B7	0	0	673	7	0	False
1156	B7	0	0	674	15	0	False
1157	B7	0	0	675	31	0	False
1158	B7	0	0	676	62	0	False
1159	B7	0	0	677	125	0	False
1160	B7	0	0	678	62	0	False
1161	B7	0	0	679	31	0	False
1162	B7	0	0	680	63	0	False
1163	B7	0	0	681	127	0	False
1164	B7	0	0	682	63	0	False
1165	B7	0	0	683	126	0	False
1166	B7	0	0	684	63	0	False
1167	B7	0	0	685	31	0	False
1168	B7	0	0	686	63	0	False
1169	B7	0	0	687	127	0	False
1170	B7	0	0	688	63	0	False
1171	B7	0	0	689	31	0	False
1172	B7	0	0	690	62	0	False
1173	B7	0	0	691	125	0	False
1174	B7	0	0	692	62	0	False
1175	B7	0	0	693	125	0	False
1176	B7	0	0	694	62	0	False
1177	B7	0	0	695	124	0	False
1178	B7	0	0	696	62	0	False
1179	B7	0	0	697	31	0	False
1180	B7	0	0	698	62	0	False
1181	B7	0	0	699	125	0	False
1182	B7	0	0	700	62	0	False
1183	B7	0	0	701	31	0	False
1184	B7	0	0	702	15	0	False
1185	B7	0	0	703	30	0	False
1186	B7	0	0	704	60	0	False
1187	B7	0	0	705	121	0	False
1188	B7	0	0	706	60	0	False
1189	B7	0	0	707	30	0	False
1190	B7	0	0	708	61	0	False
1191	B7	0	0	709	122	0	False
1192	B7	0	0	710	61	0	False
1193	B7	0	0	711	123	0	False
1194	B7	0	0	712	61	0	False
1195	B7	0	0	713	30	0	False
1196	B7	0	0	714	15	0	False
1197	B7	0	0	715	31	0	False
1198	B7	0	0	716	63	0	False
1199	B7	0	0	717	127	0	False
1200	B7	0	0	718	63	0	False
1201	B7	0	0	719	126	0	False
1202	B7	0	0	720	63	0	False
1203	B7	0	0	721	126	0	False
1204	B7	0	0	722	63	0	False
1205	B7	0	0	723	127	0	False
1206	B7	0	0	724	63	0	False
1207	B7	0	0	725	31	0	False
1208	B7	0	0	726	62	0	False
1209	B7	0	0	727	125	0	False
1210	B7	0	0	728	62	0	False
1211	B7	0	0	729	124	0	False
1212	B7	0	0	730	62	0	False
1213	B7	0	0	731	31	0	False
1214	B7	0	0	732	15	0	False
1215	B7	0	0	733	7	0	False
1216	B7	0	0	734	3	0	False
1217	B7	0	0	735	1	0	False
1218	B7	0	0	736	0	0	False
1219	B7	0	0	737	1	0	False
1220	B7	0	0	738	3	0	False
1221	B7	0	0	739	7	0	False
1222	B7	0	0	740	15	0	False
1223	B7	0	0	741	30	0	False
1224	B7	0	0	742	61	0	False
1225	B7	0	0	743	122	0	False
1226	B7	0	0	744	61	0	False
1227	B7	0	0	745	30	0	False
1228	B7	0	0	746	60	0	False
1229	B7	0	0	747	120	0	False
1230	B7	0	0	748	60	0	False
1231	B7	0	0	749	120	0	False
1232	B7	0	0	750	60	0	False
1233	B7	0	0	751	30	0	False
1234	B7	0	0	752	15	0	False
1235	B7	0	0	753	7	0	False
1236	B7	0	0	754	3	0	False
1237	B7	0	0	755	6	0	False
1238	B7	0	0	756	13	0	False
1239	B7	0	0	757	26	0	False
1240	B7	0	0	758	52	0	False
1241	B7	0	0	759	104	0	False
1242	B7	0	0	760	52	0	False
1243	B7	0	0	761	104	0	False
1244	B7	0	0	762	52	0	False
1245	B7	0	0	763	104	0	False
1246	B7	0	0	764	52	0	False
1247	B7	0	0	765	104	0	False
1248	B7	0	0	766	52	0	False
1249	B7	0	0	767	26	0	False
1250	B7	0	0	768	13	0	False
1251	B7	0	0	769	6	0	False
1252	B7	0	0	770	12	0	False
1253	B7	0	0	771	24	0	False
1254	B7	0	0	772	48	0	False
1255	B7	0	0	773	24	0	False
1256	B7	0	0	774	48	0	False
1257	B7	0	0	775	24	0	False
1258	B7	0	0	776	12	0	False
1259	B7	0	0	777	25	0	False
1260	B7	0	0	778	50	0	False
1261	B7	0	0	779	101	0	False
1262	B7	0	0	780	50	0	False
1263	B7	0	0	781	25	0	False
1264	B7	0	0	782	51	0	False
1265	B7	0	0	783	102	0	False
1266	B7	0	0	784	51	0	False
1267	B7	0	0	785	25	0	False
1268	B7	0	0	786	12	0	False
1269	B7	0	0	787	6	0	False
1270	B7	0	0	788	13	0	False
1271	B7	0	0	789	27	0	False
1272	B7	0	0	790	55	0	False
1273	B7	0	0	791	27	0	False
1274	B7	0	0	792	54	0	False
1275	B7	0	0	793	27	0	False
1276	B7	0	0	794	13	0	False
1277	B7	0	0	795	6	0	False
1278	B7	0	0	796	3	0	False
1279	B7	0	0	797	1	0	False
1280	B7	0	0	798	2	0	False
1281	B7	0	0	799	1	0	False
1282	B7	0	0	800	3	0	False
1283	B7	0	0	801	6	0	False
1284	B7	0	0	802	3	0	False
1285	B7	0	0	803	1	0	False
1286	B7	0	0	804	2	0	False
1287	B7	0	0	805	5	0	False
1288	B7	0	0	806	10	0	False
1289	B7	0	0	807	21	0	False
1290	B7	0	0	808	43	0	False
1291	B7	0	0	809	87	0	False
1292	B7	0	0	810	43	0	False
1293	B7	0	0	811	87	0	False
1294	B7	0	0	812	43	0	False
1295	B7	0	0	813	21	0	False
1296	B7	0	0	814	42	0	False
1297	B7	0	0	815	21	0	False
1298	B7	0	0	816	42	0	False
1299	B7	0	0	817	21	0	False
1300	B7	0	0	818	42	0	False
1301	B7	0	0	819	21	0	False
1302	B7	0	0	820	42	0	False
1303	B7	0	0	821	85	0	False
1304	B7	0	0	822	42	0	False
1305	B7	0	0	823	84	0	False
1306	B7	0	0	824	42	0	False
1307	B7	0	0	825	85	0	False
1308	B7	0	0	826	42	0	False
1309	B7	0	0	827	21	0	False
1310	B7	0	0	828	42	0	False
1311	B7	0	0	829	21	0	False
1312	B7	0	0	830	10	0	False
1313	B7	0	0	831	21	0	False
1314	B7	0	0	832	10	0	False
1315	B7	0	0	833	20	0	False
1316	B7	0	0	834	41	0	False
1317	B7	0	0	835	83	0	False
1318	B7	0	0	836	41	0	False
1319	B7	0	0	837	20	0	False
1320	B7	0	0	838	10	0	False
1321	B7	0	0	839	5	0	False
1322	B7	0	0	840	11	0	False
1323	B7	0	0	841	23	0	False
1324	B7	0	0	842	47	0	False
1325	B7	0	0	843	23	0	False
1326	B7	0	0	844	47	0	False
1327	B7	0	0	845	95	0	False
1328	B7	0	0	846	47	0	False
1329	B7	0	0	847	23	0	False
1330	B7	0	0	848	46	0	False
1331	B7	0	0	849	92	0	False
1332	B7	0	0	850	46	0	False
1333	B7	0	0	851	93	0	False
1334	B7	0	0	852	46	0	False
1335	B7	0	0	853	92	0	False
1336	B7	0	0	854	46	0	False
1337	B7	0	0	855	23	0	False
1338	B7	0	0	856	11	0	False
1339	B7	0	0	857	22	0	False
1340	B7	0	0	858	44	0	False
1341	B7	0	0	859	88	0	False
1342	B7	0	0	860	44	0	False
1343	B7	0	0	861	22	0	False
1344	B7	0	0	862	45	0	False
1345	B7	0	0	863	90	0	False
1346	B7	0	0	864	45	0	False
1347	B7	0	0	865	22	0	False
1348	B7	0	0	866	45	0	False
1349	B7	0	0	867	90	0	False
1350	B7	0	0	868	45	0	False
1351	B7	0	0	869	90	0	False
1352	B7	0	0	870	45	0	False
1353	B7	0	0	871	22	0	False
1354	B7	0	0	872	45	0	False
1355	B7	0	0	873	90	0	False
1356	B7	0	0	874	45	0	False
1357	B7	0	0	875	22	0	False
1358	B7	0	0	876	45	0	False
1359	B7	0	0	877	90	0	False
1360	B7	0	0	878	45	0	False
1361	B7	0	0	879	22	0	False
1362	B7	0	0	880	45	0	False
1363	B7	0	0	881	91	0	False
1364	B7	0	0	882	45	0	False
1365	B7	0	0	883	22	0	False
1366	B7	0	0	884	11	0	False
1367	B7	0	0	885	5	0	False
1368	B7	0	0	886	10	0	False
1369	B7	0	0	887	20	0	False
1370	B7	0	0	888	40	0	False
1371	B7	0	0	889	80	0	False
1372	B7	0	0	890	40	0	False
1373	B7	0	0	891	20	0	False
1374	B7	0	0	892	10	0	False
1375	B7	0	0	893	21	0	False
1376	B7	0	0	894	42	0	False
1377	B7	0	0	895	21	0	False
1378	B7	0	0	896	42	0	False
1379	B7	0	0	897	21	0	False
1380	B7	0	0	898	43	0	False
1381	B7	0	0	899	87	0	False
1382	B7	0	0	900	43	0	False
1383	B7	0	0	901	86	0	False
1384	B7	0	0	902	43	0	False
1385	B7	0	0	903	21	0	False
1386	B7	0	0	904	10	0	False
1387	B7	0	0	905	5	0	False
1388	B7	0	0	906	11	0	False
1389	B7	0	0	907	5	0	False
1390	B7	0	0	908	10	0	False
1391	B7	0	0	909	21	0	False
1392	B7	0	0	910	42	0	False
1393	B7	0	0	911	85	0	False
1394	B7	0	0	912	42	0	False
1395	B7	0	0	913	85	0	False
1396	B7	0	0	914	42	0	False
1397	B7	0	0	915	85	0	False
1398	B7	0	0	916	42	0	False
1399	B7	0	0	917	85	0	False
1400	B7	0	0	918	42	0	False
1401	B7	0	0	919	21	0	False
1402	B7	0	0	920	43	0	False
1403	B7	0	0	921	86	0	False
1404	B7	0	0	922	43	0	False
1405	B7	0	0	923	21	0	False
1406	B7	0	0	924	10	0	False
1407	B7	0	0	925	20	0	False
1408	B7	0	0	926	41	0	False
1409	B7	0	0	927	83	0	False
1410	B7	0	0	928	41	0	False
1411	B7	0	0	929	20	0	False
1412	B7	0	0	930	10	0	False
1413	B7	0	0	931	20	0	False
1414	B7	0	0	932	41	0	False
1415	B7	0	0	933	83	0	False
1416	B7	0	0	934	41	0	False
1417	B7	0	0	935	20	0	False
1418	B7	0	0	936	10	0	False
1419	B7	0	0	937	5	0	False
1420	B7	0	0	938	11	0	False
1421	B7	0	0	939	5	0	False
1422	B7	0	0	940	2	0	False
1423	B7	0	0	941	4	0	False
1424	B7	0	0	942	9	0	False
1425	B7	0	0	943	18	0	False
1426	B7	0	0	944	37	0	False
1427	B7	0	0	945	74	0	False
1428	B7	0	0	946	37	0	False
1429	B7	0	0	947	18	0	False
1430	B7	0	0	948	36	0	False
1431	B7	0	0	949	18	0	False
1432	B7	0	0	950	9	0	False
1433	B7	0	0	951	4	0	False
1434	B7	0	0	952	2	0	False
1435	B7	0	0	953	5	0	False
1436	B7	0	0	954	10	0	False
1437	B7	0	0	955	20	0	False
1438	B7	0	0	956	40	0	False
1439	B7	0	0	957	80	0	False
1440	B7	0	0	958	40	0	False
1441	B7	0	0	959	20	0	False
1442	B7	0	0	960	41	0	False
1443	B7	0	0	961	82	0	False
1444	B7	0	0	962	41	0	False
1445	B7	0	0	963	83	0	False
1446	B7	0	0	964	41	0	False
1447	B7	0	0	965	20	0	False
1448	B7	0	0	966	10	0	False
1449	B7	0	0	967	5	0	False
1450	B7	0	0	968	11	0	False
1451	B7	0	0	969	23	0	False
1452	B7	0	0	970	47	0	False
1453	B7	0	0	971	23	0	False
1454	B7	0	0	972	47	0	False
1455	B7	0	0	973	23	0	False
1456	B7	0	0	974	47	0	False
1457	B7	0	0	975	94	0	False
1458	B7	0	0	976	47	0	False
1459	B7	0	0	977	23	0	False
1460	B7	0	0	978	46	0	False
1461	B7	0	0	979	23	0	False
1462	B7	0	0	980	11	0	False
1463	B7	0	0	981	22	0	False
1464	B7	0	0	982	45	0	False
1465	B7	0	0	983	90	0	False
1466	B7	0	0	984	45	0	False
1467	B7	0	0	985	22	0	False
1468	B7	0	0	986	44	0	False
1469	B7	0	0	987	22	0	False
1470	B7	0	0	988	11	0	False
1471	B7	0	0	989	5	0	False
1472	B7	0	0	990	2	0	False
1473	B7	0	0	991	1	0	False
1474	B7	0	0	992	3	0	False
1475	B7	0	0	993	1	0	False
1476	B7	0	0	994	0	0	False
1477	B7	0	0	995	1	0	False
1478	B7	0	0	996	3	0	False
1479	B7	0	0	997	7	0	False
1480	B7	0	0	998	15	0	False
1481	B7	0	0	999	31	0	False
1482	B7	0	0	1000	63	0	False
1483	B7	0	0	1001	127	0	False
1484	B7	0	0	1002	63	0	False
1485	B7	0	0	1003	127	0	False
1486	B7	0	0	1004	63	0	False
1487	B7	0	0	1005	31	0	False
1488	B7	0	0	1006	63	0	False
1489	B7	0	0	1007	31	0	False
1490	B7	0	0	1008	62	0	False
1491	B7	0	0	1009	124	0	False
1492	B7	0	0	1010	62	0	False
1493	B7	0	0	1011	31	0	False
1494	B7	0	0	1012	15	0	False
1495	B7	0	0	1013	7	0	False
1496	B7	0	0	1014	14	0	False
1497	B7	0	0	1015	29	0	False
1498	B7	0	0	1016	58	0	False
1499	B7	0	0	1017	116	0	False
1500	B7	0	0	1018	58	0	False
1501	B7	0	0	1019	117	0	True
1502	D3	0	0	0	0	0	False
1503	D3	0	0	1	1	0	False
1504	D3	0	0	2	3	0	False
1505	D3	0	0	3	7	0	False
1506	D3	0	0	4	15	0	False
1507	D3	0	0	5	31	0	False
1508	D3	0	0	6	62	0	False
1509	D3	0	0	7	125	0	False
1510	D3	0	0	8	62	0	False
1511	D3	0	0	9	125	0	False
1512	D3	0	0	10	62	0	False
1513	D3	0	0	11	31	0	False
1514	D3	0	0	12	63	0	False
1515	D3	0	0	13	127	0	False
1516	D3	0	0	14	63	0	False
1517	D3	0	0	15	126	0	False
1518	D3	0	0	16	63	0	False
1519	D3	0	0	17	127	0	False
1520	D3	0	0	18	63	0	False
1521	D3	0	0	19	31	0	False
1522	D3	0	0	20	62	0	False
1523	D3	0	0	21	124	0	False
1524	D3	0	0	22	62	0	False
1525	D3	0	0	23	31	0	False
1526	D3	0	0	24	15	0	False
1527	D3	0	0	25	30	0	False
1528	D3	0	0	26	61	0	False
1529	D3	0	0	27	122	0	False
1530	D3	0	0	28	61	0	False
1531	D3	0	0	29	30	0	False
1532	D3	0	0	30	60	0	False
1533	D3	0	0	31	120	0	False
1534	D3	0	0	32	60	0	False
1535	D3	0	0	33	121	0	False
1536	D3	0	0	34	60	0	False
1537	D3	0	0	35	120	0	False
1538	D3	0	0	36	60	0	False
1539	D3	0	0	37	120	0	False
1540	D3	0	0	38	60	0	False
1541	D3	0	0	39	120	0	False
1542	D3	0	0	40	60	0	False
1543	D3	0	0	41	30	0	False
1544	D3	0	0	42	61	0	False
1545	D3	0	0	43	122	0	False
1546	D3	0	0	44	61	0	False
1547	D3	0	0	45	123	0	False
1548	D3	0	0	46	61	0	False
1549	D3	0	0	47	30	0	False
1550	D3	0	0	48	60	0	False
1551	D3	0	0	49	121	0	False
1552	D3	0	0	50	60	0	False
1553	D3	0	0	51	120	0	False
1554	D3	0	0	52	60	0	False
1555	D3	0	0	53	121	0	False
1556	D3	0	0	54	60	0	False
1557	D3	0	0	55	30	0	False
1558	D3	0	0	56	15	0	False
1559	D3	0	0	57	31	0	False
1560	D3	0	0	58	63	0	False
1561	D3	0	0	59	127	0	False
1562	D3	0	0	60	63	0	False
1563	D3	0	0	61	31	0	False
1564	D3	0	0	62	62	0	False
1565	D3	0	0	63	125	0	False
1566	D3	0	0	64	62	0	False
1567	D3	0	0	65	124	0	False
1568	D3	0	0	66	62	0	False
1569	D3	0	0	67	31	0	False
1570	D3	0	0	68	15	0	False
1571	D3	0	0	69	30	0	False
1572	D3	0	0	70	61	0	False
1573	D3	0	0	71	122	0	False
1574	D3	0	0	72	61	0	False
1575	D3	0	0	73	30	0	False
1576	D3	0	0	74	60	0	False
1577	D3	0	0	75	120	0	False
1578	D3	0	0	76	60	0	False
1579	D3	0	0	77	121	0	False
1580	D3	0	0	78	60	0	False
1581	D3	0	0	79	30	0	False
1582	D3	0	0	80	61	0	False
1583	D3	0	0	81	30	0	False
1584	D3	0	0	82	15	0	False
1585	D3	0	0	83	31	0	False
1586	D3	0	0	84	62	0	False
1587	D3	0	0	85	125	0	False
1588	D3	0	0	86	62	0	False
1589	D3	0	0	87	31	0	False
1590	D3	0	0	88	63	0	False
1591	D3	0	0	89	127	0	False
1592	D3	0	0	90	63	0	False
1593	D3	0	0	91	126	0	False
1594	D3	0	0	92	63	0	False
1595	D3	0	0	93	31	0	False
1596	D3	0	0	94	15	0	False
1597	D3	0	0	95	7	0	False
1598	D3	0	0	96	14	0	False
1599	D3	0	0	97	29	0	False
1600	D3	0	0	98	58	0	False
1601	D3	0	0	99	117	0	True
1602	D4	0	0	0	0	0	False
1603	D4	0	0	1	1	0	False
1604	D4	0	0	2	3	0	False
1605	D4	0	0	3	6	0	False
1606	D4	0	0	4	13	0	False
1607	D4	0	0	5	6	0	False
1608	D4	0	0	6	12	0	False
1609	D4	0	0	7	25	0	False
1610	D4	0	0	8	50	0	False
1611	D4	0	0	9	100	0	False
1612	D4	0	0	10	50	0	False
1613	D4	0	0	11	25	0	False
1614	D4	0	0	12	50	0	False
1615	D4	0	0	13	25	0	False
1616	D4	0	0	14	51	0	False
1617	D4	0	0	15	103	0	False
1618	D4	0	0	16	51	0	False
1619	D4	0	0	17	103	0	False
1620	D4	0	0	18	51	0	False
1621	D4	0	0	19	25	0	False
1622	D4	0	0	20	50	0	False
1623	D4	0	0	21	101	0	False
1624	D4	0	0	22	50	0	False
1625	D4	0	0	23	100	0	False
1626	D4	0	0	24	50	0	False
1627	D4	0	0	25	101	0	False
1628	D4	0	0	26	50	0	False
1629	D4	0	0	27	25	0	False
1630	D4	0	0	28	51	0	False
1631	D4	0	0	29	103	0	False
1632	D4	0	0	30	51	0	False
1633	D4	0	0	31	103	0	False
1634	D4	0	0	32	51	0	False
1635	D4	0	0	33	102	0	False
1636	D4	0	0	34	51	0	False
1637	D4	0	0	35	25	0	False
1638	D4	0	0	36	12	0	False
1639	D4	0	0	37	24	0	False
1640	D4	0	0	38	48	0	False
1641	D4	0	0	39	24	0	False
1642	D4	0	0	40	49	0	False
1643	D4	0	0	41	98	0	False
1644	D4	0	0	42	49	0	False
1645	D4	0	0	43	99	0	False
1646	D4	0	0	44	49	0	False
1647	D4	0	0	45	98	0	False
1648	D4	0	0	46	49	0	False
1649	D4	0	0	47	24	0	False
1650	D4	0	0	48	48	0	False
1651	D4	0	0	49	96	0	False
1652	D4	0	0	50	48	0	False
1653	D4	0	0	51	97	0	False
1654	D4	0	0	52	48	0	False
1655	D4	0	0	53	24	0	False
1656	D4	0	0	54	49	0	False
1657	D4	0	0	55	98	0	False
1658	D4	0	0	56	49	0	False
1659	D4	0	0	57	99	0	False
1660	D4	0	0	58	49	0	False
1661	D4	0	0	59	24	0	False
1662	D4	0	0	60	12	0	False
1663	D4	0	0	61	6	0	False
1664	D4	0	0	62	13	0	False
1665	D4	0	0	63	26	0	False
1666	D4	0	0	64	53	0	False
1667	D4	0	0	65	106	0	False
1668	D4	0	0	66	53	0	False
1669	D4	0	0	67	26	0	False
1670	D4	0	0	68	53	0	False
1671	D4	0	0	69	106	0	False
1672	D4	0	0	70	53	0	False
1673	D4	0	0	71	106	0	False
1674	D4	0	0	72	53	0	False
1675	D4	0	0	73	107	0	False
1676	D4	0	0	74	53	0	False
1677	D4	0	0	75	26	0	False
1678	D4	0	0	76	52	0	False
1679	D4	0	0	77	104	0	False
1680	D4	0	0	78	52	0	False
1681	D4	0	0	79	105	0	False
1682	D4	0	0	80	52	0	False
1683	D4	0	0	81	26	0	False
1684	D4	0	0	82	13	0	False
1685	D4	0	0	83	6	0	False
1686	D4	0	0	84	12	0	False
1687	D4	0	0	85	25	0	False
1688	D4	0	0	86	50	0	False
1689	D4	0	0	87	101	0	False
1690	D4	0	0	88	50	0	False
1691	D4	0	0	89	100	0	False
1692	D4	0	0	90	50	0	False
1693	D4	0	0	91	25	0	False
1694	D4	0	0	92	51	0	False
1695	D4	0	0	93	103	0	False
1696	D4	0	0	94	51	0	False
1697	D4	0	0	95	102	0	False
1698	D4	0	0	96	51	0	False
1699	D4	0	0	97	25	0	False
1700	D4	0	0	98	51	0	False
1701	D4	0	0	99	25	0	False
1702	D4	0	0	100	12	0	False
1703	D4	0	0	101	24	0	False
1704	D4	0	0	102	48	0	False
1705	D4	0	0	103	96	0	False
1706	D4	0	0	104	48	0	False
1707	D4	0	0	105	24	0	False
1708	D4	0	0	106	49	0	False
1709	D4	0	0	107	98	0	False
1710	D4	0	0	108	49	0	False
1711	D4	0	0	109	99	0	False
1712	D4	0	0	110	49	0	False
1713	D4	0	0	111	24	0	False
1714	D4	0	0	112	12	0	False
1715	D4	0	0	113	25	0	False
1716	D4	0	0	114	50	0	False
1717	D4	0	0	115	101	0	False
1718	D4	0	0	116	50	0	False
1719	D4	0	0	117	25	0	False
1720	D4	0	0	118	50	0	False
1721	D4	0	0	119	101	0	False
1722	D4	0	0	120	50	0	False
1723	D4	0	0	121	25	0	False
1724	D4	0	0	122	51	0	False
1725	D4	0	0	123	102	0	False
1726	D4	0	0	124	51	0	False
1727	D4	0	0	125	25	0	False
1728	D4	0	0	126	50	0	False
1729	D4	0	0	127	100	0	False
1730	D4	0	0	128	50	0	False
1731	D4	0	0	129	101	0	False
1732	D4	0	0	130	50	0	False
1733	D4	0	0	131	25	0	False
1734	D4	0	0	132	12	0	False
1735	D4	0	0	133	24	0	False
1736	D4	0	0	134	48	0	False
1737	D4	0	0	135	96	0	False
1738	D4	0	0	136	48	0	False
1739	D4	0	0	137	24	0	False
1740	D4	0	0	138	49	0	False
1741	D4	0	0	139	98	0	False
1742	D4	0	0	140	49	0	False
1743	D4	0	0	141	99	0	False
1744	D4	0	0	142	49	0	False
1745	D4	0	0	143	24	0	False
1746	D4	0	0	144	12	0	False
1747	D4	0	0	145	25	0	False
1748	D4	0	0	146	50	0	False
1749	D4	0	0	147	101	0	False
1750	D4	0	0	148	50	0	False
1751	D4	0	0	149	25	0	False
1752	D4	0	0	150	51	0	False
1753	D4	0	0	151	103	0	False
1754	D4	0	0	152	51	0	False
1755	D4	0	0	153	102	0	False
1756	D4	0	0	154	51	0	False
1757	D4	0	0	155	25	0	False
1758	D4	0	0	156	51	0	False
1759	D4	0	0	157	103	0	False
1760	D4	0	0	158	51	0	False
1761	D4	0	0	159	25	0	False
1762	D4	0	0	160	50	0	False
1763	D4	0	0	161	101	0	False
1764	D4	0	0	162	50	0	False
1765	D4	0	0	163	100	0	False
1766	D4	0	0	164	50	0	False
1767	D4	0	0	165	25	0	False
1768	D4	0	0	166	12	0	False
1769	D4	0	0	167	24	0	False
1770	D4	0	0	168	48	0	False
1771	D4	0	0	169	96	0	False
1772	D4	0	0	170	48	0	False
1773	D4	0	0	171	24	0	False
1774	D4	0	0	172	49	0	False
1775	D4	0	0	173	98	0	False
1776	D4	0	0	174	49	0	False
1777	D4	0	0	175	24	0	False
1778	D4	0	0	176	49	0	False
1779	D4	0	0	177	98	0	False
1780	D4	0	0	178	49	0	False
1781	D4	0	0	179	99	0	False
1782	D4	0	0	180	49	0	False
1783	D4	0	0	181	24	0	False
1784	D4	0	0	182	12	0	False
1785	D4	0	0	183	6	0	False
1786	D4	0	0	184	13	0	False
1787	D4	0	0	185	27	0	False
1788	D4	0	0	186	55	0	False
1789	D4	0	0	187	111	0	False
1790	D4	0	0	188	55	0	False
1791	D4	0	0	189	110	0	False
1792	D4	0	0	190	55	0	False
1793	D4	0	0	191	27	0	False
1794	D4	0	0	192	55	0	False
1795	D4	0	0	193	111	0	False
1796	D4	0	0	194	55	0	False
1797	D4	0	0	195	110	0	False
1798	D4	0	0	196	55	0	False
1799	D4	0	0	197	27	0	False
1800	D4	0	0	198	13	0	False
1801	D4	0	0	199	26	0	False
1802	D4	0	0	200	52	0	False
1803	D4	0	0	201	105	0	False
1804	D4	0	0	202	52	0	False
1805	D4	0	0	203	26	0	False
1806	D4	0	0	204	53	0	False
1807	D4	0	0	205	106	0	False
1808	D4	0	0	206	53	0	False
1809	D4	0	0	207	107	0	False
1810	D4	0	0	208	53	0	False
1811	D4	0	0	209	106	0	False
1812	D4	0	0	210	53	0	False
1813	D4	0	0	211	26	0	False
1814	D4	0	0	212	52	0	False
1815	D4	0	0	213	105	0	False
1816	D4	0	0	214	52	0	False
1817	D4	0	0	215	26	0	False
1818	D4	0	0	216	13	0	False
1819	D4	0	0	217	27	0	False
1820	D4	0	0	218	55	0	False
1821	D4	0	0	219	111	0	False
1822	D4	0	0	220	55	0	False
1823	D4	0	0	221	27	0	False
1824	D4	0	0	222	55	0	False
1825	D4	0	0	223	111	0	False
1826	D4	0	0	224	55	0	False
1827	D4	0	0	225	27	0	False
1828	D4	0	0	226	54	0	False
1829	D4	0	0	227	109	0	False
1830	D4	0	0	228	54	0	False
1831	D4	0	0	229	108	0	False
1832	D4	0	0	230	54	0	False
1833	D4	0	0	231	27	0	False
1834	D4	0	0	232	13	0	False
1835	D4	0	0	233	6	0	False
1836	D4	0	0	234	12	0	False
1837	D4	0	0	235	25	0	False
1838	D4	0	0	236	50	0	False
1839	D4	0	0	237	101	0	False
1840	D4	0	0	238	50	0	False
1841	D4	0	0	239	100	0	False
1842	D4	0	0	240	50	0	False
1843	D4	0	0	241	101	0	False
1844	D4	0	0	242	50	0	False
1845	D4	0	0	243	25	0	False
1846	D4	0	0	244	50	0	False
1847	D4	0	0	245	101	0	False
1848	D4	0	0	246	50	0	False
1849	D4	0	0	247	25	0	False
1850	D4	0	0	248	51	0	False
1851	D4	0	0	249	103	0	False
1852	D4	0	0	250	51	0	False
1853	D4	0	0	251	102	0	False
1854	D4	0	0	252	51	0	False
1855	D4	0	0	253	25	0	False
1856	D4	0	0	254	12	0	False
1857	D4	0	0	255	24	0	False
1858	D4	0	0	256	48	0	False
1859	D4	0	0	257	96	0	False
1860	D4	0	0	258	48	0	False
1861	D4	0	0	259	24	0	False
1862	D4	0	0	260	48	0	False
1863	D4	0	0	261	96	0	False
1864	D4	0	0	262	48	0	False
1865	D4	0	0	263	96	0	False
1866	D4	0	0	264	48	0	False
1867	D4	0	0	265	24	0	False
1868	D4	0	0	266	48	0	False
1869	D4	0	0	267	96	0	False
1870	D4	0	0	268	48	0	False
1871	D4	0	0	269	96	0	False
1872	D4	0	0	270	48	0	False
1873	D4	0	0	271	97	0	False
1874	D4	0	0	272	48	0	False
1875	D4	0	0	273	24	0	False
1876	D4	0	0	274	49	0	False
1877	D4	0	0	275	98	0	False
1878	D4	0	0	276	49	0	False
1879	D4	0	0	277	99	0	False
1880	D4	0	0	278	49	0	False
1881	D4	0	0	279	24	0	False
1882	D4	0	0	280	12	0	False
1883	D4	0	0	281	6	0	False
1884	D4	0	0	282	13	0	False
1885	D4	0	0	283	26	0	False
1886	D4	0	0	284	53	0	False
1887	D4	0	0	285	107	0	False
1888	D4	0	0	286	53	0	False
1889	D4	0	0	287	26	0	False
1890	D4	0	0	288	53	0	False
1891	D4	0	0	289	106	0	False
1892	D4	0	0	290	53	0	False
1893	D4	0	0	291	26	0	False
1894	D4	0	0	292	52	0	False
1895	D4	0	0	293	104	0	False
1896	D4	0	0	294	52	0	False
1897	D4	0	0	295	26	0	False
1898	D4	0	0	296	52	0	False
1899	D4	0	0	297	104	0	False
1900	D4	0	0	298	52	0	False
1901	D4	0	0	299	26	0	False
1902	D4	0	0	300	53	0	False
1903	D4	0	0	301	26	0	False
1904	D4	0	0	302	53	0	False
1905	D4	0	0	303	106	0	False
1906	D4	0	0	304	53	0	False
1907	D4	0	0	305	107	0	False
1908	D4	0	0	306	53	0	False
1909	D4	0	0	307	26	0	False
1910	D4	0	0	308	52	0	False
1911	D4	0	0	309	105	0	False
1912	D4	0	0	310	52	0	False
1913	D4	0	0	311	104	0	False
1914	D4	0	0	312	52	0	False
1915	D4	0	0	313	104	0	False
1916	D4	0	0	314	52	0	False
1917	D4	0	0	315	26	0	False
1918	D4	0	0	316	13	0	False
1919	D4	0	0	317	27	0	False
1920	D4	0	0	318	55	0	False
1921	D4	0	0	319	111	0	False
1922	D4	0	0	320	55	0	False
1923	D4	0	0	321	110	0	False
1924	D4	0	0	322	55	0	False
1925	D4	0	0	323	27	0	False
1926	D4	0	0	324	13	0	False
1927	D4	0	0	325	26	0	False
1928	D4	0	0	326	53	0	False
1929	D4	0	0	327	107	0	False
1930	D4	0	0	328	53	0	False
1931	D4	0	0	329	26	0	False
1932	D4	0	0	330	52	0	False
1933	D4	0	0	331	26	0	False
1934	D4	0	0	332	13	0	False
1935	D4	0	0	333	6	0	False
1936	D4	0	0	334	3	0	False
1937	D4	0	0	335	7	0	False
1938	D4	0	0	336	14	0	False
1939	D4	0	0	337	29	0	False
1940	D4	0	0	338	58	0	False
1941	D4	0	0	339	117	0	True
1942	D5	0	0	0	0	0	False
1943	D5	0	0	1	1	0	False
1944	D5	0	0	2	3	0	False
1945	D5	0	0	3	6	0	False
1946	D5	0	0	4	13	0	False
1947	D5	0	0	5	26	0	False
1948	D5	0	0	6	53	0	False
1949	D5	0	0	7	26	0	False
1950	D5	0	0	8	53	0	False
1951	D5	0	0	9	106	0	False
1952	D5	0	0	10	53	0	False
1953	D5	0	0	11	106	0	False
1954	D5	0	0	12	53	0	False
1955	D5	0	0	13	26	0	False
1956	D5	0	0	14	52	0	False
1957	D5	0	0	15	104	0	False
1958	D5	0	0	16	52	0	False
1959	D5	0	0	17	105	0	False
1960	D5	0	0	18	52	0	False
1961	D5	0	0	19	104	0	False
1962	D5	0	0	20	52	0	False
1963	D5	0	0	21	26	0	False
1964	D5	0	0	22	52	0	False
1965	D5	0	0	23	26	0	False
1966	D5	0	0	24	53	0	False
1967	D5	0	0	25	106	0	False
1968	D5	0	0	26	53	0	False
1969	D5	0	0	27	107	0	False
1970	D5	0	0	28	53	0	False
1971	D5	0	0	29	26	0	False
1972	D5	0	0	30	52	0	False
1973	D5	0	0	31	26	0	False
1974	D5	0	0	32	13	0	False
1975	D5	0	0	33	6	0	False
1976	D5	0	0	34	3	0	False
1977	D5	0	0	35	1	0	False
1978	D5	0	0	36	2	0	False
1979	D5	0	0	37	5	0	False
1980	D5	0	0	38	10	0	False
1981	D5	0	0	39	21	0	False
1982	D5	0	0	40	42	0	False
1983	D5	0	0	41	85	0	False
1984	D5	0	0	42	42	0	False
1985	D5	0	0	43	84	0	False
1986	D5	0	0	44	42	0	False
1987	D5	0	0	45	21	0	False
1988	D5	0	0	46	43	0	False
1989	D5	0	0	47	87	0	False
1990	D5	0	0	48	43	0	False
1991	D5	0	0	49	86	0	False
1992	D5	0	0	50	43	0	False
1993	D5	0	0	51	86	0	False
1994	D5	0	0	52	43	0	False
1995	D5	0	0	53	21	0	False
1996	D5	0	0	54	10	0	False
1997	D5	0	0	55	20	0	False
1998	D5	0	0	56	40	0	False
1999	D5	0	0	57	80	0	False
2000	D5	0	0	58	40	0	False
2001	D5	0	0	59	81	0	False
2002	D5	0	0	60	40	0	False
2003	D5	0	0	61	80	0	False
2004	D5	0	0	62	40	0	False
2005	D5	0	0	63	20	0	False
2006	D5	0	0	64	41	0	False
2007	D5	0	0	65	82	0	False
2008	D5	0	0	66	41	0	False
2009	D5	0	0	67	83	0	False
2010	D5	0	0	68	41	0	False
2011	D5	0	0	69	82	0	False
2012	D5	0	0	70	41	0	False
2013	D5	0	0	71	20	0	False
2014	D5	0	0	72	40	0	False
2015	D5	0	0	73	80	0	False
2016	D5	0	0	74	40	0	False
2017	D5	0	0	75	81	0	False
2018	D5	0	0	76	40	0	False
2019	D5	0	0	77	80	0	False
2020	D5	0	0	78	40	0	False
2021	D5	0	0	79	20	0	False
2022	D5	0	0	80	10	0	False
2023	D5	0	0	81	21	0	False
2024	D5	0	0	82	10	0	False
2025	D5	0	0	83	5	0	False
2026	D5	0	0	84	11	0	False
2027	D5	0	0	85	23	0	False
2028	D5	0	0	86	47	0	False
2029	D5	0	0	87	95	0	False
2030	D5	0	0	88	47	0	False
2031	D5	0	0	89	23	0	False
2032	D5	0	0	90	46	0	False
2033	D5	0	0	91	93	0	False
2034	D5	0	0	92	46	0	False
2035	D5	0	0	93	23	0	False
2036	D5	0	0	94	47	0	False
2037	D5	0	0	95	95	0	False
2038	D5	0	0	96	47	0	False
2039	D5	0	0	97	94	0	False
2040	D5	0	0	98	47	0	False
2041	D5	0	0	99	23	0	False
2042	D5	0	0	100	46	0	False
2043	D5	0	0	101	92	0	False
2044	D5	0	0	102	46	0	False
2045	D5	0	0	103	93	0	False
2046	D5	0	0	104	46	0	False
2047	D5	0	0	105	92	0	False
2048	D5	0	0	106	46	0	False
2049	D5	0	0	107	23	0	False
2050	D5	0	0	108	11	0	False
2051	D5	0	0	109	5	0	False
2052	D5	0	0	110	10	0	False
2053	D5	0	0	111	20	0	False
2054	D5	0	0	112	40	0	False
2055	D5	0	0	113	80	0	False
2056	D5	0	0	114	40	0	False
2057	D5	0	0	115	81	0	False
2058	D5	0	0	116	40	0	False
2059	D5	0	0	117	80	0	False
2060	D5	0	0	118	40	0	False
2061	D5	0	0	119	20	0	False
2062	D5	0	0	120	41	0	False
2063	D5	0	0	121	82	0	False
2064	D5	0	0	122	41	0	False
2065	D5	0	0	123	83	0	False
2066	D5	0	0	124	41	0	False
2067	D5	0	0	125	20	0	False
2068	D5	0	0	126	10	0	False
2069	D5	0	0	127	5	0	False
2070	D5	0	0	128	11	0	False
2071	D5	0	0	129	23	0	False
2072	D5	0	0	130	47	0	False
2073	D5	0	0	131	95	0	False
2074	D5	0	0	132	47	0	False
2075	D5	0	0	133	23	0	False
2076	D5	0	0	134	46	0	False
2077	D5	0	0	135	93	0	False
2078	D5	0	0	136	46	0	False
2079	D5	0	0	137	23	0	False
2080	D5	0	0	138	47	0	False
2081	D5	0	0	139	95	0	False
2082	D5	0	0	140	47	0	False
2083	D5	0	0	141	94	0	False
2084	D5	0	0	142	47	0	False
2085	D5	0	0	143	23	0	False
2086	D5	0	0	144	11	0	False
2087	D5	0	0	145	22	0	False
2088	D5	0	0	146	45	0	False
2089	D5	0	0	147	90	0	False
2090	D5	0	0	148	45	0	False
2091	D5	0	0	149	91	0	False
2092	D5	0	0	150	45	0	False
2093	D5	0	0	151	22	0	False
2094	D5	0	0	152	44	0	False
2095	D5	0	0	153	88	0	False
2096	D5	0	0	154	44	0	False
2097	D5	0	0	155	22	0	False
2098	D5	0	0	156	45	0	False
2099	D5	0	0	157	90	0	False
2100	D5	0	0	158	45	0	False
2101	D5	0	0	159	90	0	False
2102	D5	0	0	160	45	0	False
2103	D5	0	0	161	22	0	False
2104	D5	0	0	162	44	0	False
2105	D5	0	0	163	88	0	False
2106	D5	0	0	164	44	0	False
2107	D5	0	0	165	89	0	False
2108	D5	0	0	166	44	0	False
2109	D5	0	0	167	22	0	False
2110	D5	0	0	168	45	0	False
2111	D5	0	0	169	91	0	False
2112	D5	0	0	170	45	0	False
2113	D5	0	0	171	90	0	False
2114	D5	0	0	172	45	0	False
2115	D5	0	0	173	22	0	False
2116	D5	0	0	174	11	0	False
2117	D5	0	0	175	23	0	False
2118	D5	0	0	176	47	0	False
2119	D5	0	0	177	95	0	False
2120	D5	0	0	178	47	0	False
2121	D5	0	0	179	23	0	False
2122	D5	0	0	180	46	0	False
2123	D5	0	0	181	93	0	False
2124	D5	0	0	182	46	0	False
2125	D5	0	0	183	92	0	False
2126	D5	0	0	184	46	0	False
2127	D5	0	0	185	93	0	False
2128	D5	0	0	186	46	0	False
2129	D5	0	0	187	92	0	False
2130	D5	0	0	188	46	0	False
2131	D5	0	0	189	23	0	False
2132	D5	0	0	190	47	0	False
2133	D5	0	0	191	94	0	False
2134	D5	0	0	192	47	0	False
2135	D5	0	0	193	95	0	False
2136	D5	0	0	194	47	0	False
2137	D5	0	0	195	94	0	False
2138	D5	0	0	196	47	0	False
2139	D5	0	0	197	23	0	False
2140	D5	0	0	198	11	0	False
2141	D5	0	0	199	22	0	False
2142	D5	0	0	200	44	0	False
2143	D5	0	0	201	88	0	False
2144	D5	0	0	202	44	0	False
2145	D5	0	0	203	22	0	False
2146	D5	0	0	204	45	0	False
2147	D5	0	0	205	90	0	False
2148	D5	0	0	206	45	0	False
2149	D5	0	0	207	22	0	False
2150	D5	0	0	208	44	0	False
2151	D5	0	0	209	88	0	False
2152	D5	0	0	210	44	0	False
2153	D5	0	0	211	89	0	False
2154	D5	0	0	212	44	0	False
2155	D5	0	0	213	22	0	False
2156	D5	0	0	214	11	0	False
2157	D5	0	0	215	23	0	False
2158	D5	0	0	216	47	0	False
2159	D5	0	0	217	95	0	False
2160	D5	0	0	218	47	0	False
2161	D5	0	0	219	94	0	False
2162	D5	0	0	220	47	0	False
2163	D5	0	0	221	95	0	False
2164	D5	0	0	222	47	0	False
2165	D5	0	0	223	23	0	False
2166	D5	0	0	224	46	0	False
2167	D5	0	0	225	93	0	False
2168	D5	0	0	226	46	0	False
2169	D5	0	0	227	92	0	False
2170	D5	0	0	228	46	0	False
2171	D5	0	0	229	23	0	False
2172	D5	0	0	230	11	0	False
2173	D5	0	0	231	5	0	False
2174	D5	0	0	232	10	0	False
2175	D5	0	0	233	20	0	False
2176	D5	0	0	234	40	0	False
2177	D5	0	0	235	20	0	False
2178	D5	0	0	236	40	0	False
2179	D5	0	0	237	80	0	False
2180	D5	0	0	238	40	0	False
2181	D5	0	0	239	20	0	False
2182	D5	0	0	240	41	0	False
2183	D5	0	0	241	82	0	False
2184	D5	0	0	242	41	0	False
2185	D5	0	0	243	82	0	False
2186	D5	0	0	244	41	0	False
2187	D5	0	0	245	83	0	False
2188	D5	0	0	246	41	0	False
2189	D5	0	0	247	20	0	False
2190	D5	0	0	248	10	0	False
2191	D5	0	0	249	5	0	False
2192	D5	0	0	250	11	0	False
2193	D5	0	0	251	22	0	False
2194	D5	0	0	252	11	0	False
2195	D5	0	0	253	23	0	False
2196	D5	0	0	254	47	0	False
2197	D5	0	0	255	94	0	False
2198	D5	0	0	256	47	0	False
2199	D5	0	0	257	23	0	False
2200	D5	0	0	258	11	0	False
2201	D5	0	0	259	5	0	False
2202	D5	0	0	260	2	0	False
2203	D5	0	0	261	1	0	False
2204	D5	0	0	262	0	0	False
2205	D5	0	0	263	1	0	False
2206	D5	0	0	264	3	0	False
2207	D5	0	0	265	6	0	False
2208	D5	0	0	266	13	0	False
2209	D5	0	0	267	26	0	False
2210	D5	0	0	268	53	0	False
2211	D5	0	0	269	106	0	False
2212	D5	0	0	270	53	0	False
2213	D5	0	0	271	106	0	False
2214	D5	0	0	272	53	0	False
2215	D5	0	0	273	26	0	False
2216	D5	0	0	274	52	0	False
2217	D5	0	0	275	105	0	False
2218	D5	0	0	276	52	0	False
2219	D5	0	0	277	105	0	False
2220	D5	0	0	278	52	0	False
2221	D5	0	0	279	104	0	False
2222	D5	0	0	280	52	0	False
2223	D5	0	0	281	26	0	False
2224	D5	0	0	282	13	0	False
2225	D5	0	0	283	27	0	False
2226	D5	0	0	284	55	0	False
2227	D5	0	0	285	111	0	False
2228	D5	0	0	286	55	0	False
2229	D5	0	0	287	111	0	False
2230	D5	0	0	288	55	0	False
2231	D5	0	0	289	110	0	False
2232	D5	0	0	290	55	0	False
2233	D5	0	0	291	111	0	False
2234	D5	0	0	292	55	0	False
2235	D5	0	0	293	27	0	False
2236	D5	0	0	294	54	0	False
2237	D5	0	0	295	109	0	False
2238	D5	0	0	296	54	0	False
2239	D5	0	0	297	108	0	False
2240	D5	0	0	298	54	0	False
2241	D5	0	0	299	27	0	False
2242	D5	0	0	300	13	0	False
2243	D5	0	0	301	26	0	False
2244	D5	0	0	302	52	0	False
2245	D5	0	0	303	104	0	False
2246	D5	0	0	304	52	0	False
2247	D5	0	0	305	26	0	False
2248	D5	0	0	306	13	0	False
2249	D5	0	0	307	6	0	False
2250	D5	0	0	308	12	0	False
2251	D5	0	0	309	24	0	False
2252	D5	0	0	310	48	0	False
2253	D5	0	0	311	96	0	False
2254	D5	0	0	312	48	0	False
2255	D5	0	0	313	24	0	False
2256	D5	0	0	314	49	0	False
2257	D5	0	0	315	98	0	False
2258	D5	0	0	316	49	0	False
2259	D5	0	0	317	99	0	False
2260	D5	0	0	318	49	0	False
2261	D5	0	0	319	24	0	False
2262	D5	0	0	320	12	0	False
2263	D5	0	0	321	6	0	False
2264	D5	0	0	322	13	0	False
2265	D5	0	0	323	26	0	False
2266	D5	0	0	324	53	0	False
2267	D5	0	0	325	106	0	False
2268	D5	0	0	326	53	0	False
2269	D5	0	0	327	107	0	False
2270	D5	0	0	328	53	0	False
2271	D5	0	0	329	26	0	False
2272	D5	0	0	330	13	0	False
2273	D5	0	0	331	6	0	False
2274	D5	0	0	332	3	0	False
2275	D5	0	0	333	7	0	False
2276	D5	0	0	334	15	0	False
2277	D5	0	0	335	31	0	False
2278	D5	0	0	336	63	0	False
2279	D5	0	0	337	127	0	False
2280	D5	0	0	338	63	0	False
2281	D5	0	0	339	31	0	False
2282	D5	0	0	340	63	0	False
2283	D5	0	0	341	31	0	False
2284	D5	0	0	342	15	0	False
2285	D5	0	0	343	7	0	False
2286	D5	0	0	344	14	0	False
2287	D5	0	0	345	29	0	False
2288	D5	0	0	346	58	0	False
2289	D5	0	0	347	117	0	True
2290	D7	0	0	0	0	0	False
2291	D7	0	0	1	1	0	False
2292	D7	0	0	2	3	0	False
2293	D7	0	0	3	6	0	False
2294	D7	0	0	4	13	0	False
2295	D7	0	0	5	6	0	False
2296	D7	0	0	6	13	0	False
2297	D7	0	0	7	26	0	False
2298	D7	0	0	8	53	0	False
2299	D7	0	0	9	106	0	False
2300	D7	0	0	10	53	0	False
2301	D7	0	0	11	106	0	False
2302	D7	0	0	12	53	0	False
2303	D7	0	0	13	107	0	False
2304	D7	0	0	14	53	0	False
2305	D7	0	0	15	26	0	False
2306	D7	0	0	16	53	0	False
2307	D7	0	0	17	106	0	False
2308	D7	0	0	18	53	0	False
2309	D7	0	0	19	26	0	False
2310	D7	0	0	20	52	0	False
2311	D7	0	0	21	104	0	False
2312	D7	0	0	22	52	0	False
2313	D7	0	0	23	105	0	False
2314	D7	0	0	24	52	0	False
2315	D7	0	0	25	104	0	False
2316	D7	0	0	26	52	0	False
2317	D7	0	0	27	105	0	False
2318	D7	0	0	28	52	0	False
2319	D7	0	0	29	26	0	False
2320	D7	0	0	30	53	0	False
2321	D7	0	0	31	107	0	False
2322	D7	0	0	32	53	0	False
2323	D7	0	0	33	106	0	False
2324	D7	0	0	34	53	0	False
2325	D7	0	0	35	107	0	False
2326	D7	0	0	36	53	0	False
2327	D7	0	0	37	26	0	False
2328	D7	0	0	38	13	0	False
2329	D7	0	0	39	27	0	False
2330	D7	0	0	40	55	0	False
2331	D7	0	0	41	111	0	False
2332	D7	0	0	42	55	0	False
2333	D7	0	0	43	27	0	False
2334	D7	0	0	44	54	0	False
2335	D7	0	0	45	109	0	False
2336	D7	0	0	46	54	0	False
2337	D7	0	0	47	108	0	False
2338	D7	0	0	48	54	0	False
2339	D7	0	0	49	27	0	False
2340	D7	0	0	50	54	0	False
2341	D7	0	0	51	108	0	False
2342	D7	0	0	52	54	0	False
2343	D7	0	0	53	27	0	False
2344	D7	0	0	54	13	0	False
2345	D7	0	0	55	6	0	False
2346	D7	0	0	56	12	0	False
2347	D7	0	0	57	24	0	False
2348	D7	0	0	58	48	0	False
2349	D7	0	0	59	96	0	False
2350	D7	0	0	60	48	0	False
2351	D7	0	0	61	97	0	False
2352	D7	0	0	62	48	0	False
2353	D7	0	0	63	96	0	False
2354	D7	0	0	64	48	0	False
2355	D7	0	0	65	96	0	False
2356	D7	0	0	66	48	0	False
2357	D7	0	0	67	97	0	False
2358	D7	0	0	68	48	0	False
2359	D7	0	0	69	24	0	False
2360	D7	0	0	70	49	0	False
2361	D7	0	0	71	99	0	False
2362	D7	0	0	72	49	0	False
2363	D7	0	0	73	98	0	False
2364	D7	0	0	74	49	0	False
2365	D7	0	0	75	99	0	False
2366	D7	0	0	76	49	0	False
2367	D7	0	0	77	99	0	False
2368	D7	0	0	78	49	0	False
2369	D7	0	0	79	24	0	False
2370	D7	0	0	80	12	0	False
2371	D7	0	0	81	25	0	False
2372	D7	0	0	82	51	0	False
2373	D7	0	0	83	103	0	False
2374	D7	0	0	84	51	0	False
2375	D7	0	0	85	102	0	False
2376	D7	0	0	86	51	0	False
2377	D7	0	0	87	25	0	False
2378	D7	0	0	88	50	0	False
2379	D7	0	0	89	101	0	False
2380	D7	0	0	90	50	0	False
2381	D7	0	0	91	100	0	False
2382	D7	0	0	92	50	0	False
2383	D7	0	0	93	25	0	False
2384	D7	0	0	94	50	0	False
2385	D7	0	0	95	101	0	False
2386	D7	0	0	96	50	0	False
2387	D7	0	0	97	25	0	False
2388	D7	0	0	98	51	0	False
2389	D7	0	0	99	103	0	False
2390	D7	0	0	100	51	0	False
2391	D7	0	0	101	102	0	False
2392	D7	0	0	102	51	0	False
2393	D7	0	0	103	25	0	False
2394	D7	0	0	104	12	0	False
2395	D7	0	0	105	24	0	False
2396	D7	0	0	106	49	0	False
2397	D7	0	0	107	98	0	False
2398	D7	0	0	108	49	0	False
2399	D7	0	0	109	99	0	False
2400	D7	0	0	110	49	0	False
2401	D7	0	0	111	98	0	False
2402	D7	0	0	112	49	0	False
2403	D7	0	0	113	24	0	False
2404	D7	0	0	114	48	0	False
2405	D7	0	0	115	96	0	False
2406	D7	0	0	116	48	0	False
2407	D7	0	0	117	97	0	False
2408	D7	0	0	118	48	0	False
2409	D7	0	0	119	96	0	False
2410	D7	0	0	120	48	0	False
2411	D7	0	0	121	96	0	False
2412	D7	0	0	122	48	0	False
2413	D7	0	0	123	96	0	False
2414	D7	0	0	124	48	0	False
2415	D7	0	0	125	24	0	False
2416	D7	0	0	126	49	0	False
2417	D7	0	0	127	98	0	False
2418	D7	0	0	128	49	0	False
2419	D7	0	0	129	99	0	False
2420	D7	0	0	130	49	0	False
2421	D7	0	0	131	24	0	False
2422	D7	0	0	132	12	0	False
2423	D7	0	0	133	6	0	False
2424	D7	0	0	134	3	0	False
2425	D7	0	0	135	7	0	False
2426	D7	0	0	136	14	0	False
2427	D7	0	0	137	29	0	False
2428	D7	0	0	138	58	0	False
2429	D7	0	0	139	117	0	True
2430	D8	0	0	0	0	0	False
2431	D8	0	0	1	1	0	False
2432	D8	0	0	2	3	0	False
2433	D8	0	0	3	7	0	False
2434	D8	0	0	4	15	0	False
2435	D8	0	0	5	31	0	False
2436	D8	0	0	6	63	0	False
2437	D8	0	0	7	31	0	False
2438	D8	0	0	8	62	0	False
2439	D8	0	0	9	125	0	False
2440	D8	0	0	10	62	0	False
2441	D8	0	0	11	125	0	False
2442	D8	0	0	12	62	0	False
2443	D8	0	0	13	31	0	False
2444	D8	0	0	14	63	0	False
2445	D8	0	0	15	127	0	False
2446	D8	0	0	16	63	0	False
2447	D8	0	0	17	126	0	False
2448	D8	0	0	18	63	0	False
2449	D8	0	0	19	127	0	False
2450	D8	0	0	20	63	0	False
2451	D8	0	0	21	31	0	False
2452	D8	0	0	22	63	0	False
2453	D8	0	0	23	127	0	False
2454	D8	0	0	24	63	0	False
2455	D8	0	0	25	31	0	False
2456	D8	0	0	26	62	0	False
2457	D8	0	0	27	124	0	False
2458	D8	0	0	28	62	0	False
2459	D8	0	0	29	125	0	False
2460	D8	0	0	30	62	0	False
2461	D8	0	0	31	125	0	False
2462	D8	0	0	32	62	0	False
2463	D8	0	0	33	124	0	False
2464	D8	0	0	34	62	0	False
2465	D8	0	0	35	31	0	False
2466	D8	0	0	36	15	0	False
2467	D8	0	0	37	7	0	False
2468	D8	0	0	38	14	0	False
2469	D8	0	0	39	29	0	False
2470	D8	0	0	40	59	0	False
2471	D8	0	0	41	119	0	False
2472	D8	0	0	42	59	0	False
2473	D8	0	0	43	29	0	False
2474	D8	0	0	44	58	0	False
2475	D8	0	0	45	117	0	True
2476	D9	0	0	0	0	0	False
2477	D9	0	0	1	1	0	False
2478	D9	0	0	2	2	0	False
2479	D9	0	0	3	4	0	False
2480	D9	0	0	4	9	0	False
2481	D9	0	0	5	4	0	False
2482	D9	0	0	6	8	0	False
2483	D9	0	0	7	16	0	False
2484	D9	0	0	8	32	0	False
2485	D9	0	0	9	64	0	False
2486	D9	0	0	10	32	0	False
2487	D9	0	0	11	64	0	False
2488	D9	0	0	12	32	0	False
2489	D9	0	0	13	16	0	False
2490	D9	0	0	14	32	0	False
2491	D9	0	0	15	16	0	False
2492	D9	0	0	16	33	0	False
2493	D9	0	0	17	66	0	False
2494	D9	0	0	18	33	0	False
2495	D9	0	0	19	16	0	False
2496	D9	0	0	20	32	0	False
2497	D9	0	0	21	65	0	False
2498	D9	0	0	22	32	0	False
2499	D9	0	0	23	16	0	False
2500	D9	0	0	24	8	0	False
2501	D9	0	0	25	4	0	False
2502	D9	0	0	26	2	0	False
2503	D9	0	0	27	5	0	False
2504	D9	0	0	28	10	0	False
2505	D9	0	0	29	21	0	False
2506	D9	0	0	30	42	0	False
2507	D9	0	0	31	85	0	False
2508	D9	0	0	32	42	0	False
2509	D9	0	0	33	21	0	False
2510	D9	0	0	34	42	0	False
2511	D9	0	0	35	21	0	False
2512	D9	0	0	36	43	0	False
2513	D9	0	0	37	87	0	False
2514	D9	0	0	38	43	0	False
2515	D9	0	0	39	86	0	False
2516	D9	0	0	40	43	0	False
2517	D9	0	0	41	21	0	False
2518	D9	0	0	42	42	0	False
2519	D9	0	0	43	21	0	False
2520	D9	0	0	44	10	0	False
2521	D9	0	0	45	20	0	False
2522	D9	0	0	46	40	0	False
2523	D9	0	0	47	20	0	False
2524	D9	0	0	48	41	0	False
2525	D9	0	0	49	82	0	False
2526	D9	0	0	50	41	0	False
2527	D9	0	0	51	83	0	False
2528	D9	0	0	52	41	0	False
2529	D9	0	0	53	82	0	False
2530	D9	0	0	54	41	0	False
2531	D9	0	0	55	20	0	False
2532	D9	0	0	56	40	0	False
2533	D9	0	0	57	80	0	False
2534	D9	0	0	58	40	0	False
2535	D9	0	0	59	80	0	False
2536	D9	0	0	60	40	0	False
2537	D9	0	0	61	81	0	False
2538	D9	0	0	62	40	0	False
2539	D9	0	0	63	20	0	False
2540	D9	0	0	64	10	0	False
2541	D9	0	0	65	5	0	False
2542	D9	0	0	66	10	0	False
2543	D9	0	0	67	21	0	False
2544	D9	0	0	68	42	0	False
2545	D9	0	0	69	21	0	False
2546	D9	0	0	70	43	0	False
2547	D9	0	0	71	87	0	False
2548	D9	0	0	72	43	0	False
2549	D9	0	0	73	86	0	False
2550	D9	0	0	74	43	0	False
2551	D9	0	0	75	21	0	False
2552	D9	0	0	76	42	0	False
2553	D9	0	0	77	21	0	False
2554	D9	0	0	78	10	0	False
2555	D9	0	0	79	20	0	False
2556	D9	0	0	80	40	0	False
2557	D9	0	0	81	80	0	False
2558	D9	0	0	82	40	0	False
2559	D9	0	0	83	81	0	False
2560	D9	0	0	84	40	0	False
2561	D9	0	0	85	20	0	False
2562	D9	0	0	86	41	0	False
2563	D9	0	0	87	82	0	False
2564	D9	0	0	88	41	0	False
2565	D9	0	0	89	20	0	False
2566	D9	0	0	90	40	0	False
2567	D9	0	0	91	80	0	False
2568	D9	0	0	92	40	0	False
2569	D9	0	0	93	20	0	False
2570	D9	0	0	94	10	0	False
2571	D9	0	0	95	21	0	False
2572	D9	0	0	96	42	0	False
2573	D9	0	0	97	85	0	False
2574	D9	0	0	98	42	0	False
2575	D9	0	0	99	21	0	False
2576	D9	0	0	100	42	0	False
2577	D9	0	0	101	21	0	False
2578	D9	0	0	102	43	0	False
2579	D9	0	0	103	87	0	False
2580	D9	0	0	104	43	0	False
2581	D9	0	0	105	86	0	False
2582	D9	0	0	106	43	0	False
2583	D9	0	0	107	21	0	False
2584	D9	0	0	108	42	0	False
2585	D9	0	0	109	21	0	False
2586	D9	0	0	110	10	0	False
2587	D9	0	0	111	5	0	False
2588	D9	0	0	112	11	0	False
2589	D9	0	0	113	23	0	False
2590	D9	0	0	114	46	0	False
2591	D9	0	0	115	93	0	False
2592	D9	0	0	116	46	0	False
2593	D9	0	0	117	23	0	False
2594	D9	0	0	118	47	0	False
2595	D9	0	0	119	95	0	False
2596	D9	0	0	120	47	0	False
2597	D9	0	0	121	94	0	False
2598	D9	0	0	122	47	0	False
2599	D9	0	0	123	23	0	False
2600	D9	0	0	124	11	0	False
2601	D9	0	0	125	22	0	False
2602	D9	0	0	126	45	0	False
2603	D9	0	0	127	90	0	False
2604	D9	0	0	128	45	0	False
2605	D9	0	0	129	91	0	False
2606	D9	0	0	130	45	0	False
2607	D9	0	0	131	90	0	False
2608	D9	0	0	132	45	0	False
2609	D9	0	0	133	22	0	False
2610	D9	0	0	134	44	0	False
2611	D9	0	0	135	88	0	False
2612	D9	0	0	136	44	0	False
2613	D9	0	0	137	89	0	False
2614	D9	0	0	138	44	0	False
2615	D9	0	0	139	22	0	False
2616	D9	0	0	140	11	0	False
2617	D9	0	0	141	5	0	False
2618	D9	0	0	142	10	0	False
2619	D9	0	0	143	21	0	False
2620	D9	0	0	144	43	0	False
2621	D9	0	0	145	87	0	False
2622	D9	0	0	146	43	0	False
2623	D9	0	0	147	21	0	False
2624	D9	0	0	148	42	0	False
2625	D9	0	0	149	85	0	False
2626	D9	0	0	150	42	0	False
2627	D9	0	0	151	84	0	False
2628	D9	0	0	152	42	0	False
2629	D9	0	0	153	21	0	False
2630	D9	0	0	154	43	0	False
2631	D9	0	0	155	21	0	False
2632	D9	0	0	156	10	0	False
2633	D9	0	0	157	20	0	False
2634	D9	0	0	158	40	0	False
2635	D9	0	0	159	80	0	False
2636	D9	0	0	160	40	0	False
2637	D9	0	0	161	81	0	False
2638	D9	0	0	162	40	0	False
2639	D9	0	0	163	20	0	False
2640	D9	0	0	164	40	0	False
2641	D9	0	0	165	80	0	False
2642	D9	0	0	166	40	0	False
2643	D9	0	0	167	20	0	False
2644	D9	0	0	168	41	0	False
2645	D9	0	0	169	82	0	False
2646	D9	0	0	170	41	0	False
2647	D9	0	0	171	82	0	False
2648	D9	0	0	172	41	0	False
2649	D9	0	0	173	83	0	False
2650	D9	0	0	174	41	0	False
2651	D9	0	0	175	20	0	False
2652	D9	0	0	176	40	0	False
2653	D9	0	0	177	20	0	False
2654	D9	0	0	178	10	0	False
2655	D9	0	0	179	5	0	False
2656	D9	0	0	180	2	0	False
2657	D9	0	0	181	4	0	False
2658	D9	0	0	182	9	0	False
2659	D9	0	0	183	18	0	False
2660	D9	0	0	184	37	0	False
2661	D9	0	0	185	74	0	False
2662	D9	0	0	186	37	0	False
2663	D9	0	0	187	75	0	False
2664	D9	0	0	188	37	0	False
2665	D9	0	0	189	18	0	False
2666	D9	0	0	190	36	0	False
2667	D9	0	0	191	72	0	False
2668	D9	0	0	192	36	0	False
2669	D9	0	0	193	18	0	False
2670	D9	0	0	194	36	0	False
2671	D9	0	0	195	73	0	False
2672	D9	0	0	196	36	0	False
2673	D9	0	0	197	18	0	False
2674	D9	0	0	198	36	0	False
2675	D9	0	0	199	18	0	False
2676	D9	0	0	200	9	0	False
2677	D9	0	0	201	19	0	False
2678	D9	0	0	202	38	0	False
2679	D9	0	0	203	77	0	False
2680	D9	0	0	204	38	0	False
2681	D9	0	0	205	19	0	False
2682	D9	0	0	206	39	0	False
2683	D9	0	0	207	79	0	False
2684	D9	0	0	208	39	0	False
2685	D9	0	0	209	19	0	False
2686	D9	0	0	210	9	0	False
2687	D9	0	0	211	18	0	False
2688	D9	0	0	212	36	0	False
2689	D9	0	0	213	72	0	False
2690	D9	0	0	214	36	0	False
2691	D9	0	0	215	73	0	False
2692	D9	0	0	216	36	0	False
2693	D9	0	0	217	72	0	False
2694	D9	0	0	218	36	0	False
2695	D9	0	0	219	18	0	False
2696	D9	0	0	220	37	0	False
2697	D9	0	0	221	74	0	False
2698	D9	0	0	222	37	0	False
2699	D9	0	0	223	74	0	False
2700	D9	0	0	224	37	0	False
2701	D9	0	0	225	74	0	False
2702	D9	0	0	226	37	0	False
2703	D9	0	0	227	75	0	False
2704	D9	0	0	228	37	0	False
2705	D9	0	0	229	18	0	False
2706	D9	0	0	230	9	0	False
2707	D9	0	0	231	19	0	False
2708	D9	0	0	232	39	0	False
2709	D9	0	0	233	78	0	False
2710	D9	0	0	234	39	0	False
2711	D9	0	0	235	19	0	False
2712	D9	0	0	236	38	0	False
2713	D9	0	0	237	77	0	False
2714	D9	0	0	238	38	0	False
2715	D9	0	0	239	19	0	False
2716	D9	0	0	240	38	0	False
2717	D9	0	0	241	77	0	False
2718	D9	0	0	242	38	0	False
2719	D9	0	0	243	19	0	False
2720	D9	0	0	244	39	0	False
2721	D9	0	0	245	79	0	False
2722	D9	0	0	246	39	0	False
2723	D9	0	0	247	19	0	False
2724	D9	0	0	248	38	0	False
2725	D9	0	0	249	19	0	False
2726	D9	0	0	250	9	0	False
2727	D9	0	0	251	4	0	False
2728	D9	0	0	252	2	0	False
2729	D9	0	0	253	5	0	False
2730	D9	0	0	254	10	0	False
2731	D9	0	0	255	21	0	False
2732	D9	0	0	256	42	0	False
2733	D9	0	0	257	85	0	False
2734	D9	0	0	258	42	0	False
2735	D9	0	0	259	21	0	False
2736	D9	0	0	260	43	0	False
2737	D9	0	0	261	87	0	False
2738	D9	0	0	262	43	0	False
2739	D9	0	0	263	86	0	False
2740	D9	0	0	264	43	0	False
2741	D9	0	0	265	21	0	False
2742	D9	0	0	266	43	0	False
2743	D9	0	0	267	21	0	False
2744	D9	0	0	268	10	0	False
2745	D9	0	0	269	20	0	False
2746	D9	0	0	270	40	0	False
2747	D9	0	0	271	20	0	False
2748	D9	0	0	272	40	0	False
2749	D9	0	0	273	81	0	False
2750	D9	0	0	274	40	0	False
2751	D9	0	0	275	80	0	False
2752	D9	0	0	276	40	0	False
2753	D9	0	0	277	20	0	False
2754	D9	0	0	278	41	0	False
2755	D9	0	0	279	82	0	False
2756	D9	0	0	280	41	0	False
2757	D9	0	0	281	20	0	False
2758	D9	0	0	282	41	0	False
2759	D9	0	0	283	20	0	False
2760	D9	0	0	284	40	0	False
2761	D9	0	0	285	80	0	False
2762	D9	0	0	286	40	0	False
2763	D9	0	0	287	20	0	False
2764	D9	0	0	288	41	0	False
2765	D9	0	0	289	82	0	False
2766	D9	0	0	290	41	0	False
2767	D9	0	0	291	82	0	False
2768	D9	0	0	292	41	0	False
2769	D9	0	0	293	82	0	False
2770	D9	0	0	294	41	0	False
2771	D9	0	0	295	20	0	False
2772	D9	0	0	296	40	0	False
2773	D9	0	0	297	80	0	False
2774	D9	0	0	298	40	0	False
2775	D9	0	0	299	81	0	False
2776	D9	0	0	300	40	0	False
2777	D9	0	0	301	80	0	False
2778	D9	0	0	302	40	0	False
2779	D9	0	0	303	81	0	False
2780	D9	0	0	304	40	0	False
2781	D9	0	0	305	20	0	False
2782	D9	0	0	306	40	0	False
2783	D9	0	0	307	81	0	False
2784	D9	0	0	308	40	0	False
2785	D9	0	0	309	20	0	False
2786	D9	0	0	310	10	0	False
2787	D9	0	0	311	5	0	False
2788	D9	0	0	312	11	0	False
2789	D9	0	0	313	22	0	False
2790	D9	0	0	314	11	0	False
2791	D9	0	0	315	23	0	False
2792	D9	0	0	316	47	0	False
2793	D9	0	0	317	95	0	False
2794	D9	0	0	318	47	0	False
2795	D9	0	0	319	23	0	False
2796	D9	0	0	320	47	0	False
2797	D9	0	0	321	95	0	False
2798	D9	0	0	322	47	0	False
2799	D9	0	0	323	23	0	False
2800	D9	0	0	324	46	0	False
2801	D9	0	0	325	93	0	False
2802	D9	0	0	326	46	0	False
2803	D9	0	0	327	93	0	False
2804	D9	0	0	328	46	0	False
2805	D9	0	0	329	92	0	False
2806	D9	0	0	330	46	0	False
2807	D9	0	0	331	23	0	False
2808	D9	0	0	332	47	0	False
2809	D9	0	0	333	23	0	False
2810	D9	0	0	334	11	0	False
2811	D9	0	0	335	5	0	False
2812	D9	0	0	336	10	0	False
2813	D9	0	0	337	20	0	False
2814	D9	0	0	338	40	0	False
2815	D9	0	0	339	20	0	False
2816	D9	0	0	340	10	0	False
2817	D9	0	0	341	21	0	False
2818	D9	0	0	342	43	0	False
2819	D9	0	0	343	21	0	False
2820	D9	0	0	344	42	0	False
2821	D9	0	0	345	21	0	False
2822	D9	0	0	346	10	0	False
2823	D9	0	0	347	5	0	False
2824	D9	0	0	348	2	0	False
2825	D9	0	0	349	4	0	False
2826	D9	0	0	350	9	0	False
2827	D9	0	0	351	19	0	False
2828	D9	0	0	352	39	0	False
2829	D9	0	0	353	19	0	False
2830	D9	0	0	354	39	0	False
2831	D9	0	0	355	79	0	False
2832	D9	0	0	356	39	0	False
2833	D9	0	0	357	78	0	False
2834	D9	0	0	358	39	0	False
2835	D9	0	0	359	79	0	False
2836	D9	0	0	360	39	0	False
2837	D9	0	0	361	78	0	False
2838	D9	0	0	362	39	0	False
2839	D9	0	0	363	19	0	False
2840	D9	0	0	364	9	0	False
2841	D9	0	0	365	18	0	False
2842	D9	0	0	366	37	0	False
2843	D9	0	0	367	75	0	False
2844	D9	0	0	368	37	0	False
2845	D9	0	0	369	74	0	False
2846	D9	0	0	370	37	0	False
2847	D9	0	0	371	18	0	False
2848	D9	0	0	372	36	0	False
2849	D9	0	0	373	72	0	False
2850	D9	0	0	374	36	0	False
2851	D9	0	0	375	73	0	False
2852	D9	0	0	376	36	0	False
2853	D9	0	0	377	18	0	False
2854	D9	0	0	378	9	0	False
2855	D9	0	0	379	4	0	False
2856	D9	0	0	380	8	0	False
2857	D9	0	0	381	16	0	False
2858	D9	0	0	382	33	0	False
2859	D9	0	0	383	66	0	False
2860	D9	0	0	384	33	0	False
2861	D9	0	0	385	16	0	False
2862	D9	0	0	386	32	0	False
2863	D9	0	0	387	64	0	False
2864	D9	0	0	388	32	0	False
2865	D9	0	0	389	16	0	False
2866	D9	0	0	390	8	0	False
2867	D9	0	0	391	17	0	False
2868	D9	0	0	392	35	0	False
2869	D9	0	0	393	71	0	False
2870	D9	0	0	394	35	0	False
2871	D9	0	0	395	17	0	False
2872	D9	0	0	396	34	0	False
2873	D9	0	0	397	69	0	False
2874	D9	0	0	398	34	0	False
2875	D9	0	0	399	17	0	False
2876	D9	0	0	400	35	0	False
2877	D9	0	0	401	17	0	False
2878	D9	0	0	402	8	0	False
2879	D9	0	0	403	16	0	False
2880	D9	0	0	404	33	0	False
2881	D9	0	0	405	16	0	False
2882	D9	0	0	406	32	0	False
2883	D9	0	0	407	16	0	False
2884	D9	0	0	408	32	0	False
2885	D9	0	0	409	65	0	False
2886	D9	0	0	410	32	0	False
2887	D9	0	0	411	16	0	False
2888	D9	0	0	412	8	0	False
2889	D9	0	0	413	4	0	False
2890	D9	0	0	414	9	0	False
2891	D9	0	0	415	18	0	False
2892	D9	0	0	416	37	0	False
2893	D9	0	0	417	74	0	False
2894	D9	0	0	418	37	0	False
2895	D9	0	0	419	18	0	False
2896	D9	0	0	420	36	0	False
2897	D9	0	0	421	72	0	False
2898	D9	0	0	422	36	0	False
2899	D9	0	0	423	73	0	False
2900	D9	0	0	424	36	0	False
2901	D9	0	0	425	72	0	False
2902	D9	0	0	426	36	0	False
2903	D9	0	0	427	18	0	False
2904	D9	0	0	428	9	0	False
2905	D9	0	0	429	4	0	False
2906	D9	0	0	430	8	0	False
2907	D9	0	0	431	16	0	False
2908	D9	0	0	432	33	0	False
2909	D9	0	0	433	16	0	False
2910	D9	0	0	434	32	0	False
2911	D9	0	0	435	64	0	False
2912	D9	0	0	436	32	0	False
2913	D9	0	0	437	65	0	False
2914	D9	0	0	438	32	0	False
2915	D9	0	0	439	64	0	False
2916	D9	0	0	440	32	0	False
2917	D9	0	0	441	16	0	False
2918	D9	0	0	442	8	0	False
2919	D9	0	0	443	17	0	False
2920	D9	0	0	444	34	0	False
2921	D9	0	0	445	17	0	False
2922	D9	0	0	446	34	0	False
2923	D9	0	0	447	69	0	False
2924	D9	0	0	448	34	0	False
2925	D9	0	0	449	17	0	False
2926	D9	0	0	450	35	0	False
2927	D9	0	0	451	71	0	False
2928	D9	0	0	452	35	0	False
2929	D9	0	0	453	17	0	False
2930	D9	0	0	454	8	0	False
2931	D9	0	0	455	4	0	False
2932	D9	0	0	456	9	0	False
2933	D9	0	0	457	19	0	False
2934	D9	0	0	458	39	0	False
2935	D9	0	0	459	79	0	False
2936	D9	0	0	460	39	0	False
2937	D9	0	0	461	78	0	False
2938	D9	0	0	462	39	0	False
2939	D9	0	0	463	78	0	False
2940	D9	0	0	464	39	0	False
2941	D9	0	0	465	19	0	False
2942	D9	0	0	466	38	0	False
2943	D9	0	0	467	77	0	False
2944	D9	0	0	468	38	0	False
2945	D9	0	0	469	76	0	False
2946	D9	0	0	470	38	0	False
2947	D9	0	0	471	77	0	False
2948	D9	0	0	472	38	0	False
2949	D9	0	0	473	19	0	False
2950	D9	0	0	474	9	0	False
2951	D9	0	0	475	4	0	False
2952	D9	0	0	476	2	0	False
2953	D9	0	0	477	1	0	False
2954	D9	0	0	478	0	0	False
2955	D9	0	0	479	1	0	False
2956	D9	0	0	480	3	0	False
2957	D9	0	0	481	7	0	False
2958	D9	0	0	482	15	0	False
2959	D9	0	0	483	7	0	False
2960	D9	0	0	484	14	0	False
2961	D9	0	0	485	28	0	False
2962	D9	0	0	486	56	0	False
2963	D9	0	0	487	112	0	False
2964	D9	0	0	488	56	0	False
2965	D9	0	0	489	112	0	False
2966	D9	0	0	490	56	0	False
2967	D9	0	0	491	28	0	False
2968	D9	0	0	492	57	0	False
2969	D9	0	0	493	114	0	False
2970	D9	0	0	494	57	0	False
2971	D9	0	0	495	28	0	False
2972	D9	0	0	496	56	0	False
2973	D9	0	0	497	28	0	False
2974	D9	0	0	498	14	0	False
2975	D9	0	0	499	29	0	False
2976	D9	0	0	500	58	0	False
2977	D9	0	0	501	29	0	False
2978	D9	0	0	502	59	0	False
2979	D9	0	0	503	119	0	False
2980	D9	0	0	504	59	0	False
2981	D9	0	0	505	118	0	False
2982	D9	0	0	506	59	0	False
2983	D9	0	0	507	29	0	False
2984	D9	0	0	508	14	0	False
2985	D9	0	0	509	7	0	False
2986	D9	0	0	510	15	0	False
2987	D9	0	0	511	31	0	False
2988	D9	0	0	512	63	0	False
2989	D9	0	0	513	127	0	False
2990	D9	0	0	514	63	0	False
2991	D9	0	0	515	126	0	False
2992	D9	0	0	516	63	0	False
2993	D9	0	0	517	31	0	False
2994	D9	0	0	518	62	0	False
2995	D9	0	0	519	124	0	False
2996	D9	0	0	520	62	0	False
2997	D9	0	0	521	31	0	False
2998	D9	0	0	522	63	0	False
2999	D9	0	0	523	127	0	False
3000	D9	0	0	524	63	0	False
3001	D9	0	0	525	31	0	False
3002	D9	0	0	526	63	0	False
3003	D9	0	0	527	127	0	False
3004	D9	0	0	528	63	0	False
3005	D9	0	0	529	127	0	False
3006	D9	0	0	530	63	0	False
3007	D9	0	0	531	126	0	False
3008	D9	0	0	532	63	0	False
3009	D9	0	0	533	31	0	False
3010	D9	0	0	534	15	0	False
3011	D9	0	0	535	7	0	False
3012	D9	0	0	536	3	0	False
3013	D9	0	0	537	6	0	False
3014	D9	0	0	538	13	0	False
3015	D9	0	0	539	26	0	False
3016	D9	0	0	540	53	0	False
3017	D9	0	0	541	106	0	False
3018	D9	0	0	542	53	0	False
3019	D9	0	0	543	107	0	False
3020	D9	0	0	544	53	0	False
3021	D9	0	0	545	26	0	False
3022	D9	0	0	546	53	0	False
3023	D9	0	0	547	106	0	False
3024	D9	0	0	548	53	0	False
3025	D9	0	0	549	26	0	False
3026	D9	0	0	550	52	0	False
3027	D9	0	0	551	105	0	False
3028	D9	0	0	552	52	0	False
3029	D9	0	0	553	26	0	False
3030	D9	0	0	554	13	0	False
3031	D9	0	0	555	6	0	False
3032	D9	0	0	556	12	0	False
3033	D9	0	0	557	24	0	False
3034	D9	0	0	558	48	0	False
3035	D9	0	0	559	97	0	False
3036	D9	0	0	560	48	0	False
3037	D9	0	0	561	24	0	False
3038	D9	0	0	562	48	0	False
3039	D9	0	0	563	24	0	False
3040	D9	0	0	564	48	0	False
3041	D9	0	0	565	24	0	False
3042	D9	0	0	566	12	0	False
3043	D9	0	0	567	25	0	False
3044	D9	0	0	568	50	0	False
3045	D9	0	0	569	100	0	False
3046	D9	0	0	570	50	0	False
3047	D9	0	0	571	101	0	False
3048	D9	0	0	572	50	0	False
3049	D9	0	0	573	25	0	False
3050	D9	0	0	574	51	0	False
3051	D9	0	0	575	25	0	False
3052	D9	0	0	576	12	0	False
3053	D9	0	0	577	6	0	False
3054	D9	0	0	578	13	0	False
3055	D9	0	0	579	26	0	False
3056	D9	0	0	580	53	0	False
3057	D9	0	0	581	26	0	False
3058	D9	0	0	582	52	0	False
3059	D9	0	0	583	26	0	False
3060	D9	0	0	584	13	0	False
3061	D9	0	0	585	6	0	False
3062	D9	0	0	586	12	0	False
3063	D9	0	0	587	25	0	False
3064	D9	0	0	588	50	0	False
3065	D9	0	0	589	25	0	False
3066	D9	0	0	590	51	0	False
3067	D9	0	0	591	103	0	False
3068	D9	0	0	592	51	0	False
3069	D9	0	0	593	25	0	False
3070	D9	0	0	594	50	0	False
3071	D9	0	0	595	25	0	False
3072	D9	0	0	596	12	0	False
3073	D9	0	0	597	24	0	False
3074	D9	0	0	598	48	0	False
3075	D9	0	0	599	96	0	False
3076	D9	0	0	600	48	0	False
3077	D9	0	0	601	96	0	False
3078	D9	0	0	602	48	0	False
3079	D9	0	0	603	24	0	False
3080	D9	0	0	604	49	0	False
3081	D9	0	0	605	98	0	False
3082	D9	0	0	606	49	0	False
3083	D9	0	0	607	99	0	False
3084	D9	0	0	608	49	0	False
3085	D9	0	0	609	24	0	False
3086	D9	0	0	610	12	0	False
3087	D9	0	0	611	25	0	False
3088	D9	0	0	612	12	0	False
3089	D9	0	0	613	6	0	False
3090	D9	0	0	614	13	0	False
3091	D9	0	0	615	26	0	False
3092	D9	0	0	616	52	0	False
3093	D9	0	0	617	26	0	False
3094	D9	0	0	618	13	0	False
3095	D9	0	0	619	6	0	False
3096	D9	0	0	620	13	0	False
3097	D9	0	0	621	6	0	False
3098	D9	0	0	622	12	0	False
3099	D9	0	0	623	25	0	False
3100	D9	0	0	624	50	0	False
3101	D9	0	0	625	25	0	False
3102	D9	0	0	626	51	0	False
3103	D9	0	0	627	25	0	False
3104	D9	0	0	628	12	0	False
3105	D9	0	0	629	6	0	False
3106	D9	0	0	630	3	0	False
3107	D9	0	0	631	7	0	False
3108	D9	0	0	632	14	0	False
3109	D9	0	0	633	29	0	False
3110	D9	0	0	634	58	0	False
3111	D9	0	0	635	29	0	False
3112	D9	0	0	636	58	0	False
3113	D9	0	0	637	29	0	False
3114	D9	0	0	638	59	0	False
3115	D9	0	0	639	29	0	False
3116	D9	0	0	640	14	0	False
3117	D9	0	0	641	7	0	False
3118	D9	0	0	642	15	0	False
3119	D9	0	0	643	31	0	False
3120	D9	0	0	644	63	0	False
3121	D9	0	0	645	127	0	False
3122	D9	0	0	646	63	0	False
3123	D9	0	0	647	126	0	False
3124	D9	0	0	648	63	0	False
3125	D9	0	0	649	31	0	False
3126	D9	0	0	650	62	0	False
3127	D9	0	0	651	124	0	False
3128	D9	0	0	652	62	0	False
3129	D9	0	0	653	125	0	False
3130	D9	0	0	654	62	0	False
3131	D9	0	0	655	124	0	False
3132	D9	0	0	656	62	0	False
3133	D9	0	0	657	31	0	False
3134	D9	0	0	658	15	0	False
3135	D9	0	0	659	30	0	False
3136	D9	0	0	660	15	0	False
3137	D9	0	0	661	7	0	False
3138	D9	0	0	662	14	0	False
3139	D9	0	0	663	29	0	False
3140	D9	0	0	664	58	0	False
3141	D9	0	0	665	117	0	True
