Unnamed: 0,cdens,knum,type_complex,k_alph,num_complex,grid_id,save_path,grid_id_old,mse_comb,mse_tem,mse_trec,mse_tmem,mse_steady,mse_mean,mse_mean2,coef,shift
0,4,2,8,0.001,2.6666666666666665,0,,0,0.0015605478148966812,0.0013469173748135565,0.0001048768311708112,0.0005087703048438603,5.25118337243218e-05,0.0005032690861381374,0.0005774784250894864,-0.07129695838738316,0.3617846121133967
1,4,2,8,0.01,2.6666666666666665,1,,1,0.0018009187605902755,0.001336031593116829,0.0008230588615340976,0.000581915007684825,2.0521074700419026e-05,0.0006903816342590426,0.0008201028319478495,-0.011168890382863476,0.10544383183445658
2,4,2,8,0.1,2.6666666666666665,2,,2,0.0009121630638741162,4.12405836313051e-05,3.1975077265296095e-05,4.1582747086726964e-05,3.960905371838237e-05,3.860186542542763e-05,3.7937187099718625e-05,0.03122559967052751,0.01218547689565921
3,4,2,8,0.2,2.6666666666666665,3,,3,0.0008935288731748952,2.1795869878697852e-05,1.0950646812538422e-05,2.323053431054681e-05,4.604466397394514e-05,2.5505428743932054e-05,2.246137194449409e-05,0.0258687939747842,0.024004575291409574
4,4,2,8,0.3,2.6666666666666665,4,,4,0.0008879800829485111,1.3108322643190816e-05,8.034620997322053e-06,1.7545798525934885e-05,4.707768740474502e-05,2.1441607392798194e-05,1.7818228868617608e-05,0.023750231693696135,0.028105315881869354
5,4,2,8,0.4,2.6666666666666665,5,,5,0.0008857087487797641,8.459469876064376e-06,7.741306062726598e-06,1.62627899046598e-05,4.754545519664652e-05,2.0002255260024322e-05,1.6034966163148048e-05,0.022574089226594783,0.03017204046281794
6,4,2,8,0.5,2.6666666666666665,6,,6,0.0008854346603211849,5.843901394691489e-06,9.507773894088814e-06,1.6538146384833244e-05,4.7690199582762425e-05,1.989500531409399e-05,1.5821949424192713e-05,0.02170684878039835,0.031603034322649284
7,4,2,8,0.6,2.6666666666666665,7,,7,0.0008847695357381472,4.579669510973591e-06,1.3714404527007547e-05,1.8248970796155648e-05,4.7936409176629994e-05,2.1119863502691696e-05,1.7128921341457987e-05,0.021083218885728845,0.032572050786576656
0,4,2,8,0.7,2.6666666666666665,8,,0,0.0008861113940704479,4.853250914011438e-06,2.165652734709637e-05,1.969293477737766e-05,4.83009048966786e-05,2.3625904483791017e-05,2.0168899366045315e-05,0.020622743718655027,0.03324883650803412
1,4,2,8,0.8,2.6666666666666665,9,,1,0.0008891264923080648,8.721316234353658e-06,3.624739578832602e-05,2.2082475278596576e-05,4.94504054022906e-05,2.9125398175891716e-05,2.6911717454374424e-05,0.020483672520134593,0.03333328394530515
2,4,2,8,0.9,2.6666666666666665,10,,2,0.000898519811897213,1.8787954461593974e-05,7.19350367221196e-05,2.539504312165666e-05,5.096082720548726e-05,4.1769715377714375e-05,4.2966975449095183e-05,0.020523820392561655,0.03311578380999705
3,4,2,8,0.99,2.6666666666666665,11,,3,0.0009235221014253764,3.607441446623818e-05,0.00018791283877989028,3.653840993759789e-05,5.270785650266802e-05,7.83083799215986e-05,8.953679548875381e-05,0.02080270687085376,0.032514143029086576
4,4,2,8,0.999,2.6666666666666665,12,,4,0.0009295520820546255,4.089775249875257e-05,0.00022049007889511898,4.1331452217348774e-05,5.330152409656901e-05,8.900520192694734e-05,0.00010290143985027683,0.020960049056974052,0.0322072203270634
5,4,4,8,0.001,2.6666666666666665,13,,5,0.0015566109347989149,0.0013232906824341634,0.00010266526905047662,0.0005186254444416794,5.3297606554189635e-05,0.0004994697506201273,0.0005706391589941916,-0.07181268585498847,0.3644686790358712
6,4,4,8,0.01,2.6666666666666665,14,,6,0.0017992117028457757,0.0013549372466498011,0.0007878210218016431,0.0005998866181209304,2.138517486674718e-05,0.0006910075153597803,0.0008177980549817611,-0.011893002410650994,0.10759319234370218
7,4,4,8,0.1,2.6666666666666665,15,,7,0.0009120687873306058,4.7040516371777684e-05,4.121701848601796e-05,6.95712720614819e-05,3.9449422667621925e-05,4.9319557396724866e-05,4.7589294074115856e-05,0.030197632200555078,0.015344728665858447
0,4,4,8,0.2,2.6666666666666665,16,,0,0.0008883257757863311,2.368337871067802e-05,1.8320536428819656e-05,4.545451016226078e-05,4.745726490932915e-05,3.37289225527719e-05,2.9486600891764215e-05,0.02521535730523325,0.026476743607920156
1,4,4,8,0.3,2.6666666666666665,17,,1,0.0008817952832032581,1.3028873840847265e-05,1.5192974562055921e-05,3.378040741160857e-05,4.9318235475501244e-05,2.7830122822503252e-05,2.3257056615486036e-05,0.02313605966232531,0.030480951884665965
2,4,4,8,0.4,2.6666666666666665,18,,2,0.0008795803165612532,7.971190220555318e-06,1.5936321517510093e-05,2.731219011868351e-05,5.004776583010085e-05,2.5316866921712442e-05,2.08624965708192e-05,0.021916484384804525,0.03259682031669894
3,4,4,8,0.5,2.6666666666666665,19,,3,0.0008789733949177758,5.745909392850976e-06,1.901306939242563e-05,2.3955082715996606e-05,5.064475567283507e-05,2.483970429352707e-05,2.068629932656415e-05,0.021115826536440292,0.03386663738426646
4,4,4,8,0.6,2.6666666666666665,20,,4,0.0008796098124245373,5.037782260860195e-06,2.4102938668820827e-05,2.2788833330807808e-05,5.112750412007937e-05,2.5764264595142047e-05,2.203296321837487e-05,0.020495604840746133,0.034793675965106796
5,4,4,8,0.7,2.6666666666666665,21,,5,0.0008822465118441401,5.802832782046911e-06,3.4391574347059126e-05,2.4131569664738914e-05,5.17805608242572e-05,2.9026634404525538e-05,2.6050157457868033e-05,0.02005271617972315,0.03540662130452813
6,4,4,8,0.8,2.6666666666666665,22,,6,0.0008852153430453339,8.991455266094879e-06,5.3613698672662785e-05,3.0511338066474344e-05,5.271131058529615e-05,3.645695064763204e-05,3.473882608821431e-05,0.019782477170807937,0.03572404792507353
7,4,4,8,0.9,2.6666666666666665,23,,7,0.0008975610778626325,1.5246797730843547e-05,9.884978374576967e-05,4.045700381480917e-05,5.3852337324406606e-05,5.210148065395725e-05,5.375041734874038e-05,0.019690097594379265,0.03576249100067268
0,4,4,8,0.99,2.6666666666666665,24,,0,0.0009220186996017832,2.5833335525290726e-05,0.00020819581546269777,5.699383229077251e-05,5.528813703400737e-05,8.657778007819209e-05,9.672337855012614e-05,0.019846770043655173,0.0354069163900426
1,4,4,8,0.999,2.6666666666666665,25,,1,0.0009301725043287426,2.7947353417137568e-05,0.00024200759875471454,6.0448903691720245e-05,5.557520911107403e-05,9.64947662436616e-05,0.00010932233619108309,0.019910874841951247,0.03528480624907289
2,4,6,8,0.001,2.6666666666666665,26,,2,0.0015556539895449017,0.0013216666057471193,0.00010230597441099916,0.0005171634535381819,5.3429733305846255e-05,0.0004986414417505367,0.0005697563911933776,-0.07194021089844706,0.36488549880203003
3,4,6,8,0.01,2.6666666666666665,27,,3,0.0017979192412357614,0.0013658227378534192,0.0007705785812794769,0.000605716321302424,2.2069538413208706e-05,0.0006910467947121321,0.0008167647496635709,-0.012354275928014984,0.10893651080338154
4,4,6,8,0.1,2.6666666666666665,28,,4,0.0009079380517789307,4.537700719784291e-05,4.560813497080699e-05,8.360983612521352e-05,4.023439370019062e-05,5.370734299851351e-05,5.096908569378399e-05,0.03062742597827215,0.01487006493476227
5,4,6,8,0.2,2.6666666666666665,29,,5,0.0008835304103429596,2.205389922091643e-05,2.0443195639768587e-05,5.4810028308864115e-05,4.921557739773453e-05,3.6630675141820915e-05,3.150329923799479e-05,0.025461989118498805,0.026495703299094352
6,4,6,8,0.3,2.6666666666666665,30,,6,0.0008783389968898774,1.1862261929646503e-05,1.5865540996137887e-05,3.836296740136661e-05,5.168368213156573e-05,2.944361311467918e-05,2.4250375897416855e-05,0.023267093110319045,0.030726562387176755
7,4,6,8,0.4,2.6666666666666665,31,,7,0.0008785134050499776,6.675021160255195e-06,1.50531222627781e-05,2.8116400973586667e-05,5.235636927110294e-05,2.5550228416930726e-05,2.0654842848459367e-05,0.02187377362334797,0.03314220873182612
0,4,6,8,0.5,2.6666666666666665,32,,0,0.0008798051131266631,4.059678714621742e-06,1.744976120212686e-05,2.3281712896387142e-05,5.27025220296572e-05,2.4373418710698236e-05,1.983385245992359e-05,0.02093478235077126,0.03464451886615953
1,4,6,8,0.6,2.6666666666666665,33,,1,0.0008815320978011082,3.0963484215408243e-06,2.2531734712794616e-05,2.106807560284293e-05,5.291498866099307e-05,2.4902786849542858e-05,2.087320508875115e-05,0.020230269120614704,0.03570766844625001
2,4,6,8,0.7,2.6666666666666665,34,,2,0.000884810600641843,4.884427208678699e-06,3.350319333537159e-05,2.189651815995868e-05,5.352766486646914e-05,2.845295089261953e-05,2.5366570685754737e-05,0.019794421295609786,0.03629345612651377
3,4,6,8,0.8,2.6666666666666665,35,,3,0.0008907625609122184,8.869221313412677e-06,5.420435804340531e-05,2.8176907970310238e-05,5.443512459507191e-05,3.6421402980550035e-05,3.479319854650302e-05,0.0195572748905978,0.03654631716949591
4,4,6,8,0.9,2.6666666666666665,36,,4,0.0009003240889717886,1.6046641533101363e-05,9.115803790743739e-05,4.0359000037759134e-05,5.564921648927564e-05,5.080322399189339e-05,5.173626256801872e-05,0.01951711559728984,0.03649017540502687
5,4,6,8,0.99,2.6666666666666665,37,,5,0.0009242454728208832,2.5479985615534715e-05,0.00019546893730555738,6.0926046402116205e-05,5.665840152771311e-05,8.463334271273035e-05,9.324704896200226e-05,0.019582746942947444,0.03631355978961498
6,4,6,8,0.999,2.6666666666666665,38,,6,0.0009322653828894953,2.801715313020506e-05,0.00022988658054990486,6.510715786202781e-05,5.7072719984992055e-05,9.502090288178245e-05,0.00010633122420120663,0.01967200443816236,0.0361443111761046
7,4,8,8,0.001,2.6666666666666665,39,,7,0.0015556948439618423,0.0013216699646235995,0.00010233623818207398,0.0005171900079022667,5.342998806804784e-05,0.000498656549693997,0.0005697720669302769,-0.07193857705145451,0.36484754348574466
0,4,8,8,0.01,2.6666666666666665,40,,0,0.0017975234975913762,0.0013688475176942155,0.0007658173490938893,0.0006072059938626117,2.2270236902351335e-05,0.000691035274388267,0.0008164676607235288,-0.012473249923287865,0.1092799098538208
1,4,8,8,0.1,2.6666666666666665,41,,1,0.0009112274906309233,4.594271203674204e-05,4.795600643272179e-05,8.069517226693211e-05,3.8751909260076176e-05,5.333644999911803e-05,5.120741974432266e-05,0.030664806079529556,0.014883671214014217
2,4,8,8,0.2,2.6666666666666665,42,,2,0.000886623017934396,2.303727422830584e-05,2.0471958935077917e-05,5.1708733186930785e-05,4.725437603658194e-05,3.561808559672412e-05,3.099692925838005e-05,0.0254421783948883,0.026652314501287258
3,4,8,8,0.3,2.6666666666666665,43,,3,0.0008817924732144142,1.3325024588014777e-05,1.6313093682627202e-05,3.559743592562793e-05,4.975452772445323e-05,2.8747520480180786e-05,2.410470003189419e-05,0.023176655547575045,0.0310371046297504
4,4,8,8,0.4,2.6666666666666665,44,,4,0.0008825398085121213,8.524118264457197e-06,1.5520139663082962e-05,2.5771703398165188e-05,5.0485369414933975e-05,2.507533268515983e-05,2.0724264778029915e-05,0.021696311942299526,0.03363488845073996
5,4,8,8,0.5,2.6666666666666665,45,,5,0.0008826809538773003,5.851258569084616e-06,1.8574967244661663e-05,2.2525331355641027e-05,5.1338039144979645e-05,2.4572399078591738e-05,2.045263702135221e-05,0.02082377139758818,0.035034054264292944
6,4,8,8,0.6,2.6666666666666665,46,,6,0.0008838413841865744,4.70760587297958e-06,2.4655613114087658e-05,2.1867330283617116e-05,5.198239017762524e-05,2.5803234862077398e-05,2.209602640589614e-05,0.02017531308872792,0.03600495089651021
7,4,8,8,0.7,2.6666666666666665,47,,7,0.0008870805768648239,5.402527578860647e-06,3.571004676195664e-05,2.3293195563234106e-05,5.225092071860962e-05,2.916417265566525e-05,2.6294877493913055e-05,0.019594887172244085,0.036864354598249285
0,4,8,8,0.8,2.6666666666666665,48,,0,0.0008935129937445324,9.254518283174448e-06,5.906416288758952e-05,2.9943702505954482e-05,5.244876834055185e-05,3.767778800431757e-05,3.6504972198005715e-05,0.019126806824929135,0.037549170641825974
1,4,8,8,0.9,2.6666666666666665,49,,1,0.0009069793058120335,1.6322088045456875e-05,0.00010436757663875453,4.020237123326762e-05,5.358640934046135e-05,5.361961131448509e-05,5.5861351657025296e-05,0.019053221326772368,0.037559871980602844
2,4,8,8,0.99,2.6666666666666665,50,,2,0.0009339004837354619,2.603734672233227e-05,0.00021182862402287215,5.991181417818887e-05,5.473540860568462e-05,8.812829838226947e-05,9.839652737904707e-05,0.019159699501628,0.037310082453153204
3,4,8,8,0.999,2.6666666666666665,51,,3,0.0009423487215494912,2.8177013682322112e-05,0.0002479078723493358,6.384289186609858e-05,5.505324847379509e-05,9.874525659288789e-05,0.00011184431873386826,0.01922602061601643,0.03718487610013896
4,4,10,8,0.001,2.6666666666666665,52,,4,0.0015556215712527071,0.0013214745937257361,0.0001023041018329436,0.0005171612725033698,5.3428757807105015e-05,0.0004985921814672886,0.0005696912369046391,-0.07195460277173381,0.36489247887135534
5,4,10,8,0.01,2.6666666666666665,53,,5,0.0017974694532860358,0.0013692134844050803,0.0007652164381253843,0.0006074060724654702,2.2297907563995222e-05,0.0006910334756399826,0.0008164273041817325,-0.012494330098151972,0.10933923098280893
6,4,10,8,0.1,2.6666666666666665,54,,6,0.000911329227841042,4.6267353379806966e-05,4.69873060618501e-05,7.929619653166335e-05,3.913157884916306e-05,5.2920608705620876e-05,5.082284904402343e-05,0.030669624412254695,0.014914761869167525
7,4,10,8,0.2,2.6666666666666665,55,,7,0.0008866953163218345,2.3093390109659258e-05,2.019866576078171e-05,5.1149725521397274e-05,4.786692456360128e-05,3.557717648885988e-05,3.093346030431342e-05,0.025497860002246832,0.02663670588527335
0,4,10,8,0.3,2.6666666666666665,56,,0,0.0008811946934381273,1.2896331911065415e-05,1.6718910750412276e-05,3.678316205504597e-05,5.073757390741789e-05,2.9283994655985387e-05,2.445853688090321e-05,0.02333213234738877,0.030864863080884854
1,4,10,8,0.4,2.6666666666666665,57,,1,0.0008822101128662653,8.069489563282063e-06,1.60095377653553e-05,2.7453559216081986e-05,5.1679543610172486e-05,2.580303253872296e-05,2.1215192913921534e-05,0.02190314573739245,0.033377023002208704
2,4,10,8,0.5,2.6666666666666665,58,,2,0.0008842806892568905,5.2597220933611615e-06,1.8703487083516774e-05,2.340454437955835e-05,5.239675237740157e-05,2.4941126483459462e-05,2.0621285851785965e-05,0.020980954050984643,0.03486916514261585
3,4,10,8,0.6,2.6666666666666665,59,,3,0.0008860441211944629,4.454770806669522e-06,2.505503813264791e-05,2.272607589700395e-05,5.334808400023909e-05,2.639599220914012e-05,2.2515629629312985e-05,0.02039562694811748,0.03572142062622996
4,4,10,8,0.7,2.6666666666666665,60,,4,0.000889188420246234,6.180788803732947e-06,3.692376851205483e-05,2.3816071771272014e-05,5.391101287765857e-05,3.020791049117959e-05,2.7322699880084358e-05,0.019869822519515454,0.03647194145817441
5,4,10,8,0.8,2.6666666666666665,61,,5,0.0008962860582613655,1.0100609827107533e-05,5.893589166157424e-05,2.911212499928271e-05,5.490551274436936e-05,3.826353480808346e-05,3.7015106786835936e-05,0.0195708671521262,0.03683402823135183
6,4,10,8,0.9,2.6666666666666665,62,,6,0.0009061534817838021,1.6455032095135846e-05,9.756086581185396e-05,3.851479164672786e-05,5.6570284612704656e-05,5.227524354160558e-05,5.3852812012235364e-05,0.019573155240690865,0.03669622820395674
7,4,10,8,0.99,2.6666666666666665,63,,7,0.0009285040284279993,2.578845037289601e-05,0.0002026440871831865,5.761405727481064e-05,5.810568350014624e-05,8.603806958275986e-05,9.543080264785364e-05,0.01972211742834585,0.03636367792408089
0,4,10,8,0.999,2.6666666666666665,64,,0,0.0009344990534208206,2.7942576656897114e-05,0.0002292768813616499,6.135190703182759e-05,5.848047011816507e-05,9.426295879213492e-05,0.00010571188219784779,0.019796419839068782,0.03622367411382753
1,8,2,8,0.001,2.6666666666666665,65,,1,0.0015555475090437254,0.0013355273320900143,0.00010211274529887309,0.0005065435025026176,5.327260546448007e-05,0.0004993640463389963,0.0005725160437908121,-0.07067018526718304,0.36056431444955833
2,8,2,8,0.01,2.6666666666666665,66,,2,0.0018024823370904352,0.0013184847172769514,0.0008482452059653482,0.0005734215740368094,1.9647818919578386e-05,0.0006899498290496718,0.0008210882065734979,-0.010378403192582113,0.10317722002946526
3,8,2,8,0.1,2.6666666666666665,67,,3,0.0009076042775542234,3.4695138662548145e-05,3.199126286342813e-05,3.6761718374403186e-05,3.943570568291112e-05,3.572095639582265e-05,3.492837118487781e-05,0.031791506260284555,0.009932451656195204
4,8,2,8,0.2,2.6666666666666665,68,,4,0.0008879625914646204,1.456782634765328e-05,1.3287840382870405e-05,1.9214894889228817e-05,4.5618936348891e-05,2.3172374492160875e-05,2.0090860783194532e-05,0.026512653184363272,0.02151098812000482
5,8,2,8,0.3,2.6666666666666665,69,,5,0.0008797614854756024,6.886090351471381e-06,9.836944086661898e-06,1.3389357544652703e-05,4.684183765214793e-05,1.9238557408733477e-05,1.56128773455112e-05,0.024501835577877714,0.025384984763374894
6,8,2,8,0.4,2.6666666666666665,70,,6,0.0008758597909318172,3.675256639405878e-06,9.746352915969285e-06,1.0885976320121579e-05,4.743387261080586e-05,1.7935364621575653e-05,1.4193844673612961e-05,0.02336499380642394,0.027368425895894066
7,8,2,8,0.5,2.6666666666666665,71,,7,0.0008744938879812039,3.765684746188843e-06,1.1739637292062879e-05,1.0072428641430983e-05,4.776140720057505e-05,1.833478947006444e-05,1.480741331975158e-05,0.022550577393657005,0.028694806249173213
0,8,2,8,0.6,2.6666666666666665,72,,0,0.0008735233136485976,6.354328718728374e-06,1.6228202357694757e-05,1.0175233739978975e-05,4.8319508714774105e-05,2.0269318382794052e-05,1.727663410126656e-05,0.022011748073213523,0.029492448657491444
1,8,2,8,0.7,2.6666666666666665,73,,1,0.0008754594709077865,1.0944001364759297e-05,2.5401985061733924e-05,1.0880261349432639e-05,4.893454834573278e-05,2.404019903041466e-05,2.2084463758025313e-05,0.021593983082272603,0.030081282492190775
2,8,2,8,0.8,2.6666666666666665,74,,2,0.0008827903784641367,1.847371061543779e-05,4.861573421040526e-05,1.3380711912926661e-05,4.956512933353046e-05,3.2508821518075044e-05,3.2854121816357214e-05,0.021255979737081647,0.03055778180515719
3,8,2,8,0.9,2.6666666666666665,75,,3,0.0008953488962582859,2.8902565023193864e-05,9.591340060371325e-05,2.023077674955055e-05,5.0280604338436946e-05,4.883183667872365e-05,5.3357218723633624e-05,0.021024122857243185,0.030880362444834823
4,8,2,8,0.99,2.6666666666666665,76,,4,0.0009183324893327888,4.394783698766511e-05,0.00021646832907779172,3.520361951008981e-05,5.145767508062497e-05,8.676936516404289e-05,0.00010124893778693807,0.021140519951412952,0.030583368653551983
5,8,2,8,0.999,2.6666666666666665,77,,5,0.0009251853158091315,4.6551661753352076e-05,0.0002448339220776866,3.7000352706574184e-05,5.169284433963664e-05,9.501969521931236e-05,0.00011191072745138135,0.021198774856900332,0.030463797479645775
6,8,4,8,0.001,2.6666666666666665,78,,6,0.001555508757138348,0.0013201304867786743,0.00010195212894631562,0.0005187593689349022,5.3510179960643224e-05,0.0004985880411551339,0.0005694057967242543,-0.07067964841606444,0.3612440225422626
7,8,4,8,0.01,2.6666666666666665,79,,7,0.0018004116852246021,0.0013454685991927426,0.0008012146455533155,0.0005962984997846918,2.0983515312907673e-05,0.0006909913149609144,0.0008184414174316194,-0.01141023231228193,0.10619521765375448
0,8,4,8,0.1,2.6666666666666665,80,,0,0.0009061400859755839,4.021547273181054e-05,4.077589790069192e-05,7.010366409487847e-05,3.9649936464667794e-05,4.768624279801218e-05,4.528939030409187e-05,0.030934975072650753,0.013041286664134032
1,8,4,8,0.2,2.6666666666666665,81,,1,0.0008834731611830032,1.7911938823609882e-05,1.8653870848279775e-05,4.598649677116109e-05,4.7512298564964325e-05,3.251615125200377e-05,2.777173577998412e-05,0.02595662414647487,0.023977042357796914
2,8,4,8,0.3,2.6666666666666665,82,,2,0.0008738486804824411,8.833570831159087e-06,1.7465505202157787e-05,3.678846169169169e-05,4.968978358735371e-05,2.819433032809057e-05,2.317939955761319e-05,0.02404473106021885,0.02761527546329094
3,8,4,8,0.4,2.6666666666666665,83,,3,0.0008670189611910327,4.283326592022968e-06,2.1033624029268722e-05,3.3093611220748016e-05,5.084132522834069e-05,2.73129717675951e-05,2.242813961527868e-05,0.02299769872758994,0.029390266606982754
4,8,4,8,0.5,2.6666666666666665,84,,4,0.0008635159470596403,3.012535477914382e-06,2.3787499293351744e-05,3.0894660952176046e-05,5.142289626709174e-05,2.727939799763348e-05,2.2652937793633343e-05,0.022238319303121187,0.030576966654462627
5,8,4,8,0.6,2.6666666666666665,85,,5,0.0008614931612313374,4.028625647452167e-06,2.7698471970612374e-05,3.1104012914214476e-05,5.187122199871206e-05,2.867558313274777e-05,2.4404905024842603e-05,0.021657730579645058,0.0314254355112656
6,8,4,8,0.7,2.6666666666666665,86,,6,0.0008620502055901607,7.164329932552019e-06,3.709373246237303e-05,3.3766957623324234e-05,5.224491189291924e-05,3.256748297779213e-05,2.9087999051015596e-05,0.02117312370682166,0.032110648624932195
7,8,4,8,0.8,2.6666666666666665,87,,7,0.0008670356508217756,1.2961336591872687e-05,5.607949577429226e-05,3.6448648373254345e-05,5.2729674078576705e-05,3.9554788704499e-05,3.7876664530693495e-05,0.020811156006539697,0.032598413235046426
0,8,4,8,0.9,2.6666666666666665,88,,0,0.000879862554697462,2.043528009228832e-05,0.00010004585505558274,4.4760801159875297e-05,5.332612386956613e-05,5.464201504432812e-05,5.650819922086393e-05,0.020575936489264618,0.0329026654269856
1,8,4,8,0.99,2.6666666666666665,89,,1,0.0009028334755204205,2.957750501885312e-05,0.00019277962957082306,5.871877316004195e-05,5.392215139636706e-05,8.37495147865213e-05,9.289253228929357e-05,0.020531507838149735,0.032919156555766396
2,8,4,8,0.999,2.6666666666666665,90,,2,0.0009081652734749705,3.1704951733860145e-05,0.00021908855718065522,6.340305499249744e-05,5.420211788299827e-05,9.209967044750277e-05,0.00010319869845075441,0.02059797949646216,0.032786292618368934
3,8,6,8,0.001,2.6666666666666665,91,,3,0.0015549018272562553,0.0013193348604685967,0.00010184157473567508,0.0005172792542626538,5.350266284201782e-05,0.0004979895880772359,0.0005688557979188693,-0.07068953520045075,0.3612029710063319
4,8,6,8,0.01,2.6666666666666665,92,,4,0.001799312296186326,0.0013547692613205522,0.0007876151304876336,0.0006002275658745726,2.1531946252856715e-05,0.0006910359759839038,0.0008177547159573002,-0.011758026127833434,0.10721066733262752
5,8,6,8,0.1,2.6666666666666665,93,,5,0.0009068110429048912,4.1578555149286784e-05,4.210141025109137e-05,7.011922855509564e-05,3.854431915285966e-05,4.808587827708336e-05,4.600391308478527e-05,0.03085304960754411,0.013624078096742875
6,8,6,8,0.2,2.6666666666666665,94,,6,0.000883981074458387,1.6213611629579627e-05,2.083797617080821e-05,4.718111990169702e-05,4.702745179900939e-05,3.2815039875273565e-05,2.8051957883580346e-05,0.02593348744666405,0.024503628402708193
7,8,6,8,0.3,2.6666666666666665,95,,7,0.0008771718008498522,7.156166210530855e-06,1.7872112180118318e-05,3.74172025459561e-05,4.901191416501062e-05,2.7864348775403973e-05,2.2747612248710847e-05,0.023875837672869854,0.028411936787535775
0,8,6,8,0.4,2.6666666666666665,96,,0,0.0008741103863431973,3.442949769267273e-06,1.9556853519056288e-05,3.2930356477567095e-05,4.969884068561884e-05,2.6407250112877376e-05,2.1438133956638842e-05,0.02264420914107552,0.030523046613810098
1,8,6,8,0.5,2.6666666666666665,97,,1,0.0008728368810518309,3.4616988855996247e-06,2.4449795012227545e-05,3.1554196027435356e-05,5.025902736990636e-05,2.743117932379222e-05,2.2939368532166008e-05,0.021838650466196083,0.031784933550605
2,8,6,8,0.6,2.6666666666666665,98,,2,0.0008743037005397361,5.458941774529352e-06,3.102636255676056e-05,3.21512168700611e-05,5.08469850219313e-05,2.9870876555820577e-05,2.5994801759095372e-05,0.02125355827824208,0.03263259344528737
3,8,6,8,0.7,2.6666666666666665,99,,3,0.0008771218595575803,8.671372859955793e-06,4.047915447258342e-05,3.436089100070807e-05,5.1497309096225725e-05,3.3752181857368253e-05,3.0693209127002044e-05,0.020794226783457635,0.033262045328708384
4,8,6,8,0.8,2.6666666666666665,100,,4,0.0008817529640042311,1.4218594682828856e-05,5.9940298590087096e-05,3.9234508659903014e-05,5.241184922072922e-05,4.145131278838705e-05,3.9994024071077356e-05,0.020494344783736393,0.033624312594874445
5,8,6,8,0.9,2.6666666666666665,101,,5,0.0008940065960775176,2.2692388277251428e-05,0.00010282107027358446,4.623162236765761e-05,5.315842756366063e-05,5.622587712053854e-05,5.840282783883167e-05,0.02027433744317629,0.03390192760171894
6,8,6,8,0.99,2.6666666666666665,102,,6,0.0009173323713309173,3.1521359222231034e-05,0.00020745165515184978,6.293651204052932e-05,5.3726238055286137e-05,8.890894111747407e-05,9.910146314066285e-05,0.020167734196300097,0.034038087968160435
7,8,6,8,0.999,2.6666666666666665,103,,7,0.0009247946763880988,3.291458393215253e-05,0.00023852839676470882,6.555669574119803e-05,5.3871548049365e-05,9.771780612185609e-05,0.00011038570086404763,0.020190682699196577,0.03398994341100532
0,8,8,8,0.001,2.6666666666666665,104,,0,0.0015550926244485834,0.0013200767341087678,0.00010192367405578689,0.0005169825964383415,5.3554654717548794e-05,0.0004981344148301112,0.0005690896779141667,-0.07065983546160348,0.3610565818486262
1,8,8,8,0.01,2.6666666666666665,105,,1,0.0017985079531932624,0.0013612000442109566,0.0007772454067836619,0.0006038973952113887,2.196574459967692e-05,0.000691077147701421,0.0008171256736333838,-0.012030189457630487,0.10799455547695114
2,8,8,8,0.1,2.6666666666666665,106,,2,0.000910883748396511,4.3102240948780684e-05,4.873462703085306e-05,7.341429316922597e-05,3.8725931734047276e-05,5.0994273220726744e-05,4.930232681042346e-05,0.030989475752467403,0.01362045104353888
3,8,8,8,0.2,2.6666666666666665,107,,3,0.0008897481707271803,1.967950747421726e-05,2.449047395745359e-05,4.8989400916253736e-05,4.696075242924872e-05,3.503003369429332e-05,3.071501936814069e-05,0.025787071007712214,0.025076569152136984
4,8,8,8,0.3,2.6666666666666665,108,,4,0.0008812829935874806,8.866096433302127e-06,2.0239318227268972e-05,4.0016767323444257e-05,4.930192227580543e-05,2.9606026064955198e-05,2.458825315339865e-05,0.02376598105205708,0.028922718111698963
5,8,8,8,0.4,2.6666666666666665,109,,5,0.0008768457173922041,3.346347345446655e-06,2.127295086861023e-05,3.5581660367539585e-05,5.0546865752623854e-05,2.7686956083555078e-05,2.2561187091379535e-05,0.022654353702710982,0.03080747336593899
6,8,8,8,0.5,2.6666666666666665,110,,6,0.0008744526540099309,2.3244166586029737e-06,2.558661080973022e-05,3.4502740810203033e-05,5.149760609091221e-05,2.8477843592362112e-05,2.3637066972963607e-05,0.021940671329564836,0.03189271489689073
7,8,8,8,0.6,2.6666666666666665,111,,7,0.0008744532601906088,4.477125829745983e-06,3.2633260027378316e-05,3.588610210194759e-05,5.253996994673441e-05,3.1384114476451576e-05,2.7107807293821768e-05,0.021481693450422945,0.03249298977075153
0,8,8,8,0.7,2.6666666666666665,112,,0,0.0008767180535994381,8.217886026739212e-06,4.126058146887324e-05,3.789838763823961e-05,5.341765075901481e-05,3.519862647321672e-05,3.171216223141323e-05,0.02109451757396703,0.03297116273350261
1,8,8,8,0.8,2.6666666666666665,113,,1,0.0008802721947256684,1.4159564809405944e-05,5.771629662013517e-05,4.16217236664039e-05,5.435249603411683e-05,4.1962520282515464e-05,3.995432375993383e-05,0.020817345917201947,0.03327935077949705
2,8,8,8,0.9,2.6666666666666665,114,,2,0.0008972567792320392,2.355897299219198e-05,0.00010030990265741139,4.608846769843416e-05,5.5329306394568766e-05,5.632166243565158e-05,5.819258756536828e-05,0.02067102057687474,0.033404025243545854
3,8,8,8,0.99,2.6666666666666665,115,,3,0.0009212350956929396,3.462126447263109e-05,0.00020954942153111414,5.269542192328169e-05,5.5622244590171024e-05,8.812208812929948e-05,9.944317308682388e-05,0.020539383172789638,0.033587641016928
4,8,8,8,0.999,2.6666666666666665,116,,4,0.000927241653090061,3.7071995086750004e-05,0.00023569399960042618,5.52358265772444e-05,5.5920507561831635e-05,9.598058220656306e-05,0.00010944805391890473,0.020607527516415532,0.033454475925646786
5,8,10,8,0.001,2.6666666666666665,117,,5,0.0015553733442842726,0.001321090063038474,0.00010209904918761763,0.0005167592854069558,5.350864039367488e-05,0.0004983642595066805,0.0005694410250421357,-0.07062159153646058,0.3608812346458767
6,8,10,8,0.01,2.6666666666666665,118,,6,0.0017984351071327015,0.0013621837072965916,0.0007757719196650265,0.0006043806482043732,2.199781460993138e-05,0.0006910835224439807,0.0008170482861229235,-0.012055748937983472,0.10806635215846319
7,8,10,8,0.1,2.6666666666666665,119,,7,0.0009112206624157277,4.427778601032163e-05,4.9940821319632794e-05,7.422248639866787e-05,3.8815887142894004e-05,5.181424521787907e-05,5.024593136691179e-05,0.031006482107295924,0.013623317649375397
0,8,10,8,0.2,2.6666666666666665,120,,0,0.0008909242035291387,2.106136128418457e-05,2.629196235561952e-05,4.9705955886844456e-05,4.671964203305041e-05,3.594473038992474e-05,3.185537419991718e-05,0.025730558103930285,0.02525550942165977
1,8,10,8,0.3,2.6666666666666665,121,,1,0.0008832412864447306,1.0373423314553399e-05,2.2355148997820367e-05,4.0741551584864706e-05,4.886666285101812e-05,3.058419668706415e-05,2.584422651010506e-05,0.023673960381653834,0.029192376105864903
2,8,10,8,0.4,2.6666666666666665,122,,2,0.0008800099697124575,4.8853780159759685e-06,2.343364234164575e-05,3.576012928218355e-05,4.978508151079663e-05,2.8466057787650473e-05,2.3697208584703936e-05,0.022468816645238393,0.03127167752276342
3,8,10,8,0.5,2.6666666666666665,123,,3,0.0008793639792901933,3.814731192488668e-06,2.7416508402828876e-05,3.3793146011443076e-05,5.038390230320817e-05,2.8852071977492198e-05,2.443992125088106e-05,0.021644886046316585,0.03257802907761963
4,8,10,8,0.6,2.6666666666666665,124,,4,0.0008786225195581638,5.71969455566394e-06,3.567892898632675e-05,3.5439094884460786e-05,5.118774514303929e-05,3.200636589237269e-05,2.8237347851913578e-05,0.021107789557805755,0.033339491393178725
5,8,10,8,0.7,2.6666666666666665,125,,5,0.0008805904630226985,9.423543630952237e-06,4.737347414545605e-05,3.867121836914982e-05,5.204192358498171e-05,3.687753993263496e-05,3.405119625115802e-05,0.02070300480736186,0.033862193312181876
6,8,10,8,0.8,2.6666666666666665,126,,6,0.00088461878081554,1.4726420251156167e-05,6.752139378345351e-05,4.220719134325473e-05,5.248028106471603e-05,4.423382161064511e-05,4.319718341286502e-05,0.020274450611065094,0.034456302595411714
7,8,10,8,0.9,2.6666666666666665,127,,7,0.000902893036090709,2.3723895756985486e-05,0.00011766798447917331,4.548909554007526e-05,5.262585628277641e-05,5.987670801475262e-05,6.348311871586155e-05,0.019910153703870986,0.03499906404830141
0,8,10,8,0.99,2.6666666666666665,128,,0,0.0009305752654742125,3.392910049596523e-05,0.00023290425631415003,5.4044388836991054e-05,5.269251028208873e-05,9.339256398229876e-05,0.00010673393545655172,0.019729204619774746,0.03528725144161107
1,8,10,8,0.999,2.6666666666666665,129,,1,0.00093750486277721,3.577511200335018e-05,0.0002624768652879972,5.6285976709094225e-05,5.284337958839872e-05,0.00010184533339721008,0.00011760555181336464,0.019761209511823828,0.03522441015189835
2,16,2,8,0.001,2.6666666666666665,130,,2,0.0015587554089936115,0.001340989310891026,0.0001033469750798945,0.0005085977180308964,5.289476946475908e-05,0.000501457193366644,0.0005750275099062495,-0.06718065041591126,0.349490886280411
3,16,2,8,0.01,2.6666666666666665,131,,3,0.0018012188641961086,0.0013348606648340268,0.000825842344584496,0.0005803844817711153,2.0491551792768664e-05,0.0006903947607456017,0.0008203803420668217,-0.010785598483112278,0.10446786792939336
4,16,2,8,0.1,2.6666666666666665,132,,4,0.0008989457329373385,2.391222089460004e-05,4.4964476123947165e-05,5.492883969933524e-05,4.8544594565509404e-05,4.308753282084796e-05,4.020447138365652e-05,0.0347653036825106,0.002030464917864957
5,16,2,8,0.2,2.6666666666666665,133,,5,0.0008776306337417095,6.055877628326789e-06,2.6978752655192445e-05,3.639443084924547e-05,5.531081652773611e-05,3.1184969415125205e-05,2.6295751324003342e-05,0.02999231258399637,0.01247225154112594
6,16,2,8,0.3,2.6666666666666665,134,,6,0.000870011757229062,3.582218928342389e-06,2.579733060221887e-05,2.9161310299309462e-05,5.602598474903607e-05,2.8641711144726696e-05,2.3991065684911345e-05,0.028100344427643677,0.016051849753844417
7,16,2,8,0.4,2.6666666666666665,135,,7,0.0008648462553369479,6.161253666824791e-06,2.6587573383734703e-05,2.5996892946762657e-05,5.6239595279528505e-05,2.874632881921266e-05,2.462235705456836e-05,0.026947309400295192,0.018012364478014395
0,16,2,8,0.5,2.6666666666666665,136,,0,0.0008609774873195808,1.0522904314254292e-05,3.1284005175219174e-05,2.641923040532723e-05,5.654753271283672e-05,3.119341815190935e-05,2.776343034951848e-05,0.026136978819631375,0.0192616860438945
1,16,2,8,0.6,2.6666666666666665,137,,1,0.0008585367539884918,1.5597926586011836e-05,4.082347401468217e-05,3.1055713517602214e-05,5.6739225585024815e-05,3.605408492583026e-05,3.3439623384002516e-05,0.025446110530152277,0.020283002821401025
2,16,2,8,0.7,2.6666666666666665,138,,2,0.0008577865571683035,1.909714743064023e-05,5.189082113438652e-05,3.861627944418511e-05,5.5929524249225966e-05,4.138344306460945e-05,3.9420290137244097e-05,0.02454492121767793,0.021781108780125125
3,16,2,8,0.8,2.6666666666666665,139,,3,0.0008622558926846486,2.1992797555456914e-05,7.418064901618839e-05,5.059966947002218e-05,5.5094646372213706e-05,5.0466940603470296e-05,4.967353483092109e-05,0.02371176280698891,0.023212759169158492
4,16,2,8,0.9,2.6666666666666665,140,,4,0.0008772825581448536,2.765035607679579e-05,0.00012733329056896728,6.522002663810653e-05,5.545842542757412e-05,6.891552467786093e-05,7.177429089286781e-05,0.023303836159535518,0.023852478430265472
5,16,2,8,0.99,2.6666666666666665,141,,5,0.0009168799024220621,3.3986345108051555e-05,0.0002639729271071871,8.045105337204714e-05,5.483011042966476e-05,0.00010831010900423764,0.00012186661803869821,0.022871281339888742,0.024680761613790285
6,16,2,8,0.999,2.6666666666666665,142,,6,0.0009311707224859475,3.532734203123912e-05,0.000314404172977658,8.3538921257873e-05,5.4836880322316584e-05,0.00012202682914727168,0.00013963980526633064,0.02286531326359269,0.02469136928234767
7,16,4,8,0.001,2.6666666666666665,143,,7,0.0015596321717556705,0.00133178716023423,0.00010367314348142522,0.0005179136073642712,5.3297127926769595e-05,0.000501667759751674,0.000573688557120392,-0.0671128988677886,0.3499196230577043
0,16,4,8,0.01,2.6666666666666665,144,,0,0.0018010419464919189,0.0013382384469926049,0.0008160774470925639,0.0005880300642707242,2.05141804062342e-05,0.0006907150346905319,0.0008195293388078827,-0.010855878650787664,0.1047135370619891
1,16,4,8,0.1,2.6666666666666665,145,,1,0.0009008579970389182,2.987819317777419e-05,4.67478227664073e-05,6.918178893971262e-05,4.6775303825913496e-05,4.81457771774519e-05,4.486818744233151e-05,0.03340537281621917,0.006003089175548031
2,16,4,8,0.2,2.6666666666666665,146,,2,0.0008762836112795054,8.124726385366965e-06,2.8183664014556726e-05,5.5947035640802685e-05,5.450036415377431e-05,3.6688947548625173e-05,3.0510696765737396e-05,0.028784962646112855,0.016141614183411444
3,16,4,8,0.3,2.6666666666666665,147,,3,0.0008654853858508367,2.59673459909726e-06,2.6227676287151752e-05,5.133423417949527e-05,5.621675835625526e-05,3.409385085549989e-05,2.7533302384708092e-05,0.02707317799080647,0.019342459295070977
4,16,4,8,0.4,2.6666666666666665,148,,4,0.0008600358210563547,2.944987514909272e-06,2.653317404935677e-05,4.684478565511222e-05,5.677309333505119e-05,3.327401013860736e-05,2.7095700353115915e-05,0.025942861120895888,0.021231456676546925
5,16,4,8,0.5,2.6666666666666665,149,,5,0.000857790302693876,5.590994579104994e-06,2.9217847030101523e-05,4.4112612010537166e-05,5.7500024053935406e-05,3.410536941841977e-05,2.8538386547147603e-05,0.025188391768088292,0.022350914970698528
6,16,4,8,0.6,2.6666666666666665,150,,6,0.0008588982480531968,9.340626569649694e-06,3.503686726461285e-05,4.310895619553868e-05,5.8494585517814856e-05,3.6495258886904016e-05,3.172642156364644e-05,0.0246340919325976,0.02308402540208041
7,16,4,8,0.7,2.6666666666666665,151,,7,0.0008622352515617541,1.3102996963109997e-05,4.350882046481005e-05,4.492413938701084e-05,5.918919175492938e-05,4.0181287142465065e-05,3.6222827666296725e-05,0.024033586655173425,0.023948241349463845
0,16,4,8,0.8,2.6666666666666665,152,,0,0.0008761295780717441,1.7311772703980994e-05,6.316524555992235e-05,4.720676499660081e-05,5.865613973636849e-05,4.6584980749218166e-05,4.4469490210129336e-05,0.023170484782195057,0.025401098198454583
1,16,4,8,0.9,2.6666666666666665,153,,1,0.0008973231438489887,2.6114478709233547e-05,0.00010539672112100008,4.724207303731993e-05,5.814835765564001e-05,5.9225407630798395e-05,6.140213839223787e-05,0.02248443848697427,0.026581231938122493
2,16,4,8,0.99,2.6666666666666665,154,,2,0.0009322183090998401,3.6143977525824266e-05,0.00023025450141552316,5.571565981206581e-05,5.741770023836887e-05,9.488295974794552e-05,0.00010765505298885493,0.02203964048560111,0.027414970093183555
3,16,4,8,0.999,2.6666666666666665,155,,3,0.0009440496954342828,3.953301002962839e-05,0.0002786275607678967,5.923800911016275e-05,5.7755488635049976e-05,0.00010878851713568444,0.00012555243989004382,0.02211854135301465,0.027249281359665617
4,16,6,8,0.001,2.6666666666666665,156,,4,0.0015585621078219548,0.0013346342315886423,0.0001037597917505737,0.0005120381734995994,5.325623002968906e-05,0.0005009221067171261,0.0005736804083679535,-0.06715382439752489,0.34999995243702064
5,16,6,8,0.01,2.6666666666666665,157,,5,0.0017997666699112625,0.0013516333131112206,0.0007952886075762326,0.0005956257613386207,2.1294595637076245e-05,0.0006909605694157876,0.0008184606997251007,-0.011344447509259958,0.10611897889266038
6,16,6,8,0.1,2.6666666666666665,158,,6,0.000898813619592376,3.0192681218911922e-05,5.7659466119130305e-05,9.217600749945915e-05,4.613598938460674e-05,5.6541036055527026e-05,5.23360485933584e-05,0.03297499226348995,0.00748233580202981
7,16,6,8,0.2,2.6666666666666665,159,,7,0.0008739075004992114,9.268822261400006e-06,3.976498953012184e-05,7.80669662839888e-05,5.4083291535391176e-05,4.5296017402725455e-05,3.836964690040395e-05,0.028279215351621756,0.017803455383134055
0,16,6,8,0.3,2.6666666666666665,160,,0,0.0008657057708248169,3.5733096171371116e-06,4.102884665645082e-05,7.237916185007512e-05,5.5783130999628264e-05,4.319111228082283e-05,3.6227767566146544e-05,0.026416464017464166,0.021310956707811052
1,16,6,8,0.4,2.6666666666666665,161,,1,0.0008625827510055045,3.124018184366441e-06,4.311654441397148e-05,6.815864516276933e-05,5.667831385576369e-05,4.276938040421774e-05,3.621968070253482e-05,0.02530298026837472,0.02317153855103739
2,16,6,8,0.5,2.6666666666666665,162,,2,0.0008618010853964924,4.620369640083713e-06,4.5208558111708173e-05,6.595834674339315e-05,5.7723883030553845e-05,4.337778938143472e-05,3.7223347546255134e-05,0.0245589817446064,0.024268314220837337
3,16,6,8,0.6,2.6666666666666665,163,,3,0.0008612841663480751,7.2002882564167725e-06,4.650017391058742e-05,6.477515630839513e-05,5.866715174002789e-05,4.4285692553856806e-05,3.847387206373857e-05,0.023907490710386066,0.025184918892534585
4,16,6,8,0.7,2.6666666666666665,164,,4,0.0008617674711349117,1.083882919889597e-05,5.457889531646993e-05,6.620261438519345e-05,6.0099272227916026e-05,4.7929902782118845e-05,4.285622260730689e-05,0.023452886351154147,0.025727746288299023
5,16,6,8,0.8,2.6666666666666665,165,,5,0.0008652442243212966,1.4801365285540337e-05,7.015431694858108e-05,6.927438449928707e-05,6.131367940959153e-05,5.388593653575e-05,5.008323806285357e-05,0.023053672233772568,0.0262132884147299
6,16,6,8,0.9,2.6666666666666665,166,,6,0.0008765255366202598,1.8309335911190035e-05,0.00011403741521702673,8.237471035410214e-05,6.133728531650684e-05,6.901468669970643e-05,6.806758298784043e-05,0.02253810692406448,0.027034236675760756
7,16,6,8,0.99,2.6666666666666665,167,,7,0.0009069194306917522,2.2494339794532635e-05,0.0002236014556578982,9.761854587735674e-05,6.035977122684175e-05,0.00010101852813915731,0.00010836165133484336,0.022057648419249017,0.027922460960444213
0,16,6,8,0.999,2.6666666666666665,168,,0,0.0009145719518881054,2.2831663670375453e-05,0.00025101626336909336,9.932949205695787e-05,6.0150258627599166e-05,0.00010833191943100646,0.00011786260079391579,0.021998889969625863,0.028039579854221033
1,16,8,8,0.001,2.6666666666666665,169,,1,0.0015592189051738573,0.0013360554236708764,0.00010397144621819671,0.0005124693851587649,5.329471060766205e-05,0.000501447741413875,0.0005743029725907623,-0.06711882402723864,0.34983511116852317
2,16,8,8,0.01,2.6666666666666665,170,,2,0.001799246246681512,0.0013555719739501444,0.0007893778819321803,0.0005974404132321932,2.1534663112706395e-05,0.0006909812330568061,0.0008181457980182582,-0.011493369522390991,0.10654745833688598
3,16,8,8,0.1,2.6666666666666665,171,,3,0.0009024388983755766,3.084767283908729e-05,5.541099306989927e-05,8.462907671295838e-05,4.525386993828556e-05,5.4035403140057626e-05,5.0400046411536186e-05,0.03290523435902287,0.007784873240419991
4,16,8,8,0.2,2.6666666666666665,172,,4,0.0008773451319952576,1.0072524543723215e-05,3.2095113831803796e-05,6.703725277245258e-05,5.249580637157948e-05,4.0425174379889767e-05,3.3978055982514345e-05,0.028094416868926532,0.018377042683796273
5,16,8,8,0.3,2.6666666666666665,173,,5,0.0008685760764655034,4.317406295619356e-06,3.071521702602003e-05,6.015386060961453e-05,5.4064716397319894e-05,3.731280008214345e-05,3.0713970608368874e-05,0.026170409705364234,0.02202681905108214
6,16,8,8,0.4,2.6666666666666665,174,,6,0.0008646538522307443,3.2831289567585574e-06,3.3153266672065214e-05,5.660682288271516e-05,5.4951990407151e-05,3.699880222967248e-05,3.073860075791896e-05,0.025010443793058362,0.023993290007526234
7,16,8,8,0.5,2.6666666666666665,175,,7,0.0008625104986480919,4.187566156488914e-06,3.664738020283356e-05,5.4071420757790207e-05,5.585383144196035e-05,3.769004963976826e-05,3.193252415306592e-05,0.024197445741721578,0.025242598985314953
0,16,8,8,0.6,2.6666666666666665,176,,0,0.0008629370282852125,6.886747885826019e-06,4.397400646555069e-05,5.355283934089509e-05,5.7556064478680684e-05,4.0492414542738127e-05,3.547173542038821e-05,0.023754290642066044,0.025760492858852842
1,16,8,8,0.7,2.6666666666666665,177,,1,0.0008659968725302651,1.1161696741276904e-05,5.424888184730484e-05,5.391301979088239e-05,5.965388686638094e-05,4.474437131146127e-05,4.073134397240448e-05,0.023477142321397266,0.02595567380626088
2,16,8,8,0.8,2.6666666666666665,178,,2,0.0008738952019969559,1.640810480765023e-05,7.12339930028463e-05,5.554491876763151e-05,6.13807005054649e-05,5.114192927089824e-05,4.870163581568158e-05,0.02320455871051445,0.026184300071930084
3,16,8,8,0.9,2.6666666666666665,179,,3,0.0008851793161242164,2.1480096601160662e-05,0.00010371215120536573,5.5218316775669164e-05,6.180434238961765e-05,6.055372674295331e-05,6.123452579638995e-05,0.02277027364069032,0.026827846031610827
4,16,8,8,0.99,2.6666666666666665,180,,4,0.0009172227918379141,2.908010873045573e-05,0.00022498067351813046,6.83348665909802e-05,6.061732046370136e-05,9.575324232581694e-05,0.00010617895859197565,0.02223343976704574,0.02782470211565303
5,16,8,8,0.999,2.6666666666666665,181,,5,0.0009224337724048122,2.9743154094217688e-05,0.00024374872429290792,6.973229643884385e-05,6.0397680738794664e-05,0.00010090546389119104,0.00011285228899198164,0.02216927360418301,0.027952284121120108
6,16,10,8,0.001,2.6666666666666665,182,,6,0.0015592399275331686,0.0013364596068916156,0.00010405779732877245,0.0005119995715928106,5.329237792215515e-05,0.0005014523384338385,0.0005743877929926238,-0.06709853738517603,0.349734037668889
7,16,10,8,0.01,2.6666666666666665,183,,7,0.0017989616220516825,0.0013580003913749238,0.0007853358143440236,0.0005990065176889367,2.16994226684971e-05,0.0006910105365190953,0.0008178963919658881,-0.011607129342752745,0.1068759465329447
0,16,10,8,0.1,2.6666666666666665,184,,0,0.0009024161682608175,2.9770976586476317e-05,5.540531167343135e-05,8.676270149525252e-05,4.609082052413082e-05,5.450745256982275e-05,5.053434975653312e-05,0.03319081191866124,0.007265248355087021
1,16,10,8,0.2,2.6666666666666665,185,,1,0.0008765345978926626,8.736610655816231e-06,3.4002072501333005e-05,7.332768035244089e-05,5.385787227003986e-05,4.2481058944907497e-05,3.5443819822796536e-05,0.028497821955093712,0.017680011373465167
2,16,10,8,0.3,2.6666666666666665,186,,2,0.0008674358849417985,3.198446021444192e-06,3.557247585289235e-05,6.990874616048938e-05,5.591934759880796e-05,4.114975390840847e-05,3.3894989584661744e-05,0.02668523964437223,0.021134495533305382
3,16,10,8,0.4,2.6666666666666665,187,,3,0.0008646066304560041,3.0063159575556423e-06,3.8522625079235065e-05,6.644629723537579e-05,5.6986177404033026e-05,4.124035391904988e-05,3.441505945216504e-05,0.02552961249853785,0.023097829724387817
4,16,10,8,0.5,2.6666666666666665,188,,4,0.0008642023049392444,4.6627032769723505e-06,4.1230450647137055e-05,6.346608290814078e-05,5.795746298536959e-05,4.182917495440494e-05,3.553497562362153e-05,0.024694457192841742,0.02438575717200284
5,16,10,8,0.6,2.6666666666666665,189,,5,0.0008653361779797967,7.58743380946893e-06,4.829312583557842e-05,6.310455523145588e-05,5.9496038899478596e-05,4.462028844399546e-05,3.9060285570171536e-05,0.024178469025702885,0.025041134940920695
6,16,10,8,0.7,2.6666666666666665,190,,6,0.0008668937453741281,1.1444428781389278e-05,5.6765213723033706e-05,6.356116905269121e-05,6.13762438187735e-05,4.828676384397192e-05,4.3559449646718447e-05,0.023835098043460595,0.025366075903049512
7,16,10,8,0.8,2.6666666666666665,191,,7,0.0008721189168582936,1.5864368570693408e-05,6.877670631096846e-05,6.570451143061733e-05,6.308333919153352e-05,5.335723137595318e-05,4.9678333397579104e-05,0.02353924287236711,0.025638548508245377
0,16,10,8,0.9,2.6666666666666665,192,,0,0.0008839100635285274,1.9776941501811574e-05,9.979606199275055e-05,6.970250943004236e-05,6.330136857773476e-05,6.314422037558481e-05,6.20249808328169e-05,0.02304931271988387,0.02639561855275484
1,16,10,8,0.99,2.6666666666666665,193,,1,0.0009067205041815386,2.3499173471094145e-05,0.0002024110355015004,8.663255456528483e-05,6.227036466275359e-05,9.370328205015823e-05,0.00010012055619553793,0.02252556272328053,0.027359631178117197
2,16,10,8,0.999,2.6666666666666665,194,,2,0.0009121482602476757,2.3623608103381937e-05,0.0002245873511225442,9.0269384424174e-05,6.212625476502953e-05,0.00010015164960378241,0.00010813625960684265,0.022477398134469067,0.02745324683225104
3,32,2,8,0.001,2.6666666666666665,195,,3,0.001543505552326063,0.0013400445339728701,9.603869240430906e-05,0.00047145393560503874,5.5020527444312806e-05,0.0004906394223566327,0.0005664401526339517,-0.0638612408721702,0.34429242116362424
4,32,2,8,0.01,2.6666666666666665,196,,4,0.001784069834431595,0.0014226232109739,0.0007053173283766239,0.0005942443685915356,3.0953862934368554e-05,0.0006882846927191071,0.0008135132183711587,-0.015663444510981804,0.12028464825391019
5,32,2,8,0.1,2.6666666666666665,197,,5,0.000910479209993515,2.3545474142752227e-05,1.4418468799256559e-05,1.8734352372479425e-05,4.7909523085460314e-05,2.6151954599987132e-05,2.3761960223659552e-05,0.04130620436745313,-0.019351075593800587
6,32,2,8,0.2,2.6666666666666665,198,,6,0.0008880859306140176,1.1387671176698703e-05,5.538330570545248e-06,2.320655641745411e-05,5.5613764906129603e-05,2.3936580767706915e-05,1.8778720803011935e-05,0.03619313224537821,-0.007607240836492529
7,32,2,8,0.3,2.6666666666666665,199,,7,0.0008800596882295216,7.730618355436578e-06,5.449632842115701e-06,2.8705069189930177e-05,5.702427866264195e-05,2.47273997625311e-05,1.8681641707946115e-05,0.034257189186163176,-0.003786049851556658
0,32,2,8,0.4,2.6666666666666665,200,,0,0.0008783492594755377,8.152106966891163e-06,6.858075964916871e-06,3.5062061774626556e-05,5.783806097380636e-05,2.697757642006024e-05,2.0486748102008167e-05,0.0330396734536349,-0.0016538337676062949
1,32,2,8,0.5,2.6666666666666665,201,,1,0.0008778465307002206,9.935997082788461e-06,1.0162239476634368e-05,4.4045268545148313e-05,5.8916024292781934e-05,3.0764882349338266e-05,2.3859627659462653e-05,0.03221593121923483,-0.0004008002537816309
2,32,2,8,0.6,2.6666666666666665,202,,2,0.0008784313613257535,1.2151010185425714e-05,1.641002771842343e-05,5.3939237694871516e-05,6.0669578405104226e-05,3.579246350095622e-05,2.8621815317945674e-05,0.03170312265393779,0.0001621284604433615
3,32,2,8,0.7,2.6666666666666665,203,,3,0.0008794053691841716,1.4856596401357377e-05,2.8217973048824893e-05,6.174473840633969e-05,6.261077567423017e-05,4.185752088268803e-05,3.5084108830155735e-05,0.031231946535290652,0.0006563826287538377
4,32,2,8,0.8,2.6666666666666665,204,,4,0.0008856815744286144,1.7878621910904686e-05,4.737848451173927e-05,7.322665381738242e-05,6.426174791878375e-05,5.068637703970253e-05,4.4667102430242346e-05,0.030639885149585974,0.001492479197178341
5,32,2,8,0.9,2.6666666666666665,205,,5,0.0008925834987315737,2.0432773646053267e-05,9.150092336157954e-05,9.907071790994075e-05,6.482252595391093e-05,6.895673521787112e-05,6.46267729798529e-05,0.029728509036102534,0.003199550481816844
6,32,2,8,0.99,2.6666666666666665,206,,6,0.0008999724048942317,2.0004428496644146e-05,0.0001855898832142032,0.00012403144498603362,6.226712380028355e-05,9.797322012429114e-05,9.958119870133531e-05,0.028391203311174153,0.006180428832359034
7,32,2,8,0.999,2.6666666666666665,207,,7,0.0009032017684910641,1.9957552172565293e-05,0.00019872408830423597,0.00012653850020594872,6.191201624408769e-05,0.00010178303923170942,0.00010430229956727316,0.028268909343417074,0.006465670793259819
0,32,4,8,0.001,2.6666666666666665,208,,0,0.0015442063935583628,0.0013353380236655822,9.67273217574848e-05,0.0004779458834995607,5.602078211735744e-05,0.0004915080027599963,0.0005663495594105088,-0.0642282733305157,0.34638728679224795
1,32,4,8,0.01,2.6666666666666665,209,,1,0.0017903392987182495,0.001389333389510165,0.0007607508423398123,0.0005803951433774312,2.6736302474651147e-05,0.0006893039194255148,0.0008178833182586729,-0.013599976561683194,0.11401136563989364
2,32,4,8,0.1,2.6666666666666665,210,,2,0.0009107714262590141,2.121642947487409e-05,1.610852421550872e-05,1.920994626904868e-05,4.449163033842305e-05,2.5256632574463632e-05,2.3058580664706224e-05,0.03921819738963929,-0.013116077595544302
3,32,4,8,0.2,2.6666666666666665,211,,3,0.0008936766562726398,1.287675478386122e-05,5.645183862705863e-06,2.010481243357236e-05,5.223681264619815e-05,2.2715890931584396e-05,1.8230917062150783e-05,0.03398680681524814,-0.0011138159479839212
4,32,4,8,0.3,2.6666666666666665,212,,4,0.0008922048028253643,1.26661850275025e-05,3.9716831717595205e-06,2.3737846596537503e-05,5.373232831800614e-05,2.3527010778451414e-05,1.8457651885511283e-05,0.031870669601691055,0.0031023632860682354
5,32,4,8,0.4,2.6666666666666665,213,,5,0.0008925007209009177,1.3152125049324559e-05,3.41777500594963e-06,3.218550509219141e-05,5.568610987662319e-05,2.6110378756022198e-05,2.0168569179893834e-05,0.03091606272733495,0.004654512041774382
6,32,4,8,0.5,2.6666666666666665,214,,6,0.0008948510473659852,1.4319102112632785e-05,4.663137602511346e-06,4.383381370223911e-05,5.789397842943743e-05,3.017750796170517e-05,2.328204526032747e-05,0.030303052704954505,0.005444453264970322
7,32,4,8,0.6,2.6666666666666665,215,,7,0.0008993204680825981,1.5767117009819565e-05,7.63209082318348e-06,5.4060106662702814e-05,5.9797676955431805e-05,3.431424786278442e-05,2.6776033214023456e-05,0.029666313771817686,0.006307412613399795
0,32,4,8,0.7,2.6666666666666665,216,,0,0.0009003255279201907,1.6862764875523712e-05,1.3061219434172094e-05,5.8148235782426765e-05,6.158060648203864e-05,3.741320664354031e-05,2.9929468480642837e-05,0.02902412444765453,0.007212574411549232
1,32,4,8,0.8,2.6666666666666665,217,,1,0.00089404466917016,1.730484213604478e-05,2.4871196022816942e-05,6.337458594061572e-05,6.388976003015236e-05,4.236009603240745e-05,3.526940371474859e-05,0.02858525955564632,0.007710891047840323
2,32,4,8,0.9,2.6666666666666665,218,,2,0.0008896162003573777,1.972474782303283e-05,5.606167048233435e-05,5.865063787248056e-05,6.599849014115596e-05,5.010888657975093e-05,4.6036994104061816e-05,0.028173288659482966,0.008244750131143022
3,32,4,8,0.99,2.6666666666666665,219,,3,0.0008915479276682412,2.500665949448519e-05,0.00013992034409938896,7.626097025343955e-05,6.697675092040724e-05,7.704118119193024e-05,7.88486213935992e-05,0.027890230997989124,0.008694892616833308
4,32,4,8,0.999,2.6666666666666665,220,,4,0.0008923001526933235,2.5322890773212187e-05,0.00014876579435671718,7.953015639293626e-05,6.67630452742691e-05,8.009547169928368e-05,8.241176198784402e-05,0.027824855990379725,0.008841914034379459
5,32,6,8,0.001,2.6666666666666665,221,,5,0.001544743612141217,0.001327673725345103,9.67246497692691e-05,0.0004854043835013411,5.575972370818501e-05,0.0004913906205809745,0.0005649934762397118,-0.0643438846273461,0.3467325491811362
6,32,6,8,0.01,2.6666666666666665,222,,6,0.0017920469820692328,0.001379503648780565,0.0007699201077209483,0.0005829619591560954,2.6154627235877387e-05,0.0006896350857233716,0.0008179940165658332,-0.01333873464980825,0.11315674758293912
7,32,6,8,0.1,2.6666666666666665,223,,7,0.0009047077649355548,2.4745815216444752e-05,1.1935625322519258e-05,1.9872448482441982e-05,4.49986732523068e-05,2.5388140568428196e-05,2.303900046877947e-05,0.03851951690867103,-0.010811937440848032
0,32,6,8,0.2,2.6666666666666665,224,,0,0.0008834862955312763,1.3221094108228864e-05,4.095291538861345e-06,1.895747360724504e-05,5.37251005031842e-05,2.2499739939379865e-05,1.788589090076828e-05,0.03373428319083813,0.0002790392002827817
1,32,6,8,0.3,2.6666666666666665,225,,1,0.0008771314024455837,1.026323807348277e-05,4.619430858194288e-06,1.9815634931641527e-05,5.666574848351973e-05,2.284101308670958e-05,1.7707786879752565e-05,0.03206127203700487,0.0035387756132745918
2,32,6,8,0.4,2.6666666666666665,226,,2,0.0008755608842336218,1.0360398616760027e-05,4.512262796825081e-06,2.3436479884149793e-05,5.919657927305968e-05,2.4376430142698646e-05,1.872973033072995e-05,0.03116826964729769,0.0049439721260409915
3,32,6,8,0.5,2.6666666666666665,227,,3,0.0008765462986349535,1.1237007207052129e-05,5.369806976485598e-06,2.7769236682889902e-05,6.15176063367897e-05,2.6473414300804332e-05,2.0416745231125845e-05,0.03044940807613996,0.0059397890306565684
4,32,6,8,0.6,2.6666666666666665,228,,4,0.0008772342053630402,1.193258134243051e-05,9.462420829422664e-06,3.108984591578231e-05,6.370167739168756e-05,2.904663136983076e-05,2.293025460852937e-05,0.02977203437740171,0.006861089012089948
5,32,6,8,0.7,2.6666666666666665,229,,5,0.0008772171283855998,1.309296607655915e-05,1.672243229818652e-05,3.626175315506321e-05,6.59856599296195e-05,3.301570286485709e-05,2.6979701639029006e-05,0.02918215220022876,0.007623175467718589
6,32,6,8,0.8,2.6666666666666665,230,,6,0.000872836322909348,1.4902854690468424e-05,2.9772655173490522e-05,4.514971754999326e-05,6.799683434005808e-05,3.945551543850257e-05,3.3749595269661544e-05,0.02857870447985348,0.00847244353922549
7,32,6,8,0.9,2.6666666666666665,231,,7,0.00086662811999321,1.836404717722588e-05,5.5870906994065694e-05,5.539724510061224e-05,6.982523716396066e-05,4.9864359108966124e-05,4.5615398434526016e-05,0.02804973217011386,0.009254226632348848
0,32,6,8,0.99,2.6666666666666665,232,,0,0.0008812152445615682,2.2224783477782843e-05,0.00012099777337974845,7.902936326558811e-05,6.965053269725694e-05,7.297561320509408e-05,7.252083494631795e-05,0.027470123317239067,0.010383510267571849
1,32,6,8,0.999,2.6666666666666665,233,,1,0.0008846884726072474,2.208854060687506e-05,0.00013567253611873522,8.525334613918728e-05,6.916126640730256e-05,7.804392231802504e-05,7.832279433295175e-05,0.02732575786482872,0.010708343403902018
2,32,8,8,0.001,2.6666666666666665,234,,2,0.001544990798637217,0.0013298918820480326,9.693778856164183e-05,0.0004840887179829943,5.5742895907478497e-05,0.0004916653211250368,0.0005655818258516371,-0.06423268406990203,0.34624958997729294
3,32,8,8,0.01,2.6666666666666665,235,,3,0.0017901184083130928,0.0013910128442434447,0.0007544703058145448,0.0005850993662291684,2.7058957077497862e-05,0.000689410368341164,0.0008171874372371076,-0.013763800632718325,0.11445182460144585
4,32,8,8,0.1,2.6666666666666665,236,,4,0.0009096549995805267,2.5331202130591533e-05,1.53237099485196e-05,1.9513935552773632e-05,4.461321203082754e-05,2.6195514915678078e-05,2.4239495290303907e-05,0.03849898139374129,-0.010665847885547995
5,32,8,8,0.2,2.6666666666666665,237,,5,0.0008934229343280036,1.700356090301025e-05,5.404284741241717e-06,1.6226315687703626e-05,5.214675024921807e-05,2.2695227895293415e-05,1.8864792870904275e-05,0.03311788593014978,0.0017811776391016033
6,32,8,8,0.3,2.6666666666666665,238,,6,0.0008881464071030091,1.3541743828061585e-05,4.533747449077953e-06,1.584914625489046e-05,5.4524011554213676e-05,2.211216227156092e-05,1.77540233938972e-05,0.03124857152961484,0.005515448225369542
7,32,8,8,0.4,2.6666666666666665,239,,7,0.0008862633948875762,1.1993613471254863e-05,5.141242908525313e-06,1.8097863219903252e-05,5.687068893862445e-05,2.302585213457697e-05,1.820637748634801e-05,0.030348989749978173,0.006978460542120337
0,32,8,8,0.5,2.6666666666666665,240,,0,0.000887364288922923,1.1497912431065003e-05,5.958262766178293e-06,2.1720078322075908e-05,5.9218455922925675e-05,2.459867736056122e-05,1.930848077324803e-05,0.02972301998573351,0.007813723153461696
1,32,8,8,0.6,2.6666666666666665,241,,1,0.0008890503843738289,1.149915593213774e-05,7.713696037543585e-06,2.506229114027138e-05,6.141772882165016e-05,2.642321798290072e-05,2.0817620650214034e-05,0.02913961782147896,0.00856698026022312
2,32,8,8,0.7,2.6666666666666665,242,,2,0.000889427656803747,1.2070869320366794e-05,1.2332822915909596e-05,2.779131781590484e-05,6.378575716599582e-05,2.8995191804544262e-05,2.3397409909075578e-05,0.028642121288682744,0.009151048426433623
3,32,8,8,0.8,2.6666666666666665,243,,3,0.0008796545882465063,1.3809332769609936e-05,2.4083143484347894e-05,2.9704826396375558e-05,6.646815920467771e-05,3.3516365463752776e-05,2.8659656351494823e-05,0.02828089104943317,0.0094797928629348
4,32,8,8,0.9,2.6666666666666665,244,,4,0.0008731966246752403,1.790557504423676e-05,4.435128476083138e-05,3.503826510480469e-05,6.951715722432081e-05,4.170307053354841e-05,3.81781903232103e-05,0.02811911778917097,0.009452658682857773
5,32,8,8,0.99,2.6666666666666665,245,,5,0.0008759119724959262,2.3603558760369958e-05,9.736287917174434e-05,5.672707216838034e-05,7.103083344615179e-05,6.218108588666161e-05,6.161513024646013e-05,0.027980549147598364,0.009578981758317801
6,32,8,8,0.999,2.6666666666666665,246,,6,0.0008795077897979403,2.464486377703236e-05,0.00011127482539576181,5.937616599221693e-05,7.121098971319712e-05,6.662671121955205e-05,6.707108900850041e-05,0.028020688397904267,0.009485173201226818
7,32,10,8,0.001,2.6666666666666665,247,,7,0.0015459625177422012,0.0013318791902130222,9.742959100905747e-05,0.0004846749796417023,5.5630862795007525e-05,0.0004924036559146973,0.0005664872341468116,-0.06412363997360172,0.3457534914471514
0,32,10,8,0.01,2.6666666666666665,248,,0,0.0017899404800038976,0.00139237902812524,0.0007525290187404737,0.0005855467813538098,2.711524047579435e-05,0.0006893925171738295,0.0008170796859268387,-0.013815658473391572,0.11460530977181185
1,32,10,8,0.1,2.6666666666666665,249,,1,0.0009091097883356097,2.443542139306179e-05,1.4443097169068238e-05,2.0779718767056547e-05,4.4919944931260186e-05,2.6144545565111688e-05,2.390945013709613e-05,0.03876312221457912,-0.011166877032021096
2,32,10,8,0.2,2.6666666666666665,250,,2,0.0008917165982934419,1.4334634683569474e-05,4.668743508730045e-06,1.956491261580017e-05,5.277324081234441e-05,2.2835382905111024e-05,1.839081830212394e-05,0.033535807048985705,0.0010178825828828612
3,32,10,8,0.3,2.6666666666666665,251,,3,0.0008872816206048609,1.0849682323858361e-05,3.947772123522183e-06,1.9956686004703113e-05,5.51203982736508e-05,2.2468634681433615e-05,1.744533219551917e-05,0.031601970610379206,0.0049244546852640035
4,32,10,8,0.4,2.6666666666666665,252,,4,0.0008880366891939238,1.0592804472083592e-05,4.294527143010594e-06,2.1793094992815236e-05,5.6761771366005244e-05,2.3360549493478666e-05,1.8054921598168145e-05,0.030400677565824534,0.0070592460264093
5,32,10,8,0.5,2.6666666666666665,253,,5,0.0008889126391834217,1.0447575783399363e-05,4.984722869512017e-06,2.4510660658004893e-05,5.89054879069485e-05,2.4712111804466194e-05,1.9046790978462694e-05,0.029686079682337878,0.008095387975860426
6,32,10,8,0.6,2.6666666666666665,254,,6,0.0008889694713915658,1.0418329435261965e-05,7.831332670915868e-06,2.6139242192248978e-05,6.151622150117782e-05,2.6476281449901158e-05,2.0692464650963746e-05,0.029209308466866042,0.008613532202430819
7,32,10,8,0.7,2.6666666666666665,255,,7,0.0008889069438747217,1.1379768612513392e-05,1.2918799384529881e-05,2.762745251822213e-05,6.425364939885337e-05,2.9044917478529695e-05,2.3413039651860345e-05,0.028792469783178253,0.009023282393278285
0,32,10,8,0.8,2.6666666666666665,256,,0,0.0008822143341739556,1.3583228561470684e-05,2.4451452930571887e-05,3.001962243360404e-05,6.65882196944884e-05,3.3660630905033755e-05,2.877953418536293e-05,0.0283161521838936,0.009616367966131897
1,32,10,8,0.9,2.6666666666666665,257,,1,0.0008739904187522354,1.8479754475735905e-05,4.7139408266117064e-05,3.490046181889862e-05,6.921557469218752e-05,4.243379981323478e-05,3.922572699913202e-05,0.028036068209296258,0.009856079104748783
2,32,10,8,0.99,2.6666666666666665,258,,2,0.0008864475302181149,2.5771565486177837e-05,0.0001103209354662143,5.612345668518914e-05,7.088142572326543e-05,6.577434584021168e-05,6.653164738553982e-05,0.027946966288092352,0.009880301641805044
3,32,10,8,0.999,2.6666666666666665,259,,3,0.0008904089102040766,2.6402599908382894e-05,0.00012241214267139514,5.9544887040299006e-05,7.081220326077045e-05,6.979295822021188e-05,7.133109591010427e-05,0.027923916725933987,0.00993150763828486
