Unnamed: 0,cdens,knum,type_complex,k_alph,num_complex,grid_id,save_path,grid_id_old,coef,shift,train_rss,train_mse,train_nmse
0,4,2,8,0.001,2.6666666666666665,0,,0,-0.07129695838738173,0.3617846121133916,0.0004856926623268096,2.4284633116340478e-05,17498922344572.828
1,4,2,8,0.01,2.6666666666666665,1,,1,-0.011168890382863568,0.10544383183445694,0.0007425657162931904,3.712828581465952e-05,26753749465568.938
2,4,2,8,0.1,2.6666666666666665,2,,2,0.031225599670527515,0.012185476895659176,3.773978311170177e-05,1.8869891555850887e-06,1359718985271.2275
3,4,2,8,0.2,2.6666666666666665,3,,3,0.0258687939747842,0.024004575291409567,2.3136733510961304e-05,1.1568366755480653e-06,833588675348.2864
4,4,2,8,0.3,2.6666666666666665,4,,4,0.02375023169369614,0.028105315881869326,1.9013895195996404e-05,9.506947597998202e-07,685047770556.4084
5,4,2,8,0.4,2.6666666666666665,5,,5,0.02257408922659479,0.030172040462817868,1.7585973611231677e-05,8.792986805615839e-07,633601473619.9229
6,4,2,8,0.5,2.6666666666666665,6,,6,0.021706848780398337,0.0316030343226493,1.763436540512309e-05,8.817182702561546e-07,635344971739.4202
7,4,2,8,0.6,2.6666666666666665,7,,7,0.02108321888572885,0.03257205078657663,1.9182034956753164e-05,9.591017478376581e-07,691105643867.5309
0,4,2,8,0.7,2.6666666666666665,8,,0,0.02062274371865503,0.033248836508034084,2.2391865234797854e-05,1.1195932617398927e-06,806751967420.5277
1,4,2,8,0.8,2.6666666666666665,9,,1,0.02048367252013459,0.03333328394530513,2.917349372067996e-05,1.458674686033998e-06,1051085883596.3981
2,4,2,8,0.9,2.6666666666666665,10,,2,0.020523820392561662,0.03311578380999704,4.514542553356914e-05,2.257271276678457e-06,1626535372883.7153
3,4,2,8,0.99,2.6666666666666665,11,,3,0.020802706870853768,0.032514143029086486,9.263735047757435e-05,4.631867523878718e-06,3337612296731.151
4,4,2,8,0.999,2.6666666666666665,12,,4,0.020960049056974052,0.03220722032706341,0.00010632256100076334,5.316128050038167e-06,3830673968832.9165
5,4,4,8,0.001,2.6666666666666665,13,,5,-0.07181268585498914,0.3644686790358746,0.0004811401249753814,2.405700624876907e-05,17334899900416.973
6,4,4,8,0.01,2.6666666666666665,14,,6,-0.011893002410650924,0.107593192343702,0.000738726027890561,3.6936301394528055e-05,26615410111494.54
7,4,4,8,0.1,2.6666666666666665,15,,7,0.030197632200555075,0.015344728665858447,4.7990224508871495e-05,2.3995112254435747e-06,1729030057724.6406
0,4,4,8,0.2,2.6666666666666665,16,,0,0.02521535730523324,0.02647674360792021,3.091538744207439e-05,1.5457693721037196e-06,1113844218913.1257
1,4,4,8,0.3,2.6666666666666665,17,,1,0.02313605966232531,0.03048095188466597,2.5194488134353352e-05,1.2597244067176675e-06,907727098989.313
2,4,4,8,0.4,2.6666666666666665,18,,2,0.02191648438480452,0.032596820316698916,2.3042501276024237e-05,1.1521250638012118e-06,830193601283.0953
3,4,4,8,0.5,2.6666666666666665,19,,3,0.021115826536440285,0.033866637384266485,2.3011019313328047e-05,1.1505509656664023e-06,829059344039.3557
4,4,4,8,0.6,2.6666666666666665,20,,4,0.020495604840746133,0.03479367596510679,2.4478741589479785e-05,1.2239370794739892e-06,881939612007.0386
5,4,4,8,0.7,2.6666666666666665,21,,5,0.020052716179723148,0.035406621304528124,2.8670185314781652e-05,1.4335092657390826e-06,1032952287202.3496
6,4,4,8,0.8,2.6666666666666665,22,,6,0.01978247717080795,0.03572404792507347,3.7657188082309806e-05,1.8828594041154903e-06,1356743185722.489
7,4,4,8,0.9,2.6666666666666665,23,,7,0.01969009759437927,0.03576249100067265,5.727099197157346e-05,2.863549598578673e-06,2063404944818.5352
0,4,4,8,0.99,2.6666666666666665,24,,0,0.01984677004365517,0.0354069163900426,0.0001017832631582229,5.089163157911145e-06,3667128528255.4062
1,4,4,8,0.999,2.6666666666666665,25,,1,0.019910874841951247,0.035284806249072896,0.00011489432047899333,5.744716023949667e-06,4139504151169.446
2,4,6,8,0.001,2.6666666666666665,26,,2,-0.07194021089844664,0.3648854988020275,0.0004803423798494351,2.4017118992471754e-05,17306158103201.383
3,4,6,8,0.01,2.6666666666666665,27,,3,-0.012354275928015083,0.10893651080338188,0.0007367153598542984,3.683576799271492e-05,26542968160943.508
4,4,6,8,0.1,2.6666666666666665,28,,4,0.03062742597827215,0.014870064934762266,5.207594500432402e-05,2.603797250216201e-06,1876233652131.5205
5,4,6,8,0.2,2.6666666666666665,29,,5,0.0254619891184988,0.026495703299094363,3.347371442046782e-05,1.6736857210233912e-06,1206017662325.8022
6,4,6,8,0.3,2.6666666666666665,30,,6,0.023267093110319034,0.03072656238717682,2.6527834737646347e-05,1.3263917368823174e-06,955765973115.2815
7,4,6,8,0.4,2.6666666666666665,31,,7,0.02187377362334797,0.03314220873182612,2.3031902130974056e-05,1.1515951065487028e-06,829811726837.5079
0,4,6,8,0.5,2.6666666666666665,32,,0,0.020934782350771276,0.034644518866159484,2.2319183084608693e-05,1.1159591542304347e-06,804133316984.4607
1,4,6,8,0.6,2.6666666666666665,33,,1,0.020230269120614708,0.03570766844624998,2.345680710763053e-05,1.1728403553815265e-06,845120541993.8116
2,4,6,8,0.7,2.6666666666666665,34,,2,0.019794421295609783,0.0362934561265138,2.8032061074835312e-05,1.4016030537417656e-06,1009961438488.4424
3,4,6,8,0.8,2.6666666666666665,35,,3,0.019557274890597796,0.03654631716949592,3.771123715662147e-05,1.8855618578310734e-06,1358690508849.9268
4,4,6,8,0.9,2.6666666666666665,36,,4,0.019517115597289837,0.036490175405026914,5.511861695628537e-05,2.755930847814269e-06,1985857462284.0312
5,4,6,8,0.99,2.6666666666666665,37,,5,0.019582746942947437,0.03631355978961501,9.83010140467946e-05,4.91505070233973e-06,3541667281850.2886
6,4,6,8,0.999,2.6666666666666665,38,,6,0.019672004438162367,0.03614431117610455,0.00011190056704442197,5.595028352221099e-06,4031642816350.4478
7,4,8,8,0.001,2.6666666666666665,39,,7,-0.07193857705145329,0.3648475434857381,0.00048035917371368875,2.4017958685684438e-05,17306763165927.744
0,4,8,8,0.01,2.6666666666666665,40,,0,-0.01247324992328775,0.10927990985382044,0.0007361431977594078,3.680715988797039e-05,26522353848964.754
1,4,8,8,0.1,2.6666666666666665,41,,1,0.030664806079529552,0.014883671214014203,5.2159696566039806e-05,2.6079848283019904e-06,1879251120148.6
2,4,8,8,0.2,2.6666666666666665,42,,2,0.0254421783948883,0.026652314501287272,3.271712602905629e-05,1.6358563014528146e-06,1178758692744.7317
3,4,8,8,0.3,2.6666666666666665,43,,3,0.023176655547575045,0.031037104629750414,2.6111231665939454e-05,1.3055615832969726e-06,940756265607.2769
4,4,8,8,0.4,2.6666666666666665,44,,4,0.021696311942299526,0.03363488845073999,2.2814493010813162e-05,1.1407246505406582e-06,821978737777.1595
5,4,8,8,0.5,2.6666666666666665,45,,5,0.020823771397588176,0.035034054264292944,2.2736727278026858e-05,1.136836363901343e-06,819176931975.5708
6,4,8,8,0.6,2.6666666666666665,46,,6,0.020175313088727928,0.03600495089651021,2.4576310150424057e-05,1.228815507521203e-06,885454889884.7322
7,4,8,8,0.7,2.6666666666666665,47,,7,0.019594887172244085,0.03686435459824933,2.8957971517768734e-05,1.4478985758884367e-06,1043320877894.6296
0,4,8,8,0.8,2.6666666666666665,48,,0,0.01912680682492912,0.03754917064182604,3.9464580750751214e-05,1.9732290375375608e-06,1421861369307.3281
1,4,8,8,0.9,2.6666666666666665,49,,1,0.01905322132677236,0.037559871980602844,5.9366929949674104e-05,2.9683464974837054e-06,2138919068795.861
2,4,8,8,0.99,2.6666666666666665,50,,2,0.019159699501628002,0.037310082453153204,0.000103578799645363,5.17893998226815e-06,3731819547890.7207
3,4,8,8,0.999,2.6666666666666665,51,,3,0.01922602061601643,0.03718487610013893,0.00011759123681082679,5.87956184054134e-06,4236670802266.202
4,4,10,8,0.001,2.6666666666666665,52,,4,-0.07195460277173471,0.36489247887135945,0.0004802930901350594,2.4014654506752968e-05,17304382254087.018
5,4,10,8,0.01,2.6666666666666665,53,,5,-0.012494330098151986,0.10933923098280884,0.0007360699204510475,3.680349602255238e-05,26519713755695.746
6,4,10,8,0.1,2.6666666666666665,54,,6,0.030669624412254674,0.014914761869167615,5.169795054276455e-05,2.5848975271382278e-06,1862614966401.7021
7,4,10,8,0.2,2.6666666666666665,55,,7,0.025497860002246835,0.026636705885273355,3.264621056068812e-05,1.632310528034406e-06,1176203693729.3901
0,4,10,8,0.3,2.6666666666666665,56,,0,0.023332132347388762,0.030864863080884826,2.6579848932903403e-05,1.3289924466451702e-06,957639981998.3027
1,4,10,8,0.4,2.6666666666666665,57,,1,0.021903145737392448,0.03337702300220871,2.344733117394575e-05,1.1723665586972875e-06,844779135502.5175
2,4,10,8,0.5,2.6666666666666665,58,,2,0.020980954050984636,0.034869165142615885,2.302141035396314e-05,1.151070517698157e-06,829433720733.2133
3,4,10,8,0.6,2.6666666666666665,59,,3,0.020395626948117473,0.03572142062622999,2.5097788027542753e-05,1.2548894013771376e-06,904243110469.3219
4,4,10,8,0.7,2.6666666666666665,60,,4,0.01986982251951546,0.03647194145817442,3.001393310993854e-05,1.5006966554969268e-06,1081365903758.7374
5,4,10,8,0.8,2.6666666666666665,61,,5,0.019570867152126192,0.03683402823135185,3.9956242087058274e-05,1.9978121043529138e-06,1439575335795.2078
6,4,10,8,0.9,2.6666666666666665,62,,6,0.019573155240690872,0.036696228203956745,5.727707630981934e-05,2.863853815490967e-06,2063624156206.1907
7,4,10,8,0.99,2.6666666666666665,63,,7,0.01972211742834585,0.036363677924080906,0.00010051649126233069,5.0258245631165344e-06,3621488260748.9775
0,4,10,8,0.999,2.6666666666666665,64,,0,0.019796419839068786,0.036223674113827514,0.00011119902807080026,5.559951403540013e-06,4006367211068.939
1,8,2,8,0.001,2.6666666666666665,65,,1,-0.07067018526718293,0.3605643144495573,0.00048158451547052864,2.4079225773526432e-05,17350910755363.79
2,8,2,8,0.01,2.6666666666666665,66,,2,-0.010378403192582174,0.10317722002946557,0.0007451208799983871,3.725604399991936e-05,26845808940053.7
3,8,2,8,0.1,2.6666666666666665,67,,3,0.03179150626028457,0.00993245165619519,3.511021147929974e-05,1.7555105739649868e-06,1264978682680.5889
4,8,2,8,0.2,2.6666666666666665,68,,4,0.026512653184363282,0.021510988120004813,2.1259466968541913e-05,1.0629733484270957e-06,765953020140.9658
5,8,2,8,0.3,2.6666666666666665,69,,5,0.0245018355778777,0.02538498476337493,1.7210692057559632e-05,8.605346028779816e-07,620080530697.7113
6,8,2,8,0.4,2.6666666666666665,70,,6,0.023364993806423946,0.027368425895894066,1.5994007466626204e-05,7.997003733313102e-07,576244848534.8696
7,8,2,8,0.5,2.6666666666666665,71,,7,0.022550577393657005,0.028694806249173203,1.6617061407170442e-05,8.308530703585221e-07,598692732490.6036
0,8,2,8,0.6,2.6666666666666665,72,,0,0.02201174807321353,0.029492448657491403,1.896740149582586e-05,9.483700747912931e-07,683372658470.3035
1,8,2,8,0.7,2.6666666666666665,73,,1,0.02159398308227261,0.030081282492190765,2.358965705182979e-05,1.1794828525914896e-06,849906965667.3475
2,8,2,8,0.8,2.6666666666666665,74,,2,0.021255979737081647,0.030557781805157187,3.422310287679271e-05,1.7111551438396356e-06,1233017226907.0864
3,8,2,8,0.9,2.6666666666666665,75,,3,0.021024122857243192,0.030880362444834813,5.4897607684695614e-05,2.7448803842347808e-06,1977894764098.6147
4,8,2,8,0.99,2.6666666666666665,76,,4,0.02114051995141295,0.030583368653552007,0.00010408313334228634,5.204156667114317e-06,3749990084286.995
5,8,2,8,0.999,2.6666666666666665,77,,5,0.021198774856900342,0.030463797479645737,0.00011506842757477047,5.753421378738524e-06,4145777020382.7617
6,8,4,8,0.001,2.6666666666666665,78,,6,-0.07067964841606472,0.3612440225422643,0.0004801697766049881,2.4008488830249406e-05,17299939415942.389
7,8,4,8,0.01,2.6666666666666665,79,,7,-0.011410232312281929,0.10619521765375452,0.0007402486787613661,3.70124339380683e-05,26670269390649.52
0,8,4,8,0.1,2.6666666666666665,80,,0,0.030934975072650743,0.013041286664134039,4.627615256010408e-05,2.313807628005204e-06,1667274107406.5996
1,8,4,8,0.2,2.6666666666666665,81,,1,0.02595662414647488,0.023977042357796914,2.9706598570025464e-05,1.4853299285012732e-06,1070293010003.2926
2,8,4,8,0.3,2.6666666666666665,82,,2,0.02404473106021885,0.027615275463290966,2.561696858435408e-05,1.2808484292177039e-06,922948561366.8698
3,8,4,8,0.4,2.6666666666666665,83,,3,0.02299769872758993,0.029390266606982778,2.521958734806753e-05,1.2609793674033767e-06,908631393465.5569
4,8,4,8,0.5,2.6666666666666665,84,,4,0.022238319303121173,0.030576966654462644,2.5542270066005272e-05,1.2771135033002636e-06,920257263611.6633
5,8,4,8,0.6,2.6666666666666665,85,,5,0.02165773057964506,0.0314254355112656,2.7296668584162677e-05,1.3648334292081339e-06,983466131712.7277
6,8,4,8,0.7,2.6666666666666665,86,,6,0.02117312370682166,0.03211064862493225,3.197626274821726e-05,1.598813137410863e-06,1152066279980.5786
7,8,4,8,0.8,2.6666666666666665,87,,7,0.02081115600653969,0.03259841323504642,4.070382215933669e-05,2.0351911079668344e-06,1466509746474.749
0,8,4,8,0.9,2.6666666666666665,88,,0,0.020575936489264618,0.0329026654269856,5.9742254298414335e-05,2.9871127149207167e-06,2152441553572.8975
1,8,4,8,0.99,2.6666666666666665,89,,1,0.020531507838149728,0.03291915655576641,9.739543151578317e-05,4.869771575789159e-06,3509040232656.558
2,8,4,8,0.999,2.6666666666666665,90,,2,0.02059797949646216,0.03278629261836894,0.00010812826752179354,5.406413376089677e-06,3895731402554.933
3,8,6,8,0.001,2.6666666666666665,91,,3,-0.07068953520045024,0.3612029710063298,0.00047963464969556985,2.3981732484778493e-05,17280659437143.574
4,8,6,8,0.01,2.6666666666666665,92,,4,-0.011758026127833483,0.10721066733262767,0.0007387095134262957,3.693547567131478e-05,26614815115213.64
5,8,6,8,0.1,2.6666666666666665,93,,5,0.030853049607544102,0.013624078096742879,4.686284191679473e-05,2.3431420958397366e-06,1688411819151.9937
6,8,6,8,0.2,2.6666666666666665,94,,6,0.02593348744666405,0.024503628402708193,3.0188408907319063e-05,1.5094204453659532e-06,1087652056847.2823
7,8,6,8,0.3,2.6666666666666665,95,,7,0.023875837672869854,0.028411936787535765,2.533010415786747e-05,1.2665052078933735e-06,912613181173.0222
0,8,6,8,0.4,2.6666666666666665,96,,0,0.022644209141075525,0.030523046613810077,2.423147560662371e-05,1.2115737803311856e-06,873030916101.0225
1,8,6,8,0.5,2.6666666666666665,97,,1,0.021838650466196072,0.03178493355060503,2.5785497655147876e-05,1.2892748827573938e-06,929020461050.2942
2,8,6,8,0.6,2.6666666666666665,98,,2,0.021253558278242067,0.03263259344528743,2.8823602716897026e-05,1.4411801358448513e-06,1038479731642.3413
3,8,6,8,0.7,2.6666666666666665,99,,3,0.02079422678345763,0.03326204532870837,3.3507187299779896e-05,1.6753593649889949e-06,1207223649900.1772
4,8,6,8,0.8,2.6666666666666665,100,,4,0.020494344783736382,0.0336243125948745,4.286302475336415e-05,2.1431512376682075e-06,1544303218457.785
5,8,6,8,0.9,2.6666666666666665,101,,5,0.020274337443176294,0.033901927601718944,6.153848165133105e-05,3.0769240825665524e-06,2217157464271.045
6,8,6,8,0.99,2.6666666666666665,102,,6,0.0201677341963001,0.034038087968160435,0.00010382096912786828,5.191048456393414e-06,3740544623020.091
7,8,6,8,0.999,2.6666666666666665,103,,7,0.020190682699196577,0.03398994341100531,0.00011559923360879884,5.779961680439942e-06,4164901323239.2104
0,8,8,8,0.001,2.6666666666666665,104,,0,-0.07065983546160404,0.36105658184862865,0.00047979991967789535,2.3989995983894768e-05,17286613915790.107
1,8,8,8,0.01,2.6666666666666665,105,,1,-0.01203018945763045,0.10799455547695112,0.0007375085313892342,3.687542656946171e-05,26571545177176.934
2,8,8,8,0.1,2.6666666666666665,106,,2,0.03098947575246742,0.013620451043538814,5.0260724678648405e-05,2.51303623393242e-06,1810833447473.0562
3,8,8,8,0.2,2.6666666666666665,107,,3,0.02578707100771222,0.025076569152136973,3.268157342276356e-05,1.634078671138178e-06,1177477775109.1157
4,8,8,8,0.3,2.6666666666666665,108,,4,0.023765981052057083,0.028922718111698945,2.7164023407719603e-05,1.3582011703859802e-06,978687085575.1155
5,8,8,8,0.4,2.6666666666666665,109,,5,0.022654353702710985,0.030807473365938965,2.5507824864407923e-05,1.275391243220396e-06,919016244435.035
6,8,8,8,0.5,2.6666666666666665,110,,6,0.021940671329564832,0.03189271489689073,2.6736487328279377e-05,1.3368243664139689e-06,963283474950.6799
7,8,8,8,0.6,2.6666666666666665,111,,7,0.02148169345042294,0.032492989770751546,3.022613687675531e-05,1.5113068438377655e-06,1089011350200.0386
0,8,8,8,0.7,2.6666666666666665,112,,0,0.02109451757396703,0.032971162733502576,3.4758882700241325e-05,1.7379441350120662e-06,1252320729412.973
1,8,8,8,0.8,2.6666666666666665,113,,1,0.02081734591720195,0.033279350779497056,4.293543895950293e-05,2.1467719479751466e-06,1546912215192.0486
2,8,8,8,0.9,2.6666666666666665,114,,2,0.020671020576874734,0.03340402524354591,6.128176399674258e-05,3.0640881998371287e-06,2207908236002.692
3,8,8,8,0.99,2.6666666666666665,115,,3,0.02053938317278964,0.03358764101692803,0.00010366114695673828,5.183057347836914e-06,3734786422457.318
4,8,8,8,0.999,2.6666666666666665,116,,4,0.02060752751641553,0.03345447592564682,0.00011399216545965187,5.699608272982594e-06,4107000591097.9526
5,8,10,8,0.001,2.6666666666666665,117,,5,-0.07062159153646003,0.36088123464587374,0.000480060768135411,2.400303840677055e-05,17296011971918.646
6,8,10,8,0.01,2.6666666666666665,118,,6,-0.012055748937983522,0.10806635215846346,0.0007373417912697681,3.6867089563488405e-05,26565537731257.773
7,8,10,8,0.1,2.6666666666666665,119,,7,0.03100648210729593,0.013623317649375404,5.115640867276427e-05,2.5578204336382137e-06,1843103864290.192
0,8,10,8,0.2,2.6666666666666665,120,,0,0.02573055810393029,0.025255509421659803,3.375264672949196e-05,1.687632336474598e-06,1216067257869.6638
1,8,10,8,0.3,2.6666666666666665,121,,1,0.02367396038165384,0.02919237610586486,2.8339300865052043e-05,1.4169650432526023e-06,1021030918526.31
2,8,10,8,0.4,2.6666666666666665,122,,2,0.022468816645238393,0.031271677522763434,2.653216148216605e-05,1.3266080741083025e-06,955921860515.3347
3,8,10,8,0.5,2.6666666666666665,123,,3,0.021644886046316578,0.0325780290776197,2.738487040204253e-05,1.3692435201021264e-06,986643937105.8243
4,8,10,8,0.6,2.6666666666666665,124,,4,0.021107789557805755,0.03333949139317874,3.1242916789630354e-05,1.5621458394815177e-06,1125644707293.9734
5,8,10,8,0.7,2.6666666666666665,125,,5,0.020703004807361862,0.03386219331218182,3.707923024947399e-05,1.8539615124736995e-06,1335920060277.727
6,8,10,8,0.8,2.6666666666666665,126,,6,0.020274450611065087,0.03445630259541168,4.625158736859196e-05,2.312579368429598e-06,1666389053107.8774
7,8,10,8,0.9,2.6666666666666665,127,,7,0.019910153703870993,0.03499906404830139,6.673775887152734e-05,3.336887943576367e-06,2404481167882.8203
0,8,10,8,0.99,2.6666666666666665,128,,0,0.019729204619774742,0.03528725144161108,0.0001113461446577598,5.5673072328879896e-06,4011667644718.6265
1,8,10,8,0.999,2.6666666666666665,129,,1,0.019761209511823828,0.03522441015189835,0.00012263655211113518,6.131827605556759e-06,4418447443117.687
2,16,2,8,0.001,2.6666666666666665,130,,2,-0.06718065041591124,0.3494908862804108,0.00048371726649985055,2.418586332499253e-05,17427751209291.215
3,16,2,8,0.01,2.6666666666666665,131,,3,-0.010785598483112271,0.10446786792939343,0.0007429351935258571,3.714675967629286e-05,26767061285787.82
4,16,2,8,0.1,2.6666666666666665,132,,4,0.034765303682510615,0.002030464917864936,4.241030872000044e-05,2.120515436000022e-06,1527992404384.4934
5,16,2,8,0.2,2.6666666666666665,133,,5,0.02999231258399635,0.012472251541126037,2.9297582311795375e-05,1.4648791155897688e-06,1055556646258.0647
6,16,2,8,0.3,2.6666666666666665,134,,6,0.028100344427643698,0.016051849753844348,2.6962079452531316e-05,1.3481039726265658e-06,971411287804.4299
7,16,2,8,0.4,2.6666666666666665,135,,7,0.02694730940029519,0.01801236447801441,2.729326174627159e-05,1.3646630873135795e-06,983343387441.8732
0,16,2,8,0.5,2.6666666666666665,136,,0,0.02613697881963138,0.01926168604389446,3.0173480513523072e-05,1.5086740256761535e-06,1087114204777.3873
1,16,2,8,0.6,2.6666666666666665,137,,1,0.025446110530152263,0.02028300282140107,3.5746685372167134e-05,1.7873342686083567e-06,1287910071374.5781
2,16,2,8,0.7,2.6666666666666665,138,,2,0.024544921217677925,0.021781108780125145,4.1845234993377516e-05,2.092261749668876e-06,1507633477787.2466
3,16,2,8,0.8,2.6666666666666665,139,,3,0.023711762806988893,0.023212759169158544,5.260028971297734e-05,2.630014485648867e-06,1895125161207.559
4,16,2,8,0.9,2.6666666666666665,140,,4,0.02330383615953552,0.023852478430265486,7.561493113147364e-05,3.780746556573682e-06,2724315005338.8027
5,16,2,8,0.99,2.6666666666666665,141,,5,0.02287128133988872,0.02468076161379032,0.00012794334352487076,6.397167176243538e-06,4609644753785.146
6,16,2,8,0.999,2.6666666666666665,142,,6,0.022865313263592695,0.02469136928234768,0.000146548456366028,7.3274228183014005e-06,5279964587854.121
7,16,4,8,0.001,2.6666666666666665,143,,7,-0.06711289886778693,0.34991962305769764,0.0004834745373352646,2.417372686676323e-05,17419005969489.766
0,16,4,8,0.01,2.6666666666666665,144,,0,-0.010855878650787593,0.10471353706198892,0.0007418955671659403,3.709477835829701e-05,26729604798690.81
1,16,4,8,0.1,2.6666666666666665,145,,1,0.03340537281621918,0.006003089175548017,4.7022704815811324e-05,2.351135240790566e-06,1694171487091.5254
2,16,4,8,0.2,2.6666666666666665,146,,2,0.02878496264611285,0.016141614183411417,3.398494396035198e-05,1.699247198017599e-06,1224436647648.387
3,16,4,8,0.3,2.6666666666666665,147,,3,0.02707317799080647,0.019342459295070946,3.133906885742754e-05,1.566953442871377e-06,1129108950627.5918
4,16,4,8,0.4,2.6666666666666665,148,,4,0.025942861120895874,0.021231456676546936,3.074643359403487e-05,1.5373216797017436e-06,1107757015016.537
5,16,4,8,0.5,2.6666666666666665,149,,5,0.025188391768088285,0.022350914970698545,3.1946522318206314e-05,1.5973261159103157e-06,1150994768064.4575
6,16,4,8,0.6,2.6666666666666665,150,,6,0.0246340919325976,0.023084025402080408,3.4918768527697624e-05,1.7459384263848811e-06,1258081223436.6047
7,16,4,8,0.7,2.6666666666666665,151,,7,0.024033586655173425,0.023948241349463825,3.9326502631849075e-05,1.9663251315924537e-06,1416886580788.6426
0,16,4,8,0.8,2.6666666666666665,152,,0,0.02317048478219505,0.025401098198454604,4.760836006856194e-05,2.3804180034280967e-06,1715271941315.9673
1,16,4,8,0.9,2.6666666666666665,153,,1,0.022484438486974265,0.0265812319381225,6.449555820825041e-05,3.224777910412521e-06,2323697375309.8296
2,16,4,8,0.99,2.6666666666666665,154,,2,0.0220396404856011,0.027414970093183635,0.00011225174188697611,5.612587094348805e-06,4044295223470.997
3,16,4,8,0.999,2.6666666666666665,155,,3,0.02211854135301465,0.02724928135966563,0.00013080159832521348,6.540079916260674e-06,4712624235815.174
4,16,6,8,0.001,2.6666666666666665,156,,4,-0.06715382439752368,0.34999995243701565,0.000483033365715719,2.415166828578595e-05,17403111086758.627
5,16,6,8,0.01,2.6666666666666665,157,,5,-0.011344447509259958,0.10611897889266053,0.0007396434123246261,3.69821706162313e-05,26648462369057.82
6,16,6,8,0.1,2.6666666666666665,158,,6,0.03297499226348994,0.007482335802029869,5.5391382823236767e-05,2.7695691411618382e-06,1995684888338.1245
7,16,6,8,0.2,2.6666666666666665,159,,7,0.028279215351621756,0.01780345538313404,4.2665003464768625e-05,2.1332501732384313e-06,1537168749645.5432
0,16,6,8,0.3,2.6666666666666665,160,,0,0.02641646401746417,0.021310956707811052,4.088588230398274e-05,2.044294115199137e-06,1473069154471.4448
1,16,6,8,0.4,2.6666666666666665,161,,1,0.02530298026837472,0.02317153855103742,4.0839186894688236e-05,2.041959344734412e-06,1471386775048.2559
2,16,6,8,0.5,2.6666666666666665,162,,2,0.02455898174460639,0.024268314220837355,4.171453370390819e-05,2.0857266851954096e-06,1502924467558.8394
3,16,6,8,0.6,2.6666666666666665,163,,3,0.02390749071038606,0.025184918892534564,4.276359454249439e-05,2.1381797271247196e-06,1540720867572.8057
4,16,6,8,0.7,2.6666666666666665,164,,4,0.023452886351154154,0.025727746288298995,4.7072697983110375e-05,2.353634899155519e-06,1695972680768.4783
5,16,6,8,0.8,2.6666666666666665,165,,5,0.023053672233772575,0.02621328841472986,5.437196503516419e-05,2.7185982517582095e-06,1958956491774.1365
6,16,6,8,0.9,2.6666666666666665,166,,6,0.02253810692406446,0.02703423667576081,7.323282843787863e-05,3.6616414218939315e-06,2638490710912.941
7,16,6,8,0.99,2.6666666666666665,167,,7,0.022057648419249017,0.027922460960444196,0.00011547975784973724,5.773987892486862e-06,4160596755367.2935
0,16,6,8,0.999,2.6666666666666665,168,,0,0.021998889969625866,0.028039579854221026,0.00012545955823368797,6.272977911684398e-06,4520156957690.433
1,16,8,8,0.001,2.6666666666666665,169,,1,-0.06711882402723966,0.34983511116852706,0.0004835566812473733,2.4177834062368666e-05,17421965515825.473
2,16,8,8,0.01,2.6666666666666665,170,,2,-0.011493369522390993,0.1065474583368859,0.0007389702674327792,3.694851337163896e-05,26624209768385.12
3,16,8,8,0.1,2.6666666666666665,171,,3,0.032905234359022865,0.007784873240419998,5.308235511448536e-05,2.654117755724268e-06,1912493397708.357
4,16,8,8,0.2,2.6666666666666665,172,,4,0.028094416868926525,0.01837704268379628,3.765803280586855e-05,1.8829016402934273e-06,1356773620096.1238
5,16,8,8,0.3,2.6666666666666665,173,,5,0.02617040970536423,0.022026819051082155,3.4673392934398735e-05,1.7336696467199367e-06,1249240635992.2314
6,16,8,8,0.4,2.6666666666666665,174,,6,0.025010443793058362,0.023993290007526254,3.473618823238572e-05,1.736809411619286e-06,1251503075037.15
7,16,8,8,0.5,2.6666666666666665,175,,7,0.02419744574172157,0.025242598985314925,3.5858525050064097e-05,1.7929262525032049e-06,1291939520428.194
0,16,8,8,0.6,2.6666666666666665,176,,0,0.023754290642066037,0.025760492858852856,3.933436999831437e-05,1.9667184999157185e-06,1417170032538.0945
1,16,8,8,0.7,2.6666666666666665,177,,1,0.023477142321397262,0.025955673806260907,4.449091416332859e-05,2.2245457081664295e-06,1602954115578.7148
2,16,8,8,0.8,2.6666666666666665,178,,2,0.023204558710514425,0.026184300071930105,5.2419047607528055e-05,2.620952380376403e-06,1888595226179.037
3,16,8,8,0.9,2.6666666666666665,179,,3,0.022770273640690314,0.02682784603161085,6.507380890522555e-05,3.2536904452612773e-06,2344531052297.2207
4,16,8,8,0.99,2.6666666666666665,180,,4,0.02223343976704573,0.027824702115653105,0.00011180370032489593,5.590185016244797e-06,4028152824974.7515
5,16,8,8,0.999,2.6666666666666665,181,,5,0.02216927360418302,0.02795228412112007,0.00011877383746159987,5.938691873079994e-06,4279278481067.4004
6,16,10,8,0.001,2.6666666666666665,182,,6,-0.06709853738517502,0.3497340376688849,0.0004835935206909674,2.417967603454837e-05,17423292796661.016
7,16,10,8,0.01,2.6666666666666665,183,,7,-0.011607129342752704,0.1068759465329445,0.0007385088209356259,3.6925441046781294e-05,26607584406204.07
0,16,10,8,0.1,2.6666666666666665,184,,0,0.03319081191866124,0.007265248355087007,5.3405307636196724e-05,2.670265381809836e-06,1924128988559.858
1,16,10,8,0.2,2.6666666666666665,185,,1,0.02849782195509372,0.017680011373465143,3.952198856391677e-05,1.9760994281958387e-06,1423929703755.1726
2,16,10,8,0.3,2.6666666666666665,186,,2,0.02668523964437223,0.021134495533305396,3.841559680573284e-05,1.920779840286642e-06,1384067739676.109
3,16,10,8,0.4,2.6666666666666665,187,,3,0.02552961249853785,0.023097829724387862,3.892099269500294e-05,1.946049634750147e-06,1402276545584.8403
4,16,10,8,0.5,2.6666666666666665,188,,4,0.024694457192841753,0.024385757172002816,3.9881042724443124e-05,1.994052136222156e-06,1436865993223.5908
5,16,10,8,0.6,2.6666666666666665,189,,5,0.024178469025702885,0.02504113494092069,4.331957132100658e-05,2.165978566050329e-06,1560752042073.0789
6,16,10,8,0.7,2.6666666666666665,190,,6,0.023835098043460602,0.02536607590304951,4.7716414572702084e-05,2.3858207286351044e-06,1719165015112.6177
7,16,10,8,0.8,2.6666666666666665,191,,7,0.02353924287236711,0.025638548508245367,5.3795509475942455e-05,2.6897754737971227e-06,1938187491440.4834
0,16,10,8,0.9,2.6666666666666665,192,,0,0.023049312719883856,0.026395618552754813,6.647363267447101e-05,3.3236816337235506e-06,2394965018741.687
1,16,10,8,0.99,2.6666666666666665,193,,1,0.02252556272328052,0.027359631178117252,0.00010649923963890635,5.3249619819453175e-06,3837039487624.158
2,16,10,8,0.999,2.6666666666666665,194,,2,0.022477398134469053,0.027453246832251078,0.00011499060275657665,5.749530137828832e-06,4142973085805.018
3,32,2,8,0.001,2.6666666666666665,195,,3,-0.0638612408721687,0.34429242116361686,0.0004739195684445959,2.3695978422229795e-05,17074751934805.346
4,32,2,8,0.01,2.6666666666666665,196,,4,-0.01566344451098179,0.12028464825391012,0.0007275565139804744,3.6377825699023715e-05,26212985962027.527
5,32,2,8,0.1,2.6666666666666665,197,,5,0.04130620436745312,-0.019351075593800535,2.4261607707015803e-05,1.2130803853507902e-06,874116539429.8042
6,32,2,8,0.2,2.6666666666666665,198,,6,0.03619313224537822,-0.007607240836492602,2.054939775858225e-05,1.0274698879291124e-06,740370080705.9128
7,32,2,8,0.3,2.6666666666666665,199,,7,0.03425718918616318,-0.0037860498515566617,2.0985895654114077e-05,1.0492947827057038e-06,756096574783.234
0,32,2,8,0.4,2.6666666666666665,200,,0,0.0330396734536349,-0.0016538337676062949,2.301837787913028e-05,1.150918893956514e-06,829324464312.9951
1,32,2,8,0.5,2.6666666666666665,201,,1,0.03221593121923484,-0.0004008002537816517,2.663304165510519e-05,1.3316520827552596e-06,959556451789.3971
2,32,2,8,0.6,2.6666666666666665,202,,2,0.0317031226539378,0.00016212846044334067,3.170302546779977e-05,1.5851512733899884e-06,1142221869466.403
3,32,2,8,0.7,2.6666666666666665,203,,3,0.031231946535290656,0.0006563826287537648,3.846154248354204e-05,1.9230771241771018e-06,1385723107175.7952
4,32,2,8,0.8,2.6666666666666665,204,,4,0.030639885149585974,0.0014924791971783202,4.854980540406817e-05,2.4274902702034087e-06,1749191084213.372
5,32,2,8,0.9,2.6666666666666665,205,,5,0.029728509036102538,0.0031995504818168284,6.991216536083649e-05,3.4956082680418248e-06,2518851214941.822
6,32,2,8,0.99,2.6666666666666665,206,,6,0.028391203311174153,0.0061804288323591,0.00010721728000639559,5.36086400031978e-06,3862909618275.8506
7,32,2,8,0.999,2.6666666666666665,207,,7,0.028268909343417074,0.0064656707932598395,0.00011223292223963121,5.61164611198156e-06,4043617174216.8394
0,32,4,8,0.001,2.6666666666666665,208,,0,-0.06422827333051723,0.3463872867922547,0.0004744824016548988,2.372412008274494e-05,17095030138294.883
1,32,4,8,0.01,2.6666666666666665,209,,1,-0.013599976561683194,0.11401136563989356,0.000735022431366892,3.67511215683446e-05,26481973984103.125
2,32,4,8,0.1,2.6666666666666665,210,,2,0.039218197389639234,-0.013116077595544201,2.3682406165640927e-05,1.1841203082820463e-06,853248604662.5376
3,32,4,8,0.2,2.6666666666666665,211,,3,0.033986806815248134,-0.0011138159479838795,1.966332806386647e-05,9.831664031933234e-07,708446055530.3427
4,32,4,8,0.3,2.6666666666666665,212,,4,0.031870669601691035,0.003102363286068284,2.005067034990019e-05,1.0025335174950095e-06,722401532130.7131
5,32,4,8,0.4,2.6666666666666665,213,,5,0.030916062727334943,0.004654512041774313,2.205857550817643e-05,1.1029287754088217e-06,794743939511.5786
6,32,4,8,0.5,2.6666666666666665,214,,6,0.030303052704954498,0.0054444532649703115,2.5557432115372448e-05,1.2778716057686224e-06,920803534010.7047
7,32,4,8,0.6,2.6666666666666665,215,,7,0.029666313771817693,0.006307412613399777,2.938456776419603e-05,1.4692283882098015e-06,1058690627466.2106
0,32,4,8,0.7,2.6666666666666665,216,,0,0.02902412444765453,0.007212574411549249,3.273288647373425e-05,1.6366443236867126e-06,1179326522606.9624
1,32,4,8,0.8,2.6666666666666665,217,,1,0.02858525955564629,0.007710891047840434,3.848399833615074e-05,1.924199916807537e-06,1386532164531.322
2,32,4,8,0.9,2.6666666666666665,218,,2,0.028173288659482966,0.008244750131142974,4.9482597227302516e-05,2.474129861365126e-06,1782798451473.6316
3,32,4,8,0.99,2.6666666666666665,219,,3,0.027890230997989117,0.008694892616833337,8.38713295431768e-05,4.19356647715884e-06,3021783107821.753
4,32,4,8,0.999,2.6666666666666665,220,,4,0.027824855990379718,0.008841914034379528,8.765739105159512e-05,4.3828695525797564e-06,3158190349409.869
5,32,6,8,0.001,2.6666666666666665,221,,5,-0.06434388462734558,0.34673254918113466,0.0004740048801974252,2.370024400987126e-05,17077825614631.363
6,32,6,8,0.01,2.6666666666666665,222,,6,-0.013338734649808271,0.1131567475829391,0.0007361712671758677,3.680856335879338e-05,26523365156272.824
7,32,6,8,0.1,2.6666666666666665,223,,7,0.038519516908671045,-0.010811937440847998,2.333814701394267e-05,1.1669073506971335e-06,840845361564.0804
0,32,6,8,0.2,2.6666666666666665,224,,0,0.03373428319083812,0.0002790392002827713,1.927514038774454e-05,9.63757019387227e-07,694460120542.0825
1,32,6,8,0.3,2.6666666666666665,225,,1,0.03206127203700489,0.0035387756132745987,1.947888700177096e-05,9.73944350088548e-07,701800865942.1415
2,32,6,8,0.4,2.6666666666666665,226,,2,0.031168269647297693,0.004943972126040953,2.069600346452067e-05,1.0348001732260334e-06,745652107926.9901
3,32,6,8,0.5,2.6666666666666665,227,,3,0.030449408076139953,0.005939789030656648,2.2546052847468915e-05,1.1273026423734456e-06,812307161620.292
4,32,6,8,0.6,2.6666666666666665,228,,4,0.029772034377401717,0.0068610890120899305,2.5253297287399542e-05,1.262664864369977e-06,909845922027.2714
5,32,6,8,0.7,2.6666666666666665,229,,5,0.029182152200228753,0.007623175467718558,2.9575575440441615e-05,1.4787787720220807e-06,1065572404262.7267
6,32,6,8,0.8,2.6666666666666665,230,,6,0.028578704479853487,0.008472443539225386,3.6775453361349065e-05,1.8387726680674533e-06,1324975344436.4216
7,32,6,8,0.9,2.6666666666666665,231,,7,0.02804973217011385,0.009254226632348837,4.919032569514406e-05,2.459516284757203e-06,1772268259767.073
0,32,6,8,0.99,2.6666666666666665,232,,0,0.027470123317239064,0.010383510267571863,7.764139574492665e-05,3.882069787246333e-06,2797326087563.015
1,32,6,8,0.999,2.6666666666666665,233,,1,0.027325757864828732,0.010708343403901987,8.389044530257407e-05,4.194522265128703e-06,3022471825636.94
2,32,8,8,0.001,2.6666666666666665,234,,2,-0.06423268406990292,0.34624958997729716,0.00047436751928667747,2.3718375964333873e-05,17090891064769.176
3,32,8,8,0.01,2.6666666666666665,235,,3,-0.013763800632718353,0.11445182460144597,0.0007342494827572852,3.671247413786426e-05,26454125575541.51
4,32,8,8,0.1,2.6666666666666665,236,,4,0.03849898139374127,-0.01066584788554795,2.4521528531349977e-05,1.2260764265674988e-06,883481174050.7418
5,32,8,8,0.2,2.6666666666666665,237,,5,0.03311788593014976,0.0017811776391017803,1.9817003072571504e-05,9.908501536285751e-07,713982781225.8639
6,32,8,8,0.3,2.6666666666666665,238,,6,0.03124857152961484,0.0055154482253695555,1.9046879126013503e-05,9.523439563006752e-07,686236141875.8823
7,32,8,8,0.4,2.6666666666666665,239,,7,0.030348989749978197,0.006978460542120247,1.9791548817503105e-05,9.895774408751552e-07,713065695036.7356
0,32,8,8,0.5,2.6666666666666665,240,,0,0.02972301998573352,0.007813723153461669,2.1147576924928985e-05,1.0573788462464493e-06,761921756471.1926
1,32,8,8,0.6,2.6666666666666665,241,,1,0.02913961782147896,0.00856698026022312,2.2870586588559003e-05,1.1435293294279502e-06,823999721903.8319
2,32,8,8,0.7,2.6666666666666665,242,,2,0.028642121288682744,0.00915104842643362,2.5649620347040207e-05,1.2824810173520104e-06,924124965096.9998
3,32,8,8,0.8,2.6666666666666665,243,,3,0.028280891049433182,0.00947979286293476,3.111603053213489e-05,1.5558015266067445e-06,1121073148078.1733
4,32,8,8,0.9,2.6666666666666665,244,,4,0.02811911778917096,0.009452658682857811,4.091042789317528e-05,2.045521394658764e-06,1473953502522.1736
5,32,8,8,0.99,2.6666666666666665,245,,5,0.027980549147598364,0.009578981758317728,6.552947852310946e-05,3.276473926155473e-06,2360948280467.6694
6,32,8,8,0.999,2.6666666666666665,246,,6,0.02802068839790427,0.009485173201226825,7.122483597385754e-05,3.5612417986928773e-06,2566145158011.116
7,32,10,8,0.001,2.6666666666666665,247,,7,-0.06412363997360074,0.3457534914471476,0.00047513132289376766,2.375656614468838e-05,17118409989891.38
0,32,10,8,0.01,2.6666666666666665,248,,0,-0.013815658473391654,0.11460530977181216,0.0007340123179563967,3.6700615897819837e-05,26445580813070.258
1,32,10,8,0.1,2.6666666666666665,249,,1,0.03876312221457912,-0.011166877032021068,2.4303872097102684e-05,1.2151936048551343e-06,875639274561.3748
2,32,10,8,0.2,2.6666666666666665,250,,2,0.0335358070489857,0.0010178825828829376,1.96853495845768e-05,9.8426747922884e-07,709239464430.0642
3,32,10,8,0.3,2.6666666666666665,251,,3,0.03160197061037921,0.004924454685263896,1.9109557679868132e-05,9.554778839934065e-07,688494374770.1528
4,32,10,8,0.4,2.6666666666666665,252,,4,0.030400677565824534,0.007059246026409317,1.986225888983872e-05,9.93112944491936e-07,715613293880.1118
5,32,10,8,0.5,2.6666666666666665,253,,5,0.029686079682337857,0.008095387975860503,2.103977666316972e-05,1.051988833158486e-06,758037842721.6769
6,32,10,8,0.6,2.6666666666666665,254,,6,0.02920930846686605,0.00861353220243078,2.2876641532321416e-05,1.1438320766160708e-06,824217874243.6091
7,32,10,8,0.7,2.6666666666666665,255,,7,0.02879246978317826,0.009023282393278279,2.5742742321128918e-05,1.287137116056446e-06,927480037799.4471
0,32,10,8,0.8,2.6666666666666665,256,,0,0.028316152183893602,0.009616367966131845,3.127538409168632e-05,1.563769204584316e-06,1126814465129.5012
1,32,10,8,0.9,2.6666666666666665,257,,1,0.028036068209296255,0.009856079104748842,4.194193881429217e-05,2.097096940714609e-06,1511117600121.939
2,32,10,8,0.99,2.6666666666666665,258,,2,0.02794696628809234,0.009880301641805095,7.045619526641037e-05,3.5228097633205184e-06,2538451957981.989
3,32,10,8,0.999,2.6666666666666665,259,,3,0.027923916725934,0.009931507638284747,7.551631797229795e-05,3.7758158986148974e-06,2720762091843.4634
