Unnamed: 0,mse_comb,grid_id,alph_leak,eps,k_alph,num_states_input,num_states_model,jack_mse_mean,jack_mse_std,jack_mse_se
0,1.0411676408160642e-05,0,,,0.001,13,13,1.1444533680182072e-05,7.975988201651913e-07,7.975988201651913e-07
0,9.95072845553402e-06,1,,,0.001,13,15,1.0939483094431349e-05,7.711274049089226e-07,7.711274049089226e-07
0,8.501197335569626e-06,2,,,0.001,13,23,9.351550545777785e-06,6.817904712927438e-07,6.817904712927438e-07
0,5.454748298332208e-06,3,,,0.001,13,63,6.019461146394555e-06,4.34264684265798e-07,4.34264684265798e-07
0,6.989333983736468e-06,4,,,0.001,13,513,7.711339771656138e-06,4.4878911390516804e-07,4.4878911390516804e-07
0,1.2319607440783729e-05,5,,,0.001,13,5013,1.3629194370306777e-05,8.822628391418921e-07,8.822628391418921e-07
0,7.667650512251707e-06,6,,,0.01,13,13,8.433234849467444e-06,5.88789916334731e-07,5.88789916334731e-07
0,7.257150237566494e-06,7,,,0.01,13,15,7.982911785429594e-06,5.47846475917993e-07,5.47846475917993e-07
0,6.230834522797381e-06,8,,,0.01,13,23,6.858285824592233e-06,4.3540393624796443e-07,4.3540393624796443e-07
0,5.096751070484528e-06,9,,,0.01,13,63,5.6164771967002805e-06,3.348862126615483e-07,3.348862126615483e-07
0,6.734696864365428e-06,10,,,0.01,13,513,7.420330275299962e-06,5.12818395826461e-07,5.12818395826461e-07
0,9.862840300965728e-06,11,,,0.01,13,5013,1.088843158080561e-05,6.778112439826914e-07,6.778112439826914e-07
0,1.1087048600643596e-05,12,,,0.1,13,13,1.2223031395165449e-05,8.645762414645672e-07,8.645762414645672e-07
0,1.09793674054208e-05,13,,,0.1,13,15,1.2103443230591658e-05,8.550972919911679e-07,8.550972919911679e-07
0,1.0662537603073102e-05,14,,,0.1,13,23,1.1751695872064564e-05,8.272393709748844e-07,8.272393709748844e-07
0,9.951325680506469e-06,15,,,0.1,13,63,1.0962802483577906e-05,7.645508109005417e-07,7.645508109005417e-07
0,8.668980516252937e-06,16,,,0.1,13,513,9.543252759655762e-06,6.493981777750863e-07,6.493981777750863e-07
0,7.593114280652698e-06,17,,,0.1,13,5013,8.355520503157042e-06,5.514163282095173e-07,5.514163282095173e-07
0,1.1666083330932174e-05,18,,,0.2,13,13,1.2868905176657358e-05,9.145736598038386e-07,9.145736598038386e-07
0,1.1611161974772758e-05,19,,,0.2,13,15,1.2807835826151968e-05,9.098437486134291e-07,9.098437486134291e-07
0,1.144838868241484e-05,20,,,0.2,13,23,1.26268704250432e-05,8.958319185681019e-07,8.958319185681019e-07
0,1.1073501198958864e-05,21,,,0.2,13,63,1.2210261364493599e-05,8.635047570992676e-07,8.635047570992676e-07
0,1.0339387490193582e-05,22,,,0.2,13,513,1.1395240031192988e-05,7.994944296943178e-07,7.994944296943178e-07
0,9.616481711823012e-06,23,,,0.2,13,5013,1.0593788422143185e-05,7.351790270298082e-07,7.351790270298082e-07
0,1.188086679674842e-05,24,,,0.3,13,13,1.3108505462523754e-05,9.32814715893611e-07,9.32814715893611e-07
0,1.1845630399707991e-05,25,,,0.3,13,15,1.3069309183413162e-05,9.298040775348998e-07,9.298040775348998e-07
0,1.1740948331932725e-05,26,,,0.3,13,23,1.2952874811196659e-05,9.208577668064129e-07,9.208577668064129e-07
0,1.1497888574224215e-05,27,,,0.3,13,63,1.268259963006975e-05,9.000443249175158e-07,9.000443249175158e-07
0,1.1010413586150351e-05,28,,,0.3,13,513,1.214086769211837e-05,8.579834581007566e-07,8.579834581007566e-07
0,1.0509984939715649e-05,29,,,0.3,13,5013,1.1585224730319979e-05,8.142395724625562e-07,8.142395724625562e-07
0,1.1994584926667402e-05,30,,,0.4,13,13,1.3235309869051609e-05,9.424322291373568e-07,9.424322291373568e-07
0,1.1969673960209632e-05,31,,,0.4,13,15,1.320759399405881e-05,9.403120507421887e-07,9.403120507421887e-07
0,1.1895567450567136e-05,32,,,0.4,13,23,1.3125149270991063e-05,9.340016169846756e-07,9.340016169846756e-07
0,1.1722772060042424e-05,33,,,0.4,13,63,1.2932947427706927e-05,9.192592254276128e-07,9.192592254276128e-07
0,1.1372215830003538e-05,34,,,0.4,13,513,1.2543182685205081e-05,8.891812877734094e-07,8.891812877734094e-07
0,1.1005489256283945e-05,35,,,0.4,13,5013,1.2135683659218395e-05,8.574293293180918e-07,8.574293293180918e-07
0,1.2066877379247955e-05,36,,,0.5,13,13,1.3315878129098725e-05,9.485529563317163e-07,9.485529563317163e-07
0,1.2048380450964503e-05,37,,,0.5,13,15,1.3295296054019488e-05,9.469822189663663e-07,9.469822189663663e-07
0,1.199330385592976e-05,38,,,0.5,13,23,1.3234014022594877e-05,9.423025333652517e-07,9.423025333652517e-07
0,1.1864533542754952e-05,39,,,0.5,13,63,1.3090755022867847e-05,9.3134265235144e-07,9.3134265235144e-07
0,1.1601495367310796e-05,40,,,0.5,13,513,1.2798209932234221e-05,9.088573351892737e-07,9.088573351892737e-07
0,1.1323333676017004e-05,41,,,0.5,13,5013,1.2488980033311279e-05,8.849206059776952e-07,8.849206059776952e-07
0,1.2118840859006084e-05,42,,,0.6,13,13,1.337376088158895e-05,9.529578029729561e-07,9.529578029729561e-07
0,1.210477569938348e-05,43,,,0.6,13,15,1.3358108870499136e-05,9.517651684340369e-07,9.517651684340369e-07
0,1.2062865974370795e-05,44,,,0.6,13,23,1.331147274976341e-05,9.482096243980631e-07,9.482096243980631e-07
0,1.1964691156503374e-05,45,,,0.6,13,63,1.3202237613474207e-05,9.398686707638894e-07,9.398686707638894e-07
0,1.1763218048404444e-05,46,,,0.6,13,513,1.297811796420355e-05,9.226934732921908e-07,9.226934732921908e-07
0,1.1548646541020912e-05,47,,,0.6,13,5013,1.2739505762821747e-05,9.043099857554316e-07,9.043099857554316e-07
0,1.2160051409317669e-05,48,,,0.7,13,13,1.3419647543230055e-05,9.564510303224916e-07,9.564510303224916e-07
0,1.2149304334433172e-05,49,,,0.7,13,15,1.3407687200431e-05,9.555407272298956e-07,9.555407272298956e-07
0,1.2117263600792637e-05,50,,,0.7,13,23,1.3372030417288683e-05,9.52825590029678e-07,9.52825590029678e-07
0,1.2042095994831691e-05,51,,,0.7,13,63,1.3288386198315717e-05,9.464484764285575e-07,9.464484764285575e-07
0,1.1887308983462527e-05,52,,,0.7,13,513,1.3116173787144363e-05,9.332822391149926e-07,9.332822391149926e-07
0,1.1721615154124444e-05,53,,,0.7,13,5013,1.2931872275892877e-05,9.191348976235046e-07,9.191348976235046e-07
0,,54,,,0.8,13,13,,,
0,,55,,,0.8,13,15,,,
0,,56,,,0.8,13,23,,,
0,,57,,,0.8,13,63,,,
0,,58,,,0.8,13,513,,,
0,,59,,,0.8,13,5013,,,
0,,60,,,0.9,13,13,,,
0,,61,,,0.9,13,15,,,
0,,62,,,0.9,13,23,,,
0,,63,,,0.9,13,63,,,
0,,64,,,0.9,13,513,,,
0,,65,,,0.9,13,5013,,,
0,,66,,,0.99,13,13,,,
0,,67,,,0.99,13,15,,,
0,,68,,,0.99,13,23,,,
0,,69,,,0.99,13,63,,,
0,,70,,,0.99,13,513,,,
0,,71,,,0.99,13,5013,,,
0,,72,,,0.999,13,13,,,
0,,73,,,0.999,13,15,,,
0,,74,,,0.999,13,23,,,
0,,75,,,0.999,13,63,,,
0,,76,,,0.999,13,513,,,
0,,77,,,0.999,13,5013,,,
