,cdens,knum,type_complex,alph_leak,eps,num_complex,grid_id,save_path,grid_id_old,grid_id_old2
0,4,2,8,0.0,0.1,2.6666666666666665,0,,0,0.0
1,4,2,8,0.0,0.01,2.6666666666666665,1,,1,1.0
2,4,2,8,0.0,0.001,2.6666666666666665,2,,2,2.0
3,4,2,8,0.0,0.0001,2.6666666666666665,3,,3,3.0
4,4,2,8,0.0,1e-05,2.6666666666666665,4,,4,4.0
5,4,2,8,0.0,1e-06,2.6666666666666665,5,,5,5.0
6,4,2,8,0.01,0.1,2.6666666666666665,6,,6,6.0
7,4,2,8,0.01,0.01,2.6666666666666665,7,,7,7.0
8,4,2,8,0.01,0.001,2.6666666666666665,8,,0,8.0
9,4,2,8,0.01,0.0001,2.6666666666666665,9,,1,9.0
10,4,2,8,0.01,1e-05,2.6666666666666665,10,,2,10.0
11,4,2,8,0.01,1e-06,2.6666666666666665,11,,3,11.0
12,4,2,8,0.1,0.1,2.6666666666666665,12,,4,12.0
13,4,2,8,0.1,0.01,2.6666666666666665,13,,5,13.0
14,4,2,8,0.1,0.001,2.6666666666666665,14,,6,14.0
15,4,2,8,0.1,0.0001,2.6666666666666665,15,,7,15.0
16,4,2,8,0.1,1e-05,2.6666666666666665,16,,0,16.0
17,4,2,8,0.1,1e-06,2.6666666666666665,17,,1,17.0
18,4,2,8,0.2,0.1,2.6666666666666665,18,,2,18.0
19,4,2,8,0.2,0.01,2.6666666666666665,19,,3,19.0
20,4,2,8,0.2,0.001,2.6666666666666665,20,,4,20.0
21,4,2,8,0.2,0.0001,2.6666666666666665,21,,5,21.0
22,4,2,8,0.2,1e-05,2.6666666666666665,22,,6,22.0
23,4,2,8,0.2,1e-06,2.6666666666666665,23,,7,23.0
24,4,2,8,0.5,0.1,2.6666666666666665,24,,0,24.0
25,4,2,8,0.5,0.01,2.6666666666666665,25,,1,25.0
26,4,2,8,0.5,0.001,2.6666666666666665,26,,2,26.0
27,4,2,8,0.5,0.0001,2.6666666666666665,27,,3,27.0
28,4,2,8,0.5,1e-05,2.6666666666666665,28,,4,28.0
29,4,2,8,0.5,1e-06,2.6666666666666665,29,,5,29.0
30,4,2,8,0.8,0.1,2.6666666666666665,30,,6,30.0
31,4,2,8,0.8,0.01,2.6666666666666665,31,,7,31.0
32,4,2,8,0.8,0.001,2.6666666666666665,32,,0,32.0
33,4,2,8,0.8,0.0001,2.6666666666666665,33,,1,33.0
34,4,2,8,0.8,1e-05,2.6666666666666665,34,,2,34.0
35,4,2,8,0.8,1e-06,2.6666666666666665,35,,3,35.0
36,4,2,8,0.9,0.1,2.6666666666666665,36,,4,36.0
37,4,2,8,0.9,0.01,2.6666666666666665,37,,5,37.0
38,4,2,8,0.9,0.001,2.6666666666666665,38,,6,38.0
39,4,2,8,0.9,0.0001,2.6666666666666665,39,,7,39.0
40,4,2,8,0.9,1e-05,2.6666666666666665,40,,0,40.0
41,4,2,8,0.9,1e-06,2.6666666666666665,41,,1,41.0
42,4,4,8,0.0,0.1,2.6666666666666665,42,,2,42.0
43,4,4,8,0.0,0.01,2.6666666666666665,43,,3,43.0
44,4,4,8,0.0,0.001,2.6666666666666665,44,,4,44.0
45,4,4,8,0.0,0.0001,2.6666666666666665,45,,5,45.0
46,4,4,8,0.0,1e-05,2.6666666666666665,46,,6,46.0
47,4,4,8,0.0,1e-06,2.6666666666666665,47,,7,47.0
48,4,4,8,0.01,0.1,2.6666666666666665,48,,0,48.0
49,4,4,8,0.01,0.01,2.6666666666666665,49,,1,49.0
50,4,4,8,0.01,0.001,2.6666666666666665,50,,2,50.0
51,4,4,8,0.01,0.0001,2.6666666666666665,51,,3,51.0
52,4,4,8,0.01,1e-05,2.6666666666666665,52,,4,52.0
53,4,4,8,0.01,1e-06,2.6666666666666665,53,,5,53.0
54,4,4,8,0.1,0.1,2.6666666666666665,54,,6,54.0
55,4,4,8,0.1,0.01,2.6666666666666665,55,,7,55.0
56,4,4,8,0.1,0.001,2.6666666666666665,56,,0,56.0
57,4,4,8,0.1,0.0001,2.6666666666666665,57,,1,57.0
58,4,4,8,0.1,1e-05,2.6666666666666665,58,,2,58.0
59,4,4,8,0.1,1e-06,2.6666666666666665,59,,3,59.0
60,4,4,8,0.2,0.1,2.6666666666666665,60,,4,60.0
61,4,4,8,0.2,0.01,2.6666666666666665,61,,5,61.0
62,4,4,8,0.2,0.001,2.6666666666666665,62,,6,62.0
63,4,4,8,0.2,0.0001,2.6666666666666665,63,,7,63.0
64,4,4,8,0.2,1e-05,2.6666666666666665,64,,0,64.0
65,4,4,8,0.2,1e-06,2.6666666666666665,65,,1,65.0
66,4,4,8,0.5,0.1,2.6666666666666665,66,,2,66.0
67,4,4,8,0.5,0.01,2.6666666666666665,67,,3,67.0
68,4,4,8,0.5,0.001,2.6666666666666665,68,,4,68.0
69,4,4,8,0.5,0.0001,2.6666666666666665,69,,5,69.0
70,4,4,8,0.5,1e-05,2.6666666666666665,70,,6,70.0
71,4,4,8,0.5,1e-06,2.6666666666666665,71,,7,71.0
72,4,4,8,0.8,0.1,2.6666666666666665,72,,0,72.0
73,4,4,8,0.8,0.01,2.6666666666666665,73,,1,73.0
74,4,4,8,0.8,0.001,2.6666666666666665,74,,2,74.0
75,4,4,8,0.8,0.0001,2.6666666666666665,75,,3,75.0
76,4,4,8,0.8,1e-05,2.6666666666666665,76,,4,76.0
77,4,4,8,0.8,1e-06,2.6666666666666665,77,,5,77.0
78,4,4,8,0.9,0.1,2.6666666666666665,78,,6,78.0
79,4,4,8,0.9,0.01,2.6666666666666665,79,,7,79.0
80,4,4,8,0.9,0.001,2.6666666666666665,80,,0,80.0
81,4,4,8,0.9,0.0001,2.6666666666666665,81,,1,81.0
82,4,4,8,0.9,1e-05,2.6666666666666665,82,,2,82.0
83,4,4,8,0.9,1e-06,2.6666666666666665,83,,3,83.0
84,4,6,8,0.0,0.1,2.6666666666666665,84,,4,84.0
85,4,6,8,0.0,0.01,2.6666666666666665,85,,5,85.0
86,4,6,8,0.0,0.001,2.6666666666666665,86,,6,86.0
87,4,6,8,0.0,0.0001,2.6666666666666665,87,,7,87.0
88,4,6,8,0.0,1e-05,2.6666666666666665,88,,0,88.0
89,4,6,8,0.0,1e-06,2.6666666666666665,89,,1,89.0
90,4,6,8,0.01,0.1,2.6666666666666665,90,,2,90.0
91,4,6,8,0.01,0.01,2.6666666666666665,91,,3,91.0
92,4,6,8,0.01,0.001,2.6666666666666665,92,,4,92.0
93,4,6,8,0.01,0.0001,2.6666666666666665,93,,5,93.0
94,4,6,8,0.01,1e-05,2.6666666666666665,94,,6,94.0
95,4,6,8,0.01,1e-06,2.6666666666666665,95,,7,95.0
96,4,6,8,0.1,0.1,2.6666666666666665,96,,0,96.0
97,4,6,8,0.1,0.01,2.6666666666666665,97,,1,97.0
98,4,6,8,0.1,0.001,2.6666666666666665,98,,2,98.0
99,4,6,8,0.1,0.0001,2.6666666666666665,99,,3,99.0
100,4,6,8,0.1,1e-05,2.6666666666666665,100,,4,100.0
101,4,6,8,0.1,1e-06,2.6666666666666665,101,,5,101.0
102,4,6,8,0.2,0.1,2.6666666666666665,102,,6,102.0
103,4,6,8,0.2,0.01,2.6666666666666665,103,,7,103.0
104,4,6,8,0.2,0.001,2.6666666666666665,104,,0,104.0
105,4,6,8,0.2,0.0001,2.6666666666666665,105,,1,105.0
106,4,6,8,0.2,1e-05,2.6666666666666665,106,,2,106.0
107,4,6,8,0.2,1e-06,2.6666666666666665,107,,3,107.0
108,4,6,8,0.5,0.1,2.6666666666666665,108,,4,108.0
109,4,6,8,0.5,0.01,2.6666666666666665,109,,5,109.0
110,4,6,8,0.5,0.001,2.6666666666666665,110,,6,110.0
111,4,6,8,0.5,0.0001,2.6666666666666665,111,,7,111.0
112,4,6,8,0.5,1e-05,2.6666666666666665,112,,0,112.0
113,4,6,8,0.5,1e-06,2.6666666666666665,113,,1,113.0
114,4,6,8,0.8,0.1,2.6666666666666665,114,,2,114.0
115,4,6,8,0.8,0.01,2.6666666666666665,115,,3,115.0
116,4,6,8,0.8,0.001,2.6666666666666665,116,,4,116.0
117,4,6,8,0.8,0.0001,2.6666666666666665,117,,5,117.0
118,4,6,8,0.8,1e-05,2.6666666666666665,118,,6,118.0
119,4,6,8,0.8,1e-06,2.6666666666666665,119,,7,119.0
120,4,6,8,0.9,0.1,2.6666666666666665,120,,0,120.0
121,4,6,8,0.9,0.01,2.6666666666666665,121,,1,121.0
122,4,6,8,0.9,0.001,2.6666666666666665,122,,2,122.0
123,4,6,8,0.9,0.0001,2.6666666666666665,123,,3,123.0
124,4,6,8,0.9,1e-05,2.6666666666666665,124,,4,124.0
125,4,6,8,0.9,1e-06,2.6666666666666665,125,,5,125.0
126,4,8,8,0.0,0.1,2.6666666666666665,126,,6,126.0
127,4,8,8,0.0,0.01,2.6666666666666665,127,,7,127.0
128,4,8,8,0.0,0.001,2.6666666666666665,128,,0,128.0
129,4,8,8,0.0,0.0001,2.6666666666666665,129,,1,129.0
130,4,8,8,0.0,1e-05,2.6666666666666665,130,,2,130.0
131,4,8,8,0.0,1e-06,2.6666666666666665,131,,3,131.0
132,4,8,8,0.01,0.1,2.6666666666666665,132,,4,132.0
133,4,8,8,0.01,0.01,2.6666666666666665,133,,5,133.0
134,4,8,8,0.01,0.001,2.6666666666666665,134,,6,134.0
135,4,8,8,0.01,0.0001,2.6666666666666665,135,,7,135.0
136,4,8,8,0.01,1e-05,2.6666666666666665,136,,0,136.0
137,4,8,8,0.01,1e-06,2.6666666666666665,137,,1,137.0
138,4,8,8,0.1,0.1,2.6666666666666665,138,,2,138.0
139,4,8,8,0.1,0.01,2.6666666666666665,139,,3,139.0
140,4,8,8,0.1,0.001,2.6666666666666665,140,,4,140.0
141,4,8,8,0.1,0.0001,2.6666666666666665,141,,5,141.0
142,4,8,8,0.1,1e-05,2.6666666666666665,142,,6,142.0
143,4,8,8,0.1,1e-06,2.6666666666666665,143,,7,143.0
144,4,8,8,0.2,0.1,2.6666666666666665,144,,0,144.0
145,4,8,8,0.2,0.01,2.6666666666666665,145,,1,145.0
146,4,8,8,0.2,0.001,2.6666666666666665,146,,2,146.0
147,4,8,8,0.2,0.0001,2.6666666666666665,147,,3,147.0
148,4,8,8,0.2,1e-05,2.6666666666666665,148,,4,148.0
149,4,8,8,0.2,1e-06,2.6666666666666665,149,,5,149.0
150,4,8,8,0.5,0.1,2.6666666666666665,150,,6,150.0
151,4,8,8,0.5,0.01,2.6666666666666665,151,,7,151.0
152,4,8,8,0.5,0.001,2.6666666666666665,152,,0,152.0
153,4,8,8,0.5,0.0001,2.6666666666666665,153,,1,153.0
154,4,8,8,0.5,1e-05,2.6666666666666665,154,,2,154.0
155,4,8,8,0.5,1e-06,2.6666666666666665,155,,3,155.0
156,4,8,8,0.8,0.1,2.6666666666666665,156,,4,156.0
157,4,8,8,0.8,0.01,2.6666666666666665,157,,5,157.0
158,4,8,8,0.8,0.001,2.6666666666666665,158,,6,158.0
159,4,8,8,0.8,0.0001,2.6666666666666665,159,,7,159.0
160,4,8,8,0.8,1e-05,2.6666666666666665,160,,0,160.0
161,4,8,8,0.8,1e-06,2.6666666666666665,161,,1,161.0
162,4,8,8,0.9,0.1,2.6666666666666665,162,,2,162.0
163,4,8,8,0.9,0.01,2.6666666666666665,163,,3,163.0
164,4,8,8,0.9,0.001,2.6666666666666665,164,,4,164.0
165,4,8,8,0.9,0.0001,2.6666666666666665,165,,5,165.0
166,4,8,8,0.9,1e-05,2.6666666666666665,166,,6,166.0
167,4,8,8,0.9,1e-06,2.6666666666666665,167,,7,167.0
168,4,10,8,0.0,0.1,2.6666666666666665,168,,0,168.0
169,4,10,8,0.0,0.01,2.6666666666666665,169,,1,169.0
170,4,10,8,0.0,0.001,2.6666666666666665,170,,2,170.0
171,4,10,8,0.0,0.0001,2.6666666666666665,171,,3,171.0
172,4,10,8,0.0,1e-05,2.6666666666666665,172,,4,172.0
173,4,10,8,0.0,1e-06,2.6666666666666665,173,,5,173.0
174,4,10,8,0.01,0.1,2.6666666666666665,174,,6,174.0
175,4,10,8,0.01,0.01,2.6666666666666665,175,,7,175.0
176,4,10,8,0.01,0.001,2.6666666666666665,176,,0,176.0
177,4,10,8,0.01,0.0001,2.6666666666666665,177,,1,177.0
178,4,10,8,0.01,1e-05,2.6666666666666665,178,,2,178.0
179,4,10,8,0.01,1e-06,2.6666666666666665,179,,3,179.0
180,4,10,8,0.1,0.1,2.6666666666666665,180,,4,180.0
181,4,10,8,0.1,0.01,2.6666666666666665,181,,5,181.0
182,4,10,8,0.1,0.001,2.6666666666666665,182,,6,182.0
183,4,10,8,0.1,0.0001,2.6666666666666665,183,,7,183.0
184,4,10,8,0.1,1e-05,2.6666666666666665,184,,0,184.0
185,4,10,8,0.1,1e-06,2.6666666666666665,185,,1,185.0
186,4,10,8,0.2,0.1,2.6666666666666665,186,,2,186.0
187,4,10,8,0.2,0.01,2.6666666666666665,187,,3,187.0
188,4,10,8,0.2,0.001,2.6666666666666665,188,,4,188.0
189,4,10,8,0.2,0.0001,2.6666666666666665,189,,5,189.0
190,4,10,8,0.2,1e-05,2.6666666666666665,190,,6,190.0
191,4,10,8,0.2,1e-06,2.6666666666666665,191,,7,191.0
192,4,10,8,0.5,0.1,2.6666666666666665,192,,0,192.0
193,4,10,8,0.5,0.01,2.6666666666666665,193,,1,193.0
194,4,10,8,0.5,0.001,2.6666666666666665,194,,2,194.0
195,4,10,8,0.5,0.0001,2.6666666666666665,195,,3,195.0
196,4,10,8,0.5,1e-05,2.6666666666666665,196,,4,196.0
197,4,10,8,0.5,1e-06,2.6666666666666665,197,,5,197.0
198,4,10,8,0.8,0.1,2.6666666666666665,198,,6,198.0
199,4,10,8,0.8,0.01,2.6666666666666665,199,,7,199.0
200,4,10,8,0.8,0.001,2.6666666666666665,200,,0,200.0
201,4,10,8,0.8,0.0001,2.6666666666666665,201,,1,201.0
202,4,10,8,0.8,1e-05,2.6666666666666665,202,,2,202.0
203,4,10,8,0.8,1e-06,2.6666666666666665,203,,3,203.0
204,4,10,8,0.9,0.1,2.6666666666666665,204,,4,204.0
205,4,10,8,0.9,0.01,2.6666666666666665,205,,5,205.0
206,4,10,8,0.9,0.001,2.6666666666666665,206,,6,206.0
207,4,10,8,0.9,0.0001,2.6666666666666665,207,,7,207.0
208,4,10,8,0.9,1e-05,2.6666666666666665,208,,0,208.0
209,4,10,8,0.9,1e-06,2.6666666666666665,209,,1,209.0
210,8,2,8,0.0,0.1,2.6666666666666665,210,,2,210.0
211,8,2,8,0.0,0.01,2.6666666666666665,211,,3,211.0
212,8,2,8,0.0,0.001,2.6666666666666665,212,,4,212.0
213,8,2,8,0.0,0.0001,2.6666666666666665,213,,5,213.0
214,8,2,8,0.0,1e-05,2.6666666666666665,214,,6,214.0
215,8,2,8,0.0,1e-06,2.6666666666666665,215,,7,215.0
216,8,2,8,0.01,0.1,2.6666666666666665,216,,0,216.0
217,8,2,8,0.01,0.01,2.6666666666666665,217,,1,217.0
218,8,2,8,0.01,0.001,2.6666666666666665,218,,2,218.0
219,8,2,8,0.01,0.0001,2.6666666666666665,219,,3,219.0
220,8,2,8,0.01,1e-05,2.6666666666666665,220,,4,220.0
221,8,2,8,0.01,1e-06,2.6666666666666665,221,,5,221.0
222,8,2,8,0.1,0.1,2.6666666666666665,222,,6,222.0
223,8,2,8,0.1,0.01,2.6666666666666665,223,,7,223.0
224,8,2,8,0.1,0.001,2.6666666666666665,224,,0,224.0
225,8,2,8,0.1,0.0001,2.6666666666666665,225,,1,225.0
226,8,2,8,0.1,1e-05,2.6666666666666665,226,,2,226.0
227,8,2,8,0.1,1e-06,2.6666666666666665,227,,3,227.0
228,8,2,8,0.2,0.1,2.6666666666666665,228,,4,228.0
229,8,2,8,0.2,0.01,2.6666666666666665,229,,5,229.0
230,8,2,8,0.2,0.001,2.6666666666666665,230,,6,230.0
231,8,2,8,0.2,0.0001,2.6666666666666665,231,,7,231.0
232,8,2,8,0.2,1e-05,2.6666666666666665,232,,0,232.0
233,8,2,8,0.2,1e-06,2.6666666666666665,233,,1,233.0
234,8,2,8,0.5,0.1,2.6666666666666665,234,,2,234.0
235,8,2,8,0.5,0.01,2.6666666666666665,235,,3,235.0
236,8,2,8,0.5,0.001,2.6666666666666665,236,,4,236.0
237,8,2,8,0.5,0.0001,2.6666666666666665,237,,5,237.0
238,8,2,8,0.5,1e-05,2.6666666666666665,238,,6,238.0
239,8,2,8,0.5,1e-06,2.6666666666666665,239,,7,239.0
240,8,2,8,0.8,0.1,2.6666666666666665,240,,0,240.0
241,8,2,8,0.8,0.01,2.6666666666666665,241,,1,241.0
242,8,2,8,0.8,0.001,2.6666666666666665,242,,2,242.0
243,8,2,8,0.8,0.0001,2.6666666666666665,243,,3,243.0
244,8,2,8,0.8,1e-05,2.6666666666666665,244,,4,244.0
245,8,2,8,0.8,1e-06,2.6666666666666665,245,,5,245.0
246,8,2,8,0.9,0.1,2.6666666666666665,246,,6,246.0
247,8,2,8,0.9,0.01,2.6666666666666665,247,,7,247.0
248,8,2,8,0.9,0.001,2.6666666666666665,248,,0,248.0
249,8,2,8,0.9,0.0001,2.6666666666666665,249,,1,249.0
250,8,2,8,0.9,1e-05,2.6666666666666665,250,,2,250.0
251,8,2,8,0.9,1e-06,2.6666666666666665,251,,3,251.0
252,8,4,8,0.0,0.1,2.6666666666666665,252,,4,252.0
253,8,4,8,0.0,0.01,2.6666666666666665,253,,5,253.0
254,8,4,8,0.0,0.001,2.6666666666666665,254,,6,254.0
255,8,4,8,0.0,0.0001,2.6666666666666665,255,,7,255.0
256,8,4,8,0.0,1e-05,2.6666666666666665,256,,0,256.0
257,8,4,8,0.0,1e-06,2.6666666666666665,257,,1,257.0
258,8,4,8,0.01,0.1,2.6666666666666665,258,,2,258.0
259,8,4,8,0.01,0.01,2.6666666666666665,259,,3,259.0
260,8,4,8,0.01,0.001,2.6666666666666665,260,,4,260.0
261,8,4,8,0.01,0.0001,2.6666666666666665,261,,5,261.0
262,8,4,8,0.01,1e-05,2.6666666666666665,262,,6,262.0
263,8,4,8,0.01,1e-06,2.6666666666666665,263,,7,263.0
264,8,4,8,0.1,0.1,2.6666666666666665,264,,0,264.0
265,8,4,8,0.1,0.01,2.6666666666666665,265,,1,265.0
266,8,4,8,0.1,0.001,2.6666666666666665,266,,2,266.0
267,8,4,8,0.1,0.0001,2.6666666666666665,267,,3,267.0
268,8,4,8,0.1,1e-05,2.6666666666666665,268,,4,268.0
269,8,4,8,0.1,1e-06,2.6666666666666665,269,,5,269.0
270,8,4,8,0.2,0.1,2.6666666666666665,270,,6,270.0
271,8,4,8,0.2,0.01,2.6666666666666665,271,,7,271.0
272,8,4,8,0.2,0.001,2.6666666666666665,272,,0,272.0
273,8,4,8,0.2,0.0001,2.6666666666666665,273,,1,273.0
274,8,4,8,0.2,1e-05,2.6666666666666665,274,,2,274.0
275,8,4,8,0.2,1e-06,2.6666666666666665,275,,3,275.0
276,8,4,8,0.5,0.1,2.6666666666666665,276,,4,276.0
277,8,4,8,0.5,0.01,2.6666666666666665,277,,5,277.0
278,8,4,8,0.5,0.001,2.6666666666666665,278,,6,278.0
279,8,4,8,0.5,0.0001,2.6666666666666665,279,,7,279.0
280,8,4,8,0.5,1e-05,2.6666666666666665,280,,0,280.0
281,8,4,8,0.5,1e-06,2.6666666666666665,281,,1,281.0
282,8,4,8,0.8,0.1,2.6666666666666665,282,,2,282.0
283,8,4,8,0.8,0.01,2.6666666666666665,283,,3,283.0
284,8,4,8,0.8,0.001,2.6666666666666665,284,,4,284.0
285,8,4,8,0.8,0.0001,2.6666666666666665,285,,5,285.0
286,8,4,8,0.8,1e-05,2.6666666666666665,286,,6,286.0
287,8,4,8,0.8,1e-06,2.6666666666666665,287,,7,287.0
288,8,4,8,0.9,0.1,2.6666666666666665,288,,0,288.0
289,8,4,8,0.9,0.01,2.6666666666666665,289,,1,289.0
290,8,4,8,0.9,0.001,2.6666666666666665,290,,2,290.0
291,8,4,8,0.9,0.0001,2.6666666666666665,291,,3,291.0
292,8,4,8,0.9,1e-05,2.6666666666666665,292,,4,292.0
293,8,4,8,0.9,1e-06,2.6666666666666665,293,,5,293.0
294,8,6,8,0.0,0.1,2.6666666666666665,294,,6,294.0
295,8,6,8,0.0,0.01,2.6666666666666665,295,,7,295.0
296,8,6,8,0.0,0.001,2.6666666666666665,296,,0,296.0
297,8,6,8,0.0,0.0001,2.6666666666666665,297,,1,297.0
298,8,6,8,0.0,1e-05,2.6666666666666665,298,,2,298.0
299,8,6,8,0.0,1e-06,2.6666666666666665,299,,3,299.0
300,8,6,8,0.01,0.1,2.6666666666666665,300,,4,300.0
301,8,6,8,0.01,0.01,2.6666666666666665,301,,5,301.0
302,8,6,8,0.01,0.001,2.6666666666666665,302,,6,302.0
303,8,6,8,0.01,0.0001,2.6666666666666665,303,,7,303.0
304,8,6,8,0.01,1e-05,2.6666666666666665,304,,0,304.0
305,8,6,8,0.01,1e-06,2.6666666666666665,305,,1,305.0
306,8,6,8,0.1,0.1,2.6666666666666665,306,,2,306.0
307,8,6,8,0.1,0.01,2.6666666666666665,307,,3,307.0
308,8,6,8,0.1,0.001,2.6666666666666665,308,,4,308.0
309,8,6,8,0.1,0.0001,2.6666666666666665,309,,5,309.0
310,8,6,8,0.1,1e-05,2.6666666666666665,310,,6,310.0
311,8,6,8,0.2,0.1,2.6666666666666665,311,,0,311.0
312,8,6,8,0.2,0.01,2.6666666666666665,312,,1,312.0
313,8,6,8,0.2,0.001,2.6666666666666665,313,,2,313.0
314,8,6,8,0.2,0.0001,2.6666666666666665,314,,3,314.0
315,8,6,8,0.2,1e-05,2.6666666666666665,315,,4,315.0
316,8,6,8,0.2,1e-06,2.6666666666666665,316,,5,316.0
317,8,6,8,0.5,0.1,2.6666666666666665,317,,6,317.0
318,8,6,8,0.5,0.01,2.6666666666666665,318,,7,318.0
319,8,6,8,0.5,0.001,2.6666666666666665,319,,0,319.0
320,8,6,8,0.5,0.0001,2.6666666666666665,320,,1,320.0
321,8,6,8,0.5,1e-05,2.6666666666666665,321,,2,321.0
322,8,6,8,0.5,1e-06,2.6666666666666665,322,,3,322.0
323,8,6,8,0.8,0.1,2.6666666666666665,323,,4,323.0
324,8,6,8,0.8,0.01,2.6666666666666665,324,,5,324.0
325,8,6,8,0.8,0.001,2.6666666666666665,325,,6,325.0
326,8,6,8,0.8,0.0001,2.6666666666666665,326,,7,326.0
327,8,6,8,0.8,1e-05,2.6666666666666665,327,,0,327.0
328,8,6,8,0.8,1e-06,2.6666666666666665,328,,1,328.0
329,8,6,8,0.9,0.1,2.6666666666666665,329,,2,329.0
330,8,6,8,0.9,0.01,2.6666666666666665,330,,3,330.0
331,8,6,8,0.9,0.001,2.6666666666666665,331,,4,331.0
332,8,6,8,0.9,0.0001,2.6666666666666665,332,,5,332.0
333,8,6,8,0.9,1e-05,2.6666666666666665,333,,6,333.0
334,8,6,8,0.9,1e-06,2.6666666666666665,334,,7,334.0
335,8,8,8,0.0,0.1,2.6666666666666665,335,,0,335.0
336,8,8,8,0.0,0.01,2.6666666666666665,336,,1,336.0
337,8,8,8,0.0,0.001,2.6666666666666665,337,,2,337.0
338,8,8,8,0.0,0.0001,2.6666666666666665,338,,3,338.0
339,8,8,8,0.0,1e-05,2.6666666666666665,339,,4,339.0
340,8,8,8,0.0,1e-06,2.6666666666666665,340,,5,340.0
341,8,8,8,0.01,0.1,2.6666666666666665,341,,6,341.0
342,8,8,8,0.01,0.01,2.6666666666666665,342,,7,342.0
343,8,8,8,0.01,0.001,2.6666666666666665,343,,0,343.0
344,8,8,8,0.01,0.0001,2.6666666666666665,344,,1,344.0
345,8,8,8,0.01,1e-05,2.6666666666666665,345,,2,345.0
346,8,8,8,0.01,1e-06,2.6666666666666665,346,,3,346.0
347,8,8,8,0.1,0.1,2.6666666666666665,347,,4,347.0
348,8,8,8,0.1,0.01,2.6666666666666665,348,,5,348.0
349,8,8,8,0.1,0.001,2.6666666666666665,349,,6,349.0
350,8,8,8,0.1,0.0001,2.6666666666666665,350,,7,350.0
351,8,8,8,0.1,1e-05,2.6666666666666665,351,,0,351.0
352,8,8,8,0.1,1e-06,2.6666666666666665,352,,1,352.0
353,8,8,8,0.2,0.1,2.6666666666666665,353,,2,353.0
354,8,8,8,0.2,0.01,2.6666666666666665,354,,3,354.0
355,8,8,8,0.2,0.001,2.6666666666666665,355,,4,355.0
356,8,8,8,0.2,0.0001,2.6666666666666665,356,,5,356.0
357,8,8,8,0.2,1e-05,2.6666666666666665,357,,6,357.0
358,8,8,8,0.2,1e-06,2.6666666666666665,358,,7,358.0
359,8,8,8,0.5,0.1,2.6666666666666665,359,,0,359.0
360,8,8,8,0.5,0.01,2.6666666666666665,360,,1,360.0
361,8,8,8,0.5,0.001,2.6666666666666665,361,,2,361.0
362,8,8,8,0.5,0.0001,2.6666666666666665,362,,3,362.0
363,8,8,8,0.5,1e-05,2.6666666666666665,363,,4,363.0
364,8,8,8,0.5,1e-06,2.6666666666666665,364,,5,364.0
365,8,8,8,0.8,0.1,2.6666666666666665,365,,6,365.0
366,8,8,8,0.8,0.01,2.6666666666666665,366,,7,366.0
367,8,8,8,0.8,0.001,2.6666666666666665,367,,0,367.0
368,8,8,8,0.8,0.0001,2.6666666666666665,368,,1,368.0
369,8,8,8,0.8,1e-05,2.6666666666666665,369,,2,369.0
370,8,8,8,0.8,1e-06,2.6666666666666665,370,,3,370.0
371,8,8,8,0.9,0.1,2.6666666666666665,371,,4,371.0
372,8,8,8,0.9,0.01,2.6666666666666665,372,,5,372.0
373,8,8,8,0.9,0.001,2.6666666666666665,373,,6,373.0
374,8,8,8,0.9,0.0001,2.6666666666666665,374,,7,374.0
375,8,8,8,0.9,1e-05,2.6666666666666665,375,,0,375.0
376,8,8,8,0.9,1e-06,2.6666666666666665,376,,1,376.0
377,8,10,8,0.0,0.1,2.6666666666666665,377,,2,377.0
378,8,10,8,0.0,0.01,2.6666666666666665,378,,3,378.0
379,8,10,8,0.0,0.001,2.6666666666666665,379,,4,379.0
380,8,10,8,0.0,0.0001,2.6666666666666665,380,,5,380.0
381,8,10,8,0.0,1e-05,2.6666666666666665,381,,6,381.0
382,8,10,8,0.0,1e-06,2.6666666666666665,382,,7,382.0
383,8,10,8,0.01,0.1,2.6666666666666665,383,,0,383.0
384,8,10,8,0.01,0.01,2.6666666666666665,384,,1,384.0
385,8,10,8,0.01,0.001,2.6666666666666665,385,,2,385.0
386,8,10,8,0.01,0.0001,2.6666666666666665,386,,3,386.0
387,8,10,8,0.01,1e-05,2.6666666666666665,387,,4,387.0
388,8,10,8,0.01,1e-06,2.6666666666666665,388,,5,388.0
389,8,10,8,0.1,0.1,2.6666666666666665,389,,6,389.0
390,8,10,8,0.1,0.01,2.6666666666666665,390,,7,390.0
391,8,10,8,0.1,0.001,2.6666666666666665,391,,0,391.0
392,8,10,8,0.1,0.0001,2.6666666666666665,392,,1,392.0
393,8,10,8,0.1,1e-05,2.6666666666666665,393,,2,393.0
394,8,10,8,0.1,1e-06,2.6666666666666665,394,,3,394.0
395,8,10,8,0.2,0.1,2.6666666666666665,395,,4,395.0
396,8,10,8,0.2,0.01,2.6666666666666665,396,,5,396.0
397,8,10,8,0.2,0.001,2.6666666666666665,397,,6,397.0
398,8,10,8,0.2,0.0001,2.6666666666666665,398,,7,398.0
399,8,10,8,0.2,1e-05,2.6666666666666665,399,,0,399.0
400,8,10,8,0.2,1e-06,2.6666666666666665,400,,1,400.0
401,8,10,8,0.5,0.1,2.6666666666666665,401,,2,401.0
402,8,10,8,0.5,0.01,2.6666666666666665,402,,3,402.0
403,8,10,8,0.5,0.001,2.6666666666666665,403,,4,403.0
404,8,10,8,0.5,0.0001,2.6666666666666665,404,,5,404.0
405,8,10,8,0.5,1e-05,2.6666666666666665,405,,6,405.0
406,8,10,8,0.5,1e-06,2.6666666666666665,406,,7,406.0
407,8,10,8,0.8,0.1,2.6666666666666665,407,,0,407.0
408,8,10,8,0.8,0.01,2.6666666666666665,408,,1,408.0
409,8,10,8,0.8,0.001,2.6666666666666665,409,,2,409.0
410,8,10,8,0.8,0.0001,2.6666666666666665,410,,3,410.0
411,8,10,8,0.8,1e-05,2.6666666666666665,411,,4,411.0
412,8,10,8,0.8,1e-06,2.6666666666666665,412,,5,412.0
413,8,10,8,0.9,0.1,2.6666666666666665,413,,6,413.0
414,8,10,8,0.9,0.01,2.6666666666666665,414,,7,414.0
415,8,10,8,0.9,0.001,2.6666666666666665,415,,0,415.0
416,8,10,8,0.9,0.0001,2.6666666666666665,416,,1,416.0
417,8,10,8,0.9,1e-05,2.6666666666666665,417,,2,417.0
418,8,10,8,0.9,1e-06,2.6666666666666665,418,,3,418.0
419,16,2,8,0.0,0.1,2.6666666666666665,419,,4,419.0
420,16,2,8,0.0,0.01,2.6666666666666665,420,,5,420.0
421,16,2,8,0.0,0.001,2.6666666666666665,421,,6,421.0
422,16,2,8,0.0,0.0001,2.6666666666666665,422,,7,422.0
423,16,2,8,0.0,1e-05,2.6666666666666665,423,,0,423.0
424,16,2,8,0.0,1e-06,2.6666666666666665,424,,1,424.0
425,16,2,8,0.01,0.1,2.6666666666666665,425,,2,425.0
426,16,2,8,0.01,0.01,2.6666666666666665,426,,3,426.0
427,16,2,8,0.01,0.001,2.6666666666666665,427,,4,427.0
428,16,2,8,0.01,0.0001,2.6666666666666665,428,,5,428.0
429,16,2,8,0.01,1e-05,2.6666666666666665,429,,6,429.0
430,16,2,8,0.01,1e-06,2.6666666666666665,430,,7,430.0
431,16,2,8,0.1,0.1,2.6666666666666665,431,,0,431.0
432,16,2,8,0.1,0.01,2.6666666666666665,432,,1,432.0
433,16,2,8,0.1,0.001,2.6666666666666665,433,,2,433.0
434,16,2,8,0.1,0.0001,2.6666666666666665,434,,3,434.0
435,16,2,8,0.1,1e-05,2.6666666666666665,435,,4,435.0
436,16,2,8,0.1,1e-06,2.6666666666666665,436,,5,436.0
437,16,2,8,0.2,0.1,2.6666666666666665,437,,6,437.0
438,16,2,8,0.2,0.01,2.6666666666666665,438,,7,438.0
439,16,2,8,0.2,0.001,2.6666666666666665,439,,0,439.0
440,16,2,8,0.2,0.0001,2.6666666666666665,440,,1,440.0
441,16,2,8,0.2,1e-05,2.6666666666666665,441,,2,441.0
442,16,2,8,0.2,1e-06,2.6666666666666665,442,,3,442.0
443,16,2,8,0.5,0.1,2.6666666666666665,443,,4,443.0
444,16,2,8,0.5,0.01,2.6666666666666665,444,,5,444.0
445,16,2,8,0.5,0.001,2.6666666666666665,445,,6,445.0
446,16,2,8,0.5,0.0001,2.6666666666666665,446,,7,446.0
447,16,2,8,0.5,1e-05,2.6666666666666665,447,,0,447.0
448,16,2,8,0.5,1e-06,2.6666666666666665,448,,1,448.0
449,16,2,8,0.8,0.1,2.6666666666666665,449,,2,449.0
450,16,2,8,0.8,0.01,2.6666666666666665,450,,3,450.0
451,16,2,8,0.8,0.001,2.6666666666666665,451,,4,451.0
452,16,2,8,0.8,0.0001,2.6666666666666665,452,,5,452.0
453,16,2,8,0.8,1e-05,2.6666666666666665,453,,6,453.0
454,16,2,8,0.8,1e-06,2.6666666666666665,454,,7,454.0
455,16,2,8,0.9,0.1,2.6666666666666665,455,,0,455.0
456,16,2,8,0.9,0.01,2.6666666666666665,456,,1,456.0
457,16,2,8,0.9,0.001,2.6666666666666665,457,,2,457.0
458,16,2,8,0.9,0.0001,2.6666666666666665,458,,3,458.0
459,16,2,8,0.9,1e-05,2.6666666666666665,459,,4,459.0
460,16,2,8,0.9,1e-06,2.6666666666666665,460,,5,460.0
461,16,4,8,0.0,0.1,2.6666666666666665,461,,6,461.0
462,16,4,8,0.0,0.01,2.6666666666666665,462,,7,462.0
463,16,4,8,0.0,0.001,2.6666666666666665,463,,0,463.0
464,16,4,8,0.0,0.0001,2.6666666666666665,464,,1,464.0
465,16,4,8,0.0,1e-05,2.6666666666666665,465,,2,465.0
466,16,4,8,0.0,1e-06,2.6666666666666665,466,,3,466.0
467,16,4,8,0.01,0.1,2.6666666666666665,467,,4,467.0
468,16,4,8,0.01,0.01,2.6666666666666665,468,,5,468.0
469,16,4,8,0.01,0.001,2.6666666666666665,469,,6,469.0
470,16,4,8,0.01,0.0001,2.6666666666666665,470,,7,470.0
471,16,4,8,0.01,1e-05,2.6666666666666665,471,,0,471.0
472,16,4,8,0.01,1e-06,2.6666666666666665,472,,1,472.0
473,16,4,8,0.1,0.1,2.6666666666666665,473,,2,473.0
474,16,4,8,0.1,0.01,2.6666666666666665,474,,3,474.0
475,16,4,8,0.1,0.001,2.6666666666666665,475,,4,475.0
476,16,4,8,0.1,0.0001,2.6666666666666665,476,,5,476.0
477,16,4,8,0.1,1e-05,2.6666666666666665,477,,6,477.0
478,16,4,8,0.1,1e-06,2.6666666666666665,478,,7,478.0
479,16,4,8,0.2,0.1,2.6666666666666665,479,,0,479.0
480,16,4,8,0.2,0.01,2.6666666666666665,480,,1,480.0
481,16,4,8,0.2,0.001,2.6666666666666665,481,,2,481.0
482,16,4,8,0.2,0.0001,2.6666666666666665,482,,3,482.0
483,16,4,8,0.2,1e-05,2.6666666666666665,483,,4,483.0
484,16,4,8,0.2,1e-06,2.6666666666666665,484,,5,484.0
485,16,4,8,0.5,0.1,2.6666666666666665,485,,6,485.0
486,16,4,8,0.5,0.01,2.6666666666666665,486,,7,486.0
487,16,4,8,0.5,0.001,2.6666666666666665,487,,0,487.0
488,16,4,8,0.5,0.0001,2.6666666666666665,488,,1,488.0
489,16,4,8,0.5,1e-05,2.6666666666666665,489,,2,489.0
490,16,4,8,0.5,1e-06,2.6666666666666665,490,,3,490.0
491,16,4,8,0.8,0.1,2.6666666666666665,491,,4,491.0
492,16,4,8,0.8,0.01,2.6666666666666665,492,,5,492.0
493,16,4,8,0.8,0.001,2.6666666666666665,493,,6,493.0
494,16,4,8,0.8,0.0001,2.6666666666666665,494,,7,494.0
495,16,4,8,0.8,1e-05,2.6666666666666665,495,,0,495.0
496,16,4,8,0.8,1e-06,2.6666666666666665,496,,1,496.0
497,16,4,8,0.9,0.1,2.6666666666666665,497,,2,497.0
498,16,4,8,0.9,0.01,2.6666666666666665,498,,3,498.0
499,16,4,8,0.9,0.001,2.6666666666666665,499,,4,499.0
500,16,4,8,0.9,0.0001,2.6666666666666665,500,,5,500.0
501,16,4,8,0.9,1e-05,2.6666666666666665,501,,6,501.0
502,16,4,8,0.9,1e-06,2.6666666666666665,502,,7,502.0
503,16,6,8,0.0,0.1,2.6666666666666665,503,,0,503.0
504,16,6,8,0.0,0.01,2.6666666666666665,504,,1,504.0
505,16,6,8,0.0,0.001,2.6666666666666665,505,,2,505.0
506,16,6,8,0.0,0.0001,2.6666666666666665,506,,3,506.0
507,16,6,8,0.0,1e-05,2.6666666666666665,507,,4,507.0
508,16,6,8,0.0,1e-06,2.6666666666666665,508,,5,508.0
509,16,6,8,0.01,0.1,2.6666666666666665,509,,6,509.0
510,16,6,8,0.01,0.01,2.6666666666666665,510,,7,510.0
511,16,6,8,0.01,0.001,2.6666666666666665,511,,0,511.0
512,16,6,8,0.01,0.0001,2.6666666666666665,512,,1,512.0
513,16,6,8,0.01,1e-05,2.6666666666666665,513,,2,513.0
514,16,6,8,0.01,1e-06,2.6666666666666665,514,,3,514.0
515,16,6,8,0.1,0.1,2.6666666666666665,515,,4,515.0
516,16,6,8,0.1,0.01,2.6666666666666665,516,,5,516.0
517,16,6,8,0.1,0.001,2.6666666666666665,517,,6,517.0
518,16,6,8,0.1,0.0001,2.6666666666666665,518,,7,518.0
519,16,6,8,0.1,1e-05,2.6666666666666665,519,,0,519.0
520,16,6,8,0.1,1e-06,2.6666666666666665,520,,1,520.0
521,16,6,8,0.2,0.1,2.6666666666666665,521,,2,521.0
522,16,6,8,0.2,0.01,2.6666666666666665,522,,3,522.0
523,16,6,8,0.2,0.001,2.6666666666666665,523,,4,523.0
524,16,6,8,0.2,0.0001,2.6666666666666665,524,,5,524.0
525,16,6,8,0.2,1e-05,2.6666666666666665,525,,6,525.0
526,16,6,8,0.2,1e-06,2.6666666666666665,526,,7,526.0
527,16,6,8,0.5,0.1,2.6666666666666665,527,,0,527.0
528,16,6,8,0.5,0.01,2.6666666666666665,528,,1,528.0
529,16,6,8,0.5,0.001,2.6666666666666665,529,,2,529.0
530,16,6,8,0.5,1e-05,2.6666666666666665,530,,3,530.0
531,16,6,8,0.5,1e-06,2.6666666666666665,531,,4,531.0
532,16,6,8,0.8,0.1,2.6666666666666665,532,,5,532.0
533,16,6,8,0.8,0.001,2.6666666666666665,533,,0,533.0
534,16,6,8,0.8,0.0001,2.6666666666666665,534,,1,534.0
535,16,6,8,0.8,1e-05,2.6666666666666665,535,,2,535.0
536,16,6,8,0.8,1e-06,2.6666666666666665,536,,3,536.0
537,16,6,8,0.9,0.1,2.6666666666666665,537,,4,537.0
538,16,6,8,0.9,0.01,2.6666666666666665,538,,5,538.0
539,16,6,8,0.9,0.001,2.6666666666666665,539,,6,539.0
540,16,6,8,0.9,0.0001,2.6666666666666665,540,,7,540.0
541,16,6,8,0.9,1e-05,2.6666666666666665,541,,0,541.0
542,16,6,8,0.9,1e-06,2.6666666666666665,542,,1,542.0
543,16,8,8,0.0,0.1,2.6666666666666665,543,,2,543.0
544,16,8,8,0.0,0.01,2.6666666666666665,544,,3,544.0
545,16,8,8,0.0,0.001,2.6666666666666665,545,,4,545.0
546,16,8,8,0.0,0.0001,2.6666666666666665,546,,5,546.0
547,16,8,8,0.0,1e-05,2.6666666666666665,547,,6,547.0
548,16,8,8,0.0,1e-06,2.6666666666666665,548,,7,548.0
549,16,8,8,0.01,0.1,2.6666666666666665,549,,0,549.0
550,16,8,8,0.01,0.01,2.6666666666666665,550,,1,550.0
551,16,8,8,0.01,0.001,2.6666666666666665,551,,2,551.0
552,16,8,8,0.01,0.0001,2.6666666666666665,552,,3,552.0
553,16,8,8,0.01,1e-05,2.6666666666666665,553,,4,553.0
554,16,8,8,0.01,1e-06,2.6666666666666665,554,,5,554.0
555,16,8,8,0.1,0.1,2.6666666666666665,555,,6,555.0
556,16,8,8,0.1,0.01,2.6666666666666665,556,,7,556.0
557,16,8,8,0.1,0.001,2.6666666666666665,557,,0,557.0
558,16,8,8,0.1,0.0001,2.6666666666666665,558,,1,558.0
559,16,8,8,0.1,1e-05,2.6666666666666665,559,,2,559.0
560,16,8,8,0.1,1e-06,2.6666666666666665,560,,3,560.0
561,16,8,8,0.2,0.1,2.6666666666666665,561,,4,561.0
562,16,8,8,0.2,0.01,2.6666666666666665,562,,5,562.0
563,16,8,8,0.2,0.001,2.6666666666666665,563,,6,563.0
564,16,8,8,0.2,0.0001,2.6666666666666665,564,,7,564.0
565,16,8,8,0.2,1e-05,2.6666666666666665,565,,0,565.0
566,16,8,8,0.2,1e-06,2.6666666666666665,566,,1,566.0
567,16,8,8,0.5,0.1,2.6666666666666665,567,,2,567.0
568,16,8,8,0.5,0.01,2.6666666666666665,568,,3,568.0
569,16,8,8,0.5,0.001,2.6666666666666665,569,,4,569.0
570,16,8,8,0.5,0.0001,2.6666666666666665,570,,5,570.0
571,16,8,8,0.5,1e-05,2.6666666666666665,571,,6,571.0
572,16,8,8,0.5,1e-06,2.6666666666666665,572,,7,572.0
573,16,8,8,0.8,0.1,2.6666666666666665,573,,0,573.0
574,16,8,8,0.8,0.01,2.6666666666666665,574,,1,574.0
575,16,8,8,0.8,0.001,2.6666666666666665,575,,2,575.0
576,16,8,8,0.8,0.0001,2.6666666666666665,576,,3,576.0
577,16,8,8,0.8,1e-05,2.6666666666666665,577,,4,577.0
578,16,8,8,0.8,1e-06,2.6666666666666665,578,,5,578.0
579,16,8,8,0.9,0.1,2.6666666666666665,579,,6,579.0
580,16,8,8,0.9,0.01,2.6666666666666665,580,,7,580.0
581,16,8,8,0.9,0.001,2.6666666666666665,581,,0,581.0
582,16,8,8,0.9,0.0001,2.6666666666666665,582,,1,582.0
583,16,8,8,0.9,1e-05,2.6666666666666665,583,,2,583.0
584,16,8,8,0.9,1e-06,2.6666666666666665,584,,3,584.0
585,16,10,8,0.0,0.1,2.6666666666666665,585,,4,585.0
586,16,10,8,0.0,0.01,2.6666666666666665,586,,5,586.0
587,16,10,8,0.0,0.001,2.6666666666666665,587,,6,587.0
588,16,10,8,0.0,0.0001,2.6666666666666665,588,,7,588.0
589,16,10,8,0.0,1e-05,2.6666666666666665,589,,0,589.0
590,16,10,8,0.0,1e-06,2.6666666666666665,590,,1,590.0
591,16,10,8,0.01,0.1,2.6666666666666665,591,,2,591.0
592,16,10,8,0.01,0.01,2.6666666666666665,592,,3,592.0
593,16,10,8,0.01,0.001,2.6666666666666665,593,,4,593.0
594,16,10,8,0.01,0.0001,2.6666666666666665,594,,5,594.0
595,16,10,8,0.01,1e-05,2.6666666666666665,595,,6,595.0
596,16,10,8,0.01,1e-06,2.6666666666666665,596,,7,596.0
597,16,10,8,0.1,0.1,2.6666666666666665,597,,0,597.0
598,16,10,8,0.1,0.01,2.6666666666666665,598,,1,598.0
599,16,10,8,0.1,0.001,2.6666666666666665,599,,2,599.0
600,16,10,8,0.1,0.0001,2.6666666666666665,600,,3,600.0
601,16,10,8,0.1,1e-05,2.6666666666666665,601,,4,601.0
602,16,10,8,0.1,1e-06,2.6666666666666665,602,,5,602.0
603,16,10,8,0.2,0.1,2.6666666666666665,603,,6,603.0
604,16,10,8,0.2,0.01,2.6666666666666665,604,,7,604.0
605,16,10,8,0.2,0.001,2.6666666666666665,605,,0,605.0
606,16,10,8,0.2,0.0001,2.6666666666666665,606,,1,606.0
607,16,10,8,0.2,1e-05,2.6666666666666665,607,,2,607.0
608,16,10,8,0.2,1e-06,2.6666666666666665,608,,3,608.0
609,16,10,8,0.5,0.1,2.6666666666666665,609,,4,609.0
610,16,10,8,0.5,0.01,2.6666666666666665,610,,5,610.0
611,16,10,8,0.5,0.001,2.6666666666666665,611,,6,611.0
612,16,10,8,0.5,0.0001,2.6666666666666665,612,,7,612.0
613,16,10,8,0.5,1e-05,2.6666666666666665,613,,0,613.0
614,16,10,8,0.5,1e-06,2.6666666666666665,614,,1,614.0
615,16,10,8,0.8,0.1,2.6666666666666665,615,,2,615.0
616,16,10,8,0.8,0.01,2.6666666666666665,616,,3,616.0
617,16,10,8,0.8,0.001,2.6666666666666665,617,,4,617.0
618,16,10,8,0.8,0.0001,2.6666666666666665,618,,5,618.0
619,16,10,8,0.8,1e-05,2.6666666666666665,619,,6,619.0
620,16,10,8,0.8,1e-06,2.6666666666666665,620,,7,620.0
621,16,10,8,0.9,0.1,2.6666666666666665,621,,0,621.0
622,16,10,8,0.9,0.01,2.6666666666666665,622,,1,622.0
623,16,10,8,0.9,0.001,2.6666666666666665,623,,2,623.0
624,16,10,8,0.9,0.0001,2.6666666666666665,624,,3,624.0
625,16,10,8,0.9,1e-05,2.6666666666666665,625,,4,625.0
626,16,10,8,0.9,1e-06,2.6666666666666665,626,,5,626.0
627,32,2,8,0.0,0.1,2.6666666666666665,627,,6,627.0
628,32,2,8,0.0,0.01,2.6666666666666665,628,,7,628.0
629,32,2,8,0.0,0.001,2.6666666666666665,629,,0,629.0
630,32,2,8,0.0,0.0001,2.6666666666666665,630,,1,630.0
631,32,2,8,0.0,1e-05,2.6666666666666665,631,,2,631.0
632,32,2,8,0.0,1e-06,2.6666666666666665,632,,3,632.0
633,32,2,8,0.01,0.1,2.6666666666666665,633,,4,633.0
634,32,2,8,0.01,0.01,2.6666666666666665,634,,5,634.0
635,32,2,8,0.01,0.001,2.6666666666666665,635,,6,635.0
636,32,2,8,0.01,0.0001,2.6666666666666665,636,,7,636.0
637,32,2,8,0.01,1e-05,2.6666666666666665,637,,0,637.0
638,32,2,8,0.01,1e-06,2.6666666666666665,638,,1,638.0
639,32,2,8,0.1,0.1,2.6666666666666665,639,,2,639.0
640,32,2,8,0.1,0.01,2.6666666666666665,640,,3,640.0
641,32,2,8,0.1,0.001,2.6666666666666665,641,,4,641.0
642,32,2,8,0.1,0.0001,2.6666666666666665,642,,5,642.0
643,32,2,8,0.1,1e-05,2.6666666666666665,643,,6,643.0
644,32,2,8,0.1,1e-06,2.6666666666666665,644,,7,644.0
645,32,2,8,0.2,0.1,2.6666666666666665,645,,0,645.0
646,32,2,8,0.2,0.01,2.6666666666666665,646,,1,646.0
647,32,2,8,0.2,0.001,2.6666666666666665,647,,2,647.0
648,32,2,8,0.2,0.0001,2.6666666666666665,648,,3,648.0
649,32,2,8,0.2,1e-05,2.6666666666666665,649,,4,649.0
650,32,2,8,0.2,1e-06,2.6666666666666665,650,,5,650.0
651,32,2,8,0.5,0.1,2.6666666666666665,651,,6,651.0
652,32,2,8,0.5,0.01,2.6666666666666665,652,,7,652.0
653,32,2,8,0.5,0.001,2.6666666666666665,653,,0,653.0
654,32,2,8,0.5,0.0001,2.6666666666666665,654,,1,654.0
655,32,2,8,0.5,1e-05,2.6666666666666665,655,,2,655.0
656,32,2,8,0.5,1e-06,2.6666666666666665,656,,3,656.0
657,32,2,8,0.8,0.1,2.6666666666666665,657,,4,657.0
658,32,2,8,0.8,0.01,2.6666666666666665,658,,5,658.0
659,32,2,8,0.8,0.001,2.6666666666666665,659,,6,659.0
660,32,2,8,0.8,0.0001,2.6666666666666665,660,,7,660.0
661,32,2,8,0.8,1e-05,2.6666666666666665,661,,0,661.0
662,32,2,8,0.8,1e-06,2.6666666666666665,662,,1,662.0
663,32,2,8,0.9,0.1,2.6666666666666665,663,,2,663.0
664,32,2,8,0.9,0.01,2.6666666666666665,664,,3,664.0
665,32,2,8,0.9,0.001,2.6666666666666665,665,,4,665.0
666,32,2,8,0.9,0.0001,2.6666666666666665,666,,5,666.0
667,32,2,8,0.9,1e-05,2.6666666666666665,667,,6,667.0
668,32,2,8,0.9,1e-06,2.6666666666666665,668,,7,668.0
669,32,4,8,0.0,0.1,2.6666666666666665,669,,0,669.0
670,32,4,8,0.0,0.01,2.6666666666666665,670,,1,670.0
671,32,4,8,0.0,0.001,2.6666666666666665,671,,2,671.0
672,32,4,8,0.0,0.0001,2.6666666666666665,672,,3,672.0
673,32,4,8,0.0,1e-05,2.6666666666666665,673,,4,673.0
674,32,4,8,0.0,1e-06,2.6666666666666665,674,,5,674.0
675,32,4,8,0.01,0.1,2.6666666666666665,675,,6,675.0
676,32,4,8,0.01,0.01,2.6666666666666665,676,,7,676.0
677,32,4,8,0.01,0.001,2.6666666666666665,677,,0,677.0
678,32,4,8,0.01,0.0001,2.6666666666666665,678,,1,678.0
679,32,4,8,0.01,1e-05,2.6666666666666665,679,,2,679.0
680,32,4,8,0.01,1e-06,2.6666666666666665,680,,3,680.0
681,32,4,8,0.1,0.1,2.6666666666666665,681,,4,681.0
682,32,4,8,0.1,0.01,2.6666666666666665,682,,5,682.0
683,32,4,8,0.1,0.001,2.6666666666666665,683,,6,683.0
684,32,4,8,0.1,0.0001,2.6666666666666665,684,,7,684.0
685,32,4,8,0.1,1e-05,2.6666666666666665,685,,0,685.0
686,32,4,8,0.1,1e-06,2.6666666666666665,686,,1,686.0
687,32,4,8,0.2,0.1,2.6666666666666665,687,,2,687.0
688,32,4,8,0.2,0.01,2.6666666666666665,688,,3,688.0
689,32,4,8,0.2,0.001,2.6666666666666665,689,,4,689.0
690,32,4,8,0.2,0.0001,2.6666666666666665,690,,5,690.0
691,32,4,8,0.2,1e-05,2.6666666666666665,691,,6,691.0
692,32,4,8,0.2,1e-06,2.6666666666666665,692,,7,692.0
693,32,4,8,0.5,0.1,2.6666666666666665,693,,0,693.0
694,32,4,8,0.5,0.01,2.6666666666666665,694,,1,694.0
695,32,4,8,0.5,0.001,2.6666666666666665,695,,2,695.0
696,32,4,8,0.5,0.0001,2.6666666666666665,696,,3,696.0
697,32,4,8,0.5,1e-05,2.6666666666666665,697,,4,697.0
698,32,4,8,0.5,1e-06,2.6666666666666665,698,,5,698.0
699,32,4,8,0.8,0.1,2.6666666666666665,699,,6,699.0
700,32,4,8,0.8,0.01,2.6666666666666665,700,,7,700.0
701,32,4,8,0.8,0.001,2.6666666666666665,701,,0,701.0
702,32,4,8,0.8,0.0001,2.6666666666666665,702,,1,702.0
703,32,4,8,0.8,1e-05,2.6666666666666665,703,,2,703.0
704,32,4,8,0.8,1e-06,2.6666666666666665,704,,3,704.0
705,32,4,8,0.9,0.1,2.6666666666666665,705,,4,705.0
706,32,4,8,0.9,0.01,2.6666666666666665,706,,5,706.0
707,32,4,8,0.9,0.001,2.6666666666666665,707,,6,707.0
708,32,4,8,0.9,0.0001,2.6666666666666665,708,,7,708.0
709,32,4,8,0.9,1e-05,2.6666666666666665,709,,0,709.0
710,32,4,8,0.9,1e-06,2.6666666666666665,710,,1,710.0
711,32,6,8,0.0,0.1,2.6666666666666665,711,,2,711.0
712,32,6,8,0.0,0.01,2.6666666666666665,712,,3,712.0
713,32,6,8,0.0,0.001,2.6666666666666665,713,,4,713.0
714,32,6,8,0.0,0.0001,2.6666666666666665,714,,5,714.0
715,32,6,8,0.0,1e-05,2.6666666666666665,715,,6,715.0
716,32,6,8,0.0,1e-06,2.6666666666666665,716,,7,716.0
717,32,6,8,0.01,0.1,2.6666666666666665,717,,0,717.0
718,32,6,8,0.01,0.01,2.6666666666666665,718,,1,718.0
719,32,6,8,0.01,0.001,2.6666666666666665,719,,2,719.0
720,32,6,8,0.01,0.0001,2.6666666666666665,720,,3,720.0
721,32,6,8,0.01,1e-05,2.6666666666666665,721,,4,721.0
722,32,6,8,0.01,1e-06,2.6666666666666665,722,,5,722.0
723,32,6,8,0.1,0.1,2.6666666666666665,723,,6,723.0
724,32,6,8,0.1,0.01,2.6666666666666665,724,,7,724.0
725,32,6,8,0.1,0.001,2.6666666666666665,725,,0,725.0
726,32,6,8,0.1,0.0001,2.6666666666666665,726,,1,726.0
727,32,6,8,0.1,1e-05,2.6666666666666665,727,,2,727.0
728,32,6,8,0.1,1e-06,2.6666666666666665,728,,3,728.0
729,32,6,8,0.2,0.1,2.6666666666666665,729,,4,729.0
730,32,6,8,0.2,0.01,2.6666666666666665,730,,5,730.0
731,32,6,8,0.2,0.001,2.6666666666666665,731,,6,731.0
732,32,6,8,0.2,0.0001,2.6666666666666665,732,,7,732.0
733,32,6,8,0.2,1e-05,2.6666666666666665,733,,0,733.0
734,32,6,8,0.2,1e-06,2.6666666666666665,734,,1,734.0
735,32,6,8,0.5,0.1,2.6666666666666665,735,,2,735.0
736,32,6,8,0.5,0.01,2.6666666666666665,736,,3,736.0
737,32,6,8,0.5,0.001,2.6666666666666665,737,,4,737.0
738,32,6,8,0.5,0.0001,2.6666666666666665,738,,5,738.0
739,32,6,8,0.5,1e-05,2.6666666666666665,739,,6,739.0
740,32,6,8,0.5,1e-06,2.6666666666666665,740,,7,740.0
741,32,6,8,0.8,0.1,2.6666666666666665,741,,0,741.0
742,32,6,8,0.8,0.01,2.6666666666666665,742,,1,742.0
743,32,6,8,0.8,0.001,2.6666666666666665,743,,2,743.0
744,32,6,8,0.8,0.0001,2.6666666666666665,744,,3,744.0
745,32,6,8,0.8,1e-05,2.6666666666666665,745,,4,745.0
746,32,6,8,0.8,1e-06,2.6666666666666665,746,,5,746.0
747,32,6,8,0.9,0.1,2.6666666666666665,747,,6,747.0
748,32,6,8,0.9,0.01,2.6666666666666665,748,,7,748.0
749,32,6,8,0.9,0.001,2.6666666666666665,749,,0,749.0
750,32,6,8,0.9,0.0001,2.6666666666666665,750,,1,750.0
751,32,6,8,0.9,1e-05,2.6666666666666665,751,,2,751.0
752,32,6,8,0.9,1e-06,2.6666666666666665,752,,3,752.0
753,32,8,8,0.0,0.1,2.6666666666666665,753,,4,753.0
754,32,8,8,0.0,0.01,2.6666666666666665,754,,5,754.0
755,32,8,8,0.0,0.001,2.6666666666666665,755,,6,755.0
756,32,8,8,0.0,0.0001,2.6666666666666665,756,,7,756.0
757,32,8,8,0.0,1e-05,2.6666666666666665,757,,0,757.0
758,32,8,8,0.0,1e-06,2.6666666666666665,758,,1,758.0
759,32,8,8,0.01,0.1,2.6666666666666665,759,,2,759.0
760,32,8,8,0.01,0.01,2.6666666666666665,760,,3,760.0
761,32,8,8,0.01,0.001,2.6666666666666665,761,,4,761.0
762,32,8,8,0.01,0.0001,2.6666666666666665,762,,5,762.0
763,32,8,8,0.01,1e-05,2.6666666666666665,763,,6,763.0
764,32,8,8,0.01,1e-06,2.6666666666666665,764,,7,764.0
765,32,8,8,0.1,1e-05,2.6666666666666665,765,,0,765.0
766,32,8,8,0.2,0.01,2.6666666666666665,766,,1,766.0
767,32,8,8,0.2,0.001,2.6666666666666665,767,,0,767.0
768,32,8,8,0.2,0.0001,2.6666666666666665,768,,1,768.0
769,32,8,8,0.2,1e-05,2.6666666666666665,769,,2,769.0
770,32,8,8,0.2,1e-06,2.6666666666666665,770,,3,770.0
771,32,8,8,0.5,0.1,2.6666666666666665,771,,4,771.0
772,32,8,8,0.5,0.01,2.6666666666666665,772,,5,772.0
773,32,8,8,0.5,0.001,2.6666666666666665,773,,6,773.0
774,32,8,8,0.5,0.0001,2.6666666666666665,774,,7,774.0
775,32,8,8,0.5,1e-05,2.6666666666666665,775,,0,775.0
776,32,8,8,0.5,1e-06,2.6666666666666665,776,,1,776.0
777,32,8,8,0.8,0.1,2.6666666666666665,777,,2,777.0
778,32,8,8,0.8,0.01,2.6666666666666665,778,,3,778.0
779,32,8,8,0.8,0.0001,2.6666666666666665,779,,4,779.0
780,32,8,8,0.8,1e-05,2.6666666666666665,780,,5,780.0
781,32,8,8,0.8,1e-06,2.6666666666666665,781,,6,781.0
782,32,8,8,0.9,0.1,2.6666666666666665,782,,0,782.0
783,32,8,8,0.9,0.01,2.6666666666666665,783,,1,783.0
784,32,8,8,0.9,0.001,2.6666666666666665,784,,2,784.0
785,32,8,8,0.9,0.0001,2.6666666666666665,785,,3,785.0
786,32,8,8,0.9,1e-05,2.6666666666666665,786,,4,786.0
787,32,8,8,0.9,1e-06,2.6666666666666665,787,,5,787.0
788,32,10,8,0.0,0.1,2.6666666666666665,788,,6,788.0
789,32,10,8,0.0,0.01,2.6666666666666665,789,,7,789.0
790,32,10,8,0.0,0.001,2.6666666666666665,790,,0,790.0
791,32,10,8,0.0,0.0001,2.6666666666666665,791,,1,791.0
792,32,10,8,0.0,1e-05,2.6666666666666665,792,,2,792.0
793,32,10,8,0.0,1e-06,2.6666666666666665,793,,3,793.0
794,32,10,8,0.01,0.1,2.6666666666666665,794,,4,794.0
795,32,10,8,0.01,0.01,2.6666666666666665,795,,5,795.0
796,32,10,8,0.01,0.001,2.6666666666666665,796,,6,796.0
797,32,10,8,0.01,0.0001,2.6666666666666665,797,,7,797.0
798,32,10,8,0.01,1e-05,2.6666666666666665,798,,0,798.0
799,32,10,8,0.01,1e-06,2.6666666666666665,799,,1,799.0
800,32,10,8,0.1,0.1,2.6666666666666665,800,,2,800.0
801,32,10,8,0.1,0.01,2.6666666666666665,801,,3,801.0
802,32,10,8,0.1,0.001,2.6666666666666665,802,,4,802.0
803,32,10,8,0.1,0.0001,2.6666666666666665,803,,5,803.0
804,32,10,8,0.1,1e-05,2.6666666666666665,804,,6,804.0
805,32,10,8,0.1,1e-06,2.6666666666666665,805,,7,805.0
806,32,10,8,0.2,0.1,2.6666666666666665,806,,0,806.0
807,32,10,8,0.2,0.01,2.6666666666666665,807,,1,807.0
808,32,10,8,0.2,0.001,2.6666666666666665,808,,2,808.0
809,32,10,8,0.2,0.0001,2.6666666666666665,809,,3,809.0
810,32,10,8,0.2,1e-05,2.6666666666666665,810,,4,810.0
811,32,10,8,0.2,1e-06,2.6666666666666665,811,,5,811.0
812,32,10,8,0.5,0.1,2.6666666666666665,812,,6,812.0
813,32,10,8,0.5,0.01,2.6666666666666665,813,,7,813.0
814,32,10,8,0.5,0.001,2.6666666666666665,814,,0,814.0
815,32,10,8,0.5,0.0001,2.6666666666666665,815,,1,815.0
816,32,10,8,0.5,1e-05,2.6666666666666665,816,,2,816.0
817,32,10,8,0.5,1e-06,2.6666666666666665,817,,3,817.0
818,32,10,8,0.8,0.1,2.6666666666666665,818,,4,818.0
819,32,10,8,0.8,0.01,2.6666666666666665,819,,5,819.0
820,32,10,8,0.8,0.001,2.6666666666666665,820,,6,820.0
821,32,10,8,0.8,0.0001,2.6666666666666665,821,,7,821.0
822,32,10,8,0.8,1e-05,2.6666666666666665,822,,0,822.0
823,32,10,8,0.8,1e-06,2.6666666666666665,823,,1,823.0
824,32,10,8,0.9,0.1,2.6666666666666665,824,,2,824.0
825,32,10,8,0.9,0.01,2.6666666666666665,825,,3,825.0
826,32,10,8,0.9,0.001,2.6666666666666665,826,,4,826.0
827,32,10,8,0.9,0.0001,2.6666666666666665,827,,5,827.0
828,32,10,8,0.9,1e-05,2.6666666666666665,828,,6,828.0
829,32,10,8,0.9,1e-06,2.6666666666666665,829,,7,829.0
830,4,2,8,0.3,0.1,2.6666666666666665,830,,0,0.0
831,4,2,8,0.3,0.01,2.6666666666666665,831,,1,1.0
832,4,2,8,0.3,0.001,2.6666666666666665,832,,2,2.0
833,4,2,8,0.3,0.0001,2.6666666666666665,833,,3,3.0
834,4,2,8,0.3,1e-05,2.6666666666666665,834,,4,4.0
835,4,2,8,0.3,1e-06,2.6666666666666665,835,,5,5.0
836,4,2,8,0.4,0.1,2.6666666666666665,836,,6,6.0
837,4,2,8,0.4,0.01,2.6666666666666665,837,,7,7.0
838,4,2,8,0.4,0.001,2.6666666666666665,838,,0,8.0
839,4,2,8,0.4,0.0001,2.6666666666666665,839,,1,9.0
840,4,2,8,0.4,1e-05,2.6666666666666665,840,,2,10.0
841,4,2,8,0.4,1e-06,2.6666666666666665,841,,3,11.0
842,4,2,8,0.6,0.1,2.6666666666666665,842,,4,12.0
843,4,2,8,0.6,0.01,2.6666666666666665,843,,5,13.0
844,4,2,8,0.6,0.001,2.6666666666666665,844,,6,14.0
845,4,2,8,0.6,0.0001,2.6666666666666665,845,,7,15.0
846,4,2,8,0.6,1e-05,2.6666666666666665,846,,0,16.0
847,4,2,8,0.6,1e-06,2.6666666666666665,847,,1,17.0
848,4,2,8,0.7,0.1,2.6666666666666665,848,,2,18.0
849,4,2,8,0.7,0.01,2.6666666666666665,849,,3,19.0
850,4,2,8,0.7,0.001,2.6666666666666665,850,,4,20.0
851,4,2,8,0.7,0.0001,2.6666666666666665,851,,5,21.0
852,4,2,8,0.7,1e-05,2.6666666666666665,852,,6,22.0
853,4,2,8,0.7,1e-06,2.6666666666666665,853,,7,23.0
854,4,4,8,0.3,0.1,2.6666666666666665,854,,0,24.0
855,4,4,8,0.3,0.01,2.6666666666666665,855,,1,25.0
856,4,4,8,0.3,0.001,2.6666666666666665,856,,2,26.0
857,4,4,8,0.3,0.0001,2.6666666666666665,857,,3,27.0
858,4,4,8,0.3,1e-05,2.6666666666666665,858,,4,28.0
859,4,4,8,0.3,1e-06,2.6666666666666665,859,,5,29.0
860,4,4,8,0.4,0.1,2.6666666666666665,860,,6,30.0
861,4,4,8,0.4,0.01,2.6666666666666665,861,,7,31.0
862,4,4,8,0.4,0.001,2.6666666666666665,862,,0,32.0
863,4,4,8,0.4,0.0001,2.6666666666666665,863,,1,33.0
864,4,4,8,0.4,1e-05,2.6666666666666665,864,,2,34.0
865,4,4,8,0.4,1e-06,2.6666666666666665,865,,3,35.0
866,4,4,8,0.6,0.1,2.6666666666666665,866,,4,36.0
867,4,4,8,0.6,0.01,2.6666666666666665,867,,5,37.0
868,4,4,8,0.6,0.001,2.6666666666666665,868,,6,38.0
869,4,4,8,0.6,0.0001,2.6666666666666665,869,,7,39.0
870,4,4,8,0.6,1e-05,2.6666666666666665,870,,0,40.0
871,4,4,8,0.6,1e-06,2.6666666666666665,871,,1,41.0
872,4,4,8,0.7,0.1,2.6666666666666665,872,,2,42.0
873,4,4,8,0.7,0.01,2.6666666666666665,873,,3,43.0
874,4,4,8,0.7,0.001,2.6666666666666665,874,,4,44.0
875,4,4,8,0.7,0.0001,2.6666666666666665,875,,5,45.0
876,4,4,8,0.7,1e-05,2.6666666666666665,876,,6,46.0
877,4,4,8,0.7,1e-06,2.6666666666666665,877,,7,47.0
878,4,6,8,0.3,0.1,2.6666666666666665,878,,0,48.0
879,4,6,8,0.3,0.01,2.6666666666666665,879,,1,49.0
880,4,6,8,0.3,0.001,2.6666666666666665,880,,2,50.0
881,4,6,8,0.3,0.0001,2.6666666666666665,881,,3,51.0
882,4,6,8,0.3,1e-05,2.6666666666666665,882,,4,52.0
883,4,6,8,0.3,1e-06,2.6666666666666665,883,,5,53.0
884,4,6,8,0.4,0.1,2.6666666666666665,884,,6,54.0
885,4,6,8,0.4,0.01,2.6666666666666665,885,,7,55.0
886,4,6,8,0.4,0.001,2.6666666666666665,886,,0,56.0
887,4,6,8,0.4,0.0001,2.6666666666666665,887,,1,57.0
888,4,6,8,0.4,1e-05,2.6666666666666665,888,,2,58.0
889,4,6,8,0.4,1e-06,2.6666666666666665,889,,3,59.0
890,4,6,8,0.6,0.1,2.6666666666666665,890,,4,60.0
891,4,6,8,0.6,0.01,2.6666666666666665,891,,5,61.0
892,4,6,8,0.6,0.001,2.6666666666666665,892,,6,62.0
893,4,6,8,0.6,0.0001,2.6666666666666665,893,,7,63.0
894,4,6,8,0.6,1e-05,2.6666666666666665,894,,0,64.0
895,4,6,8,0.6,1e-06,2.6666666666666665,895,,1,65.0
896,4,6,8,0.7,0.1,2.6666666666666665,896,,2,66.0
897,4,6,8,0.7,0.01,2.6666666666666665,897,,3,67.0
898,4,6,8,0.7,0.001,2.6666666666666665,898,,4,68.0
899,4,6,8,0.7,0.0001,2.6666666666666665,899,,5,69.0
900,4,6,8,0.7,1e-05,2.6666666666666665,900,,6,70.0
901,4,6,8,0.7,1e-06,2.6666666666666665,901,,7,71.0
902,4,8,8,0.3,0.1,2.6666666666666665,902,,0,72.0
903,4,8,8,0.3,0.01,2.6666666666666665,903,,1,73.0
904,4,8,8,0.3,0.001,2.6666666666666665,904,,2,74.0
905,4,8,8,0.3,0.0001,2.6666666666666665,905,,3,75.0
906,4,8,8,0.3,1e-05,2.6666666666666665,906,,4,76.0
907,4,8,8,0.3,1e-06,2.6666666666666665,907,,5,77.0
908,4,8,8,0.4,0.1,2.6666666666666665,908,,6,78.0
909,4,8,8,0.4,0.01,2.6666666666666665,909,,7,79.0
910,4,8,8,0.4,0.001,2.6666666666666665,910,,0,80.0
911,4,8,8,0.4,0.0001,2.6666666666666665,911,,1,81.0
912,4,8,8,0.4,1e-05,2.6666666666666665,912,,2,82.0
913,4,8,8,0.4,1e-06,2.6666666666666665,913,,3,83.0
914,4,8,8,0.6,0.1,2.6666666666666665,914,,4,84.0
915,4,8,8,0.6,0.01,2.6666666666666665,915,,5,85.0
916,4,8,8,0.6,0.001,2.6666666666666665,916,,6,86.0
917,4,8,8,0.6,0.0001,2.6666666666666665,917,,7,87.0
918,4,8,8,0.6,1e-05,2.6666666666666665,918,,0,88.0
919,4,8,8,0.6,1e-06,2.6666666666666665,919,,1,89.0
920,4,8,8,0.7,0.1,2.6666666666666665,920,,2,90.0
921,4,8,8,0.7,0.01,2.6666666666666665,921,,3,91.0
922,4,8,8,0.7,0.001,2.6666666666666665,922,,4,92.0
923,4,8,8,0.7,0.0001,2.6666666666666665,923,,5,93.0
924,4,8,8,0.7,1e-05,2.6666666666666665,924,,6,94.0
925,4,8,8,0.7,1e-06,2.6666666666666665,925,,7,95.0
926,4,10,8,0.3,0.1,2.6666666666666665,926,,0,96.0
927,4,10,8,0.3,0.01,2.6666666666666665,927,,1,97.0
928,4,10,8,0.3,0.001,2.6666666666666665,928,,2,98.0
929,4,10,8,0.3,0.0001,2.6666666666666665,929,,3,99.0
930,4,10,8,0.3,1e-05,2.6666666666666665,930,,4,100.0
931,4,10,8,0.3,1e-06,2.6666666666666665,931,,5,101.0
932,4,10,8,0.4,0.1,2.6666666666666665,932,,6,102.0
933,4,10,8,0.4,0.01,2.6666666666666665,933,,7,103.0
934,4,10,8,0.4,0.001,2.6666666666666665,934,,0,104.0
935,4,10,8,0.4,0.0001,2.6666666666666665,935,,1,105.0
936,4,10,8,0.4,1e-05,2.6666666666666665,936,,2,106.0
937,4,10,8,0.4,1e-06,2.6666666666666665,937,,3,107.0
938,4,10,8,0.6,0.1,2.6666666666666665,938,,4,108.0
939,4,10,8,0.6,0.01,2.6666666666666665,939,,5,109.0
940,4,10,8,0.6,0.001,2.6666666666666665,940,,6,110.0
941,4,10,8,0.6,0.0001,2.6666666666666665,941,,7,111.0
942,4,10,8,0.6,1e-05,2.6666666666666665,942,,0,112.0
943,4,10,8,0.6,1e-06,2.6666666666666665,943,,1,113.0
944,4,10,8,0.7,0.1,2.6666666666666665,944,,2,114.0
945,4,10,8,0.7,0.01,2.6666666666666665,945,,3,115.0
946,4,10,8,0.7,0.001,2.6666666666666665,946,,4,116.0
947,4,10,8,0.7,0.0001,2.6666666666666665,947,,5,117.0
948,4,10,8,0.7,1e-05,2.6666666666666665,948,,6,118.0
949,4,10,8,0.7,1e-06,2.6666666666666665,949,,7,119.0
950,8,2,8,0.3,0.1,2.6666666666666665,950,,0,120.0
951,8,2,8,0.3,0.01,2.6666666666666665,951,,1,121.0
952,8,2,8,0.3,0.001,2.6666666666666665,952,,2,122.0
953,8,2,8,0.3,0.0001,2.6666666666666665,953,,3,123.0
954,8,2,8,0.3,1e-05,2.6666666666666665,954,,4,124.0
955,8,2,8,0.3,1e-06,2.6666666666666665,955,,5,125.0
956,8,2,8,0.4,0.1,2.6666666666666665,956,,6,126.0
957,8,2,8,0.4,0.01,2.6666666666666665,957,,7,127.0
958,8,2,8,0.4,0.001,2.6666666666666665,958,,0,128.0
959,8,2,8,0.4,0.0001,2.6666666666666665,959,,1,129.0
960,8,2,8,0.4,1e-05,2.6666666666666665,960,,2,130.0
961,8,2,8,0.4,1e-06,2.6666666666666665,961,,3,131.0
962,8,2,8,0.6,0.1,2.6666666666666665,962,,4,132.0
963,8,2,8,0.6,0.01,2.6666666666666665,963,,5,133.0
964,8,2,8,0.6,0.001,2.6666666666666665,964,,6,134.0
965,8,2,8,0.6,0.0001,2.6666666666666665,965,,7,135.0
966,8,2,8,0.6,1e-05,2.6666666666666665,966,,0,136.0
967,8,2,8,0.6,1e-06,2.6666666666666665,967,,1,137.0
968,8,2,8,0.7,0.1,2.6666666666666665,968,,2,138.0
969,8,2,8,0.7,0.01,2.6666666666666665,969,,3,139.0
970,8,2,8,0.7,0.001,2.6666666666666665,970,,4,140.0
971,8,2,8,0.7,0.0001,2.6666666666666665,971,,5,141.0
972,8,2,8,0.7,1e-05,2.6666666666666665,972,,6,142.0
973,8,2,8,0.7,1e-06,2.6666666666666665,973,,7,143.0
974,8,4,8,0.3,0.1,2.6666666666666665,974,,0,144.0
975,8,4,8,0.3,0.01,2.6666666666666665,975,,1,145.0
976,8,4,8,0.3,0.001,2.6666666666666665,976,,2,146.0
977,8,4,8,0.3,0.0001,2.6666666666666665,977,,3,147.0
978,8,4,8,0.3,1e-05,2.6666666666666665,978,,4,148.0
979,8,4,8,0.3,1e-06,2.6666666666666665,979,,5,149.0
980,8,4,8,0.4,0.1,2.6666666666666665,980,,6,150.0
981,8,4,8,0.4,0.01,2.6666666666666665,981,,7,151.0
982,8,4,8,0.4,0.001,2.6666666666666665,982,,0,152.0
983,8,4,8,0.4,0.0001,2.6666666666666665,983,,1,153.0
984,8,4,8,0.4,1e-05,2.6666666666666665,984,,2,154.0
985,8,4,8,0.4,1e-06,2.6666666666666665,985,,3,155.0
986,8,4,8,0.6,0.1,2.6666666666666665,986,,4,156.0
987,8,4,8,0.6,0.01,2.6666666666666665,987,,5,157.0
988,8,4,8,0.6,0.001,2.6666666666666665,988,,6,158.0
989,8,4,8,0.6,0.0001,2.6666666666666665,989,,7,159.0
990,8,4,8,0.6,1e-05,2.6666666666666665,990,,0,160.0
991,8,4,8,0.6,1e-06,2.6666666666666665,991,,1,161.0
992,8,4,8,0.7,0.1,2.6666666666666665,992,,2,162.0
993,8,4,8,0.7,0.01,2.6666666666666665,993,,3,163.0
994,8,4,8,0.7,0.001,2.6666666666666665,994,,4,164.0
995,8,4,8,0.7,0.0001,2.6666666666666665,995,,5,165.0
996,8,4,8,0.7,1e-05,2.6666666666666665,996,,6,166.0
997,8,4,8,0.7,1e-06,2.6666666666666665,997,,7,167.0
998,8,6,8,0.3,0.1,2.6666666666666665,998,,0,168.0
999,8,6,8,0.3,0.01,2.6666666666666665,999,,1,169.0
1000,8,6,8,0.3,0.001,2.6666666666666665,1000,,2,170.0
1001,8,6,8,0.3,0.0001,2.6666666666666665,1001,,3,171.0
1002,8,6,8,0.3,1e-05,2.6666666666666665,1002,,4,172.0
1003,8,6,8,0.3,1e-06,2.6666666666666665,1003,,5,173.0
1004,8,6,8,0.4,0.1,2.6666666666666665,1004,,6,174.0
1005,8,6,8,0.4,0.01,2.6666666666666665,1005,,7,175.0
1006,8,6,8,0.4,0.001,2.6666666666666665,1006,,0,176.0
1007,8,6,8,0.4,0.0001,2.6666666666666665,1007,,1,177.0
1008,8,6,8,0.4,1e-05,2.6666666666666665,1008,,2,178.0
1009,8,6,8,0.4,1e-06,2.6666666666666665,1009,,3,179.0
1010,8,6,8,0.6,0.1,2.6666666666666665,1010,,4,180.0
1011,8,6,8,0.6,0.01,2.6666666666666665,1011,,5,181.0
1012,8,6,8,0.6,0.001,2.6666666666666665,1012,,6,182.0
1013,8,6,8,0.6,0.0001,2.6666666666666665,1013,,7,183.0
1014,8,6,8,0.6,1e-05,2.6666666666666665,1014,,0,184.0
1015,8,6,8,0.6,1e-06,2.6666666666666665,1015,,1,185.0
1016,8,6,8,0.7,0.1,2.6666666666666665,1016,,2,186.0
1017,8,6,8,0.7,0.01,2.6666666666666665,1017,,3,187.0
1018,8,6,8,0.7,0.001,2.6666666666666665,1018,,4,188.0
1019,8,6,8,0.7,0.0001,2.6666666666666665,1019,,5,189.0
1020,8,6,8,0.7,1e-05,2.6666666666666665,1020,,6,190.0
1021,8,6,8,0.7,1e-06,2.6666666666666665,1021,,7,191.0
1022,8,8,8,0.3,0.1,2.6666666666666665,1022,,0,192.0
1023,8,8,8,0.3,0.01,2.6666666666666665,1023,,1,193.0
1024,8,8,8,0.3,0.001,2.6666666666666665,1024,,2,194.0
1025,8,8,8,0.3,0.0001,2.6666666666666665,1025,,3,195.0
1026,8,8,8,0.3,1e-05,2.6666666666666665,1026,,4,196.0
1027,8,8,8,0.3,1e-06,2.6666666666666665,1027,,5,197.0
1028,8,8,8,0.4,0.1,2.6666666666666665,1028,,6,198.0
1029,8,8,8,0.4,0.01,2.6666666666666665,1029,,7,199.0
1030,8,8,8,0.4,0.001,2.6666666666666665,1030,,0,200.0
1031,8,8,8,0.4,0.0001,2.6666666666666665,1031,,1,201.0
1032,8,8,8,0.4,1e-05,2.6666666666666665,1032,,2,202.0
1033,8,8,8,0.4,1e-06,2.6666666666666665,1033,,3,203.0
1034,8,8,8,0.6,0.1,2.6666666666666665,1034,,4,204.0
1035,8,8,8,0.6,0.01,2.6666666666666665,1035,,5,205.0
1036,8,8,8,0.6,0.001,2.6666666666666665,1036,,6,206.0
1037,8,8,8,0.6,0.0001,2.6666666666666665,1037,,7,207.0
1038,8,8,8,0.6,1e-05,2.6666666666666665,1038,,0,208.0
1039,8,8,8,0.6,1e-06,2.6666666666666665,1039,,1,209.0
1040,8,8,8,0.7,0.1,2.6666666666666665,1040,,2,210.0
1041,8,8,8,0.7,0.01,2.6666666666666665,1041,,3,211.0
1042,8,8,8,0.7,0.001,2.6666666666666665,1042,,4,212.0
1043,8,8,8,0.7,0.0001,2.6666666666666665,1043,,5,213.0
1044,8,8,8,0.7,1e-05,2.6666666666666665,1044,,6,214.0
1045,8,8,8,0.7,1e-06,2.6666666666666665,1045,,7,215.0
1046,8,10,8,0.3,0.1,2.6666666666666665,1046,,0,216.0
1047,8,10,8,0.3,0.01,2.6666666666666665,1047,,1,217.0
1048,8,10,8,0.3,0.001,2.6666666666666665,1048,,2,218.0
1049,8,10,8,0.3,0.0001,2.6666666666666665,1049,,3,219.0
1050,8,10,8,0.3,1e-05,2.6666666666666665,1050,,4,220.0
1051,8,10,8,0.3,1e-06,2.6666666666666665,1051,,5,221.0
1052,8,10,8,0.4,0.1,2.6666666666666665,1052,,6,222.0
1053,8,10,8,0.4,0.01,2.6666666666666665,1053,,7,223.0
1054,8,10,8,0.4,0.001,2.6666666666666665,1054,,0,224.0
1055,8,10,8,0.4,0.0001,2.6666666666666665,1055,,1,225.0
1056,8,10,8,0.4,1e-05,2.6666666666666665,1056,,2,226.0
1057,8,10,8,0.4,1e-06,2.6666666666666665,1057,,3,227.0
1058,8,10,8,0.6,0.1,2.6666666666666665,1058,,4,228.0
1059,8,10,8,0.6,0.01,2.6666666666666665,1059,,5,229.0
1060,8,10,8,0.6,0.001,2.6666666666666665,1060,,6,230.0
1061,8,10,8,0.6,0.0001,2.6666666666666665,1061,,7,231.0
1062,8,10,8,0.6,1e-05,2.6666666666666665,1062,,0,232.0
1063,8,10,8,0.6,1e-06,2.6666666666666665,1063,,1,233.0
1064,8,10,8,0.7,0.1,2.6666666666666665,1064,,2,234.0
1065,8,10,8,0.7,0.01,2.6666666666666665,1065,,3,235.0
1066,8,10,8,0.7,0.001,2.6666666666666665,1066,,4,236.0
1067,8,10,8,0.7,0.0001,2.6666666666666665,1067,,5,237.0
1068,8,10,8,0.7,1e-05,2.6666666666666665,1068,,6,238.0
1069,8,10,8,0.7,1e-06,2.6666666666666665,1069,,7,239.0
1070,16,2,8,0.3,0.1,2.6666666666666665,1070,,0,240.0
1071,16,2,8,0.3,0.01,2.6666666666666665,1071,,1,241.0
1072,16,2,8,0.3,0.001,2.6666666666666665,1072,,2,242.0
1073,16,2,8,0.3,0.0001,2.6666666666666665,1073,,3,243.0
1074,16,2,8,0.3,1e-05,2.6666666666666665,1074,,4,244.0
1075,16,2,8,0.3,1e-06,2.6666666666666665,1075,,5,245.0
1076,16,2,8,0.4,0.1,2.6666666666666665,1076,,6,246.0
1077,16,2,8,0.4,0.01,2.6666666666666665,1077,,7,247.0
1078,16,2,8,0.4,0.001,2.6666666666666665,1078,,0,248.0
1079,16,2,8,0.4,0.0001,2.6666666666666665,1079,,1,249.0
1080,16,2,8,0.4,1e-05,2.6666666666666665,1080,,2,250.0
1081,16,2,8,0.4,1e-06,2.6666666666666665,1081,,3,251.0
1082,16,2,8,0.6,0.1,2.6666666666666665,1082,,4,252.0
1083,16,2,8,0.6,0.01,2.6666666666666665,1083,,5,253.0
1084,16,2,8,0.6,0.001,2.6666666666666665,1084,,6,254.0
1085,16,2,8,0.6,0.0001,2.6666666666666665,1085,,7,255.0
1086,16,2,8,0.6,1e-05,2.6666666666666665,1086,,0,256.0
1087,16,2,8,0.6,1e-06,2.6666666666666665,1087,,1,257.0
1088,16,2,8,0.7,0.1,2.6666666666666665,1088,,2,258.0
1089,16,2,8,0.7,0.01,2.6666666666666665,1089,,3,259.0
1090,16,2,8,0.7,0.001,2.6666666666666665,1090,,4,260.0
1091,16,2,8,0.7,0.0001,2.6666666666666665,1091,,5,261.0
1092,16,2,8,0.7,1e-05,2.6666666666666665,1092,,6,262.0
1093,16,2,8,0.7,1e-06,2.6666666666666665,1093,,7,263.0
1094,16,4,8,0.3,0.1,2.6666666666666665,1094,,0,264.0
1095,16,4,8,0.3,0.01,2.6666666666666665,1095,,1,265.0
1096,16,4,8,0.3,0.001,2.6666666666666665,1096,,2,266.0
1097,16,4,8,0.3,0.0001,2.6666666666666665,1097,,3,267.0
1098,16,4,8,0.3,1e-05,2.6666666666666665,1098,,4,268.0
1099,16,4,8,0.3,1e-06,2.6666666666666665,1099,,5,269.0
1100,16,4,8,0.4,0.1,2.6666666666666665,1100,,6,270.0
1101,16,4,8,0.4,0.01,2.6666666666666665,1101,,7,271.0
1102,16,4,8,0.4,0.001,2.6666666666666665,1102,,0,272.0
1103,16,4,8,0.4,0.0001,2.6666666666666665,1103,,1,273.0
1104,16,4,8,0.4,1e-05,2.6666666666666665,1104,,2,274.0
1105,16,4,8,0.4,1e-06,2.6666666666666665,1105,,3,275.0
1106,16,4,8,0.6,0.1,2.6666666666666665,1106,,4,276.0
1107,16,4,8,0.6,0.01,2.6666666666666665,1107,,5,277.0
1108,16,4,8,0.6,0.001,2.6666666666666665,1108,,6,278.0
1109,16,4,8,0.6,0.0001,2.6666666666666665,1109,,7,279.0
1110,16,4,8,0.6,1e-05,2.6666666666666665,1110,,0,280.0
1111,16,4,8,0.6,1e-06,2.6666666666666665,1111,,1,281.0
1112,16,4,8,0.7,0.1,2.6666666666666665,1112,,2,282.0
1113,16,4,8,0.7,0.01,2.6666666666666665,1113,,3,283.0
1114,16,4,8,0.7,0.001,2.6666666666666665,1114,,4,284.0
1115,16,4,8,0.7,0.0001,2.6666666666666665,1115,,5,285.0
1116,16,4,8,0.7,1e-05,2.6666666666666665,1116,,6,286.0
1117,16,4,8,0.7,1e-06,2.6666666666666665,1117,,7,287.0
1118,16,6,8,0.3,0.1,2.6666666666666665,1118,,0,288.0
1119,16,6,8,0.3,0.01,2.6666666666666665,1119,,1,289.0
1120,16,6,8,0.3,0.001,2.6666666666666665,1120,,2,290.0
1121,16,6,8,0.3,0.0001,2.6666666666666665,1121,,3,291.0
1122,16,6,8,0.3,1e-05,2.6666666666666665,1122,,4,292.0
1123,16,6,8,0.3,1e-06,2.6666666666666665,1123,,5,293.0
1124,16,6,8,0.4,0.1,2.6666666666666665,1124,,6,294.0
1125,16,6,8,0.4,0.01,2.6666666666666665,1125,,7,295.0
1126,16,6,8,0.4,0.001,2.6666666666666665,1126,,0,296.0
1127,16,6,8,0.4,0.0001,2.6666666666666665,1127,,1,297.0
1128,16,6,8,0.4,1e-05,2.6666666666666665,1128,,2,298.0
1129,16,6,8,0.4,1e-06,2.6666666666666665,1129,,3,299.0
1130,16,6,8,0.6,0.1,2.6666666666666665,1130,,4,300.0
1131,16,6,8,0.6,0.01,2.6666666666666665,1131,,5,301.0
1132,16,6,8,0.6,0.001,2.6666666666666665,1132,,6,302.0
1133,16,6,8,0.6,0.0001,2.6666666666666665,1133,,7,303.0
1134,16,6,8,0.6,1e-05,2.6666666666666665,1134,,0,304.0
1135,16,6,8,0.6,1e-06,2.6666666666666665,1135,,1,305.0
1136,16,6,8,0.7,0.1,2.6666666666666665,1136,,2,306.0
1137,16,6,8,0.7,0.01,2.6666666666666665,1137,,3,307.0
1138,16,6,8,0.7,0.001,2.6666666666666665,1138,,4,308.0
1139,16,6,8,0.7,0.0001,2.6666666666666665,1139,,5,309.0
1140,16,6,8,0.7,1e-05,2.6666666666666665,1140,,6,310.0
1141,16,6,8,0.7,1e-06,2.6666666666666665,1141,,7,311.0
1142,16,8,8,0.3,0.1,2.6666666666666665,1142,,0,312.0
1143,16,8,8,0.3,0.01,2.6666666666666665,1143,,1,313.0
1144,16,8,8,0.3,0.001,2.6666666666666665,1144,,2,314.0
1145,16,8,8,0.3,0.0001,2.6666666666666665,1145,,3,315.0
1146,16,8,8,0.3,1e-05,2.6666666666666665,1146,,4,316.0
1147,16,8,8,0.3,1e-06,2.6666666666666665,1147,,5,317.0
1148,16,8,8,0.4,0.1,2.6666666666666665,1148,,6,318.0
1149,16,8,8,0.4,0.01,2.6666666666666665,1149,,7,319.0
1150,16,8,8,0.4,0.001,2.6666666666666665,1150,,0,320.0
1151,16,8,8,0.4,0.0001,2.6666666666666665,1151,,1,321.0
1152,16,8,8,0.4,1e-05,2.6666666666666665,1152,,2,322.0
1153,16,8,8,0.4,1e-06,2.6666666666666665,1153,,3,323.0
1154,16,8,8,0.6,0.1,2.6666666666666665,1154,,4,324.0
1155,16,8,8,0.6,0.01,2.6666666666666665,1155,,5,325.0
1156,16,8,8,0.6,0.001,2.6666666666666665,1156,,6,326.0
1157,16,8,8,0.6,0.0001,2.6666666666666665,1157,,7,327.0
1158,16,8,8,0.6,1e-05,2.6666666666666665,1158,,0,328.0
1159,16,8,8,0.6,1e-06,2.6666666666666665,1159,,1,329.0
1160,16,8,8,0.7,0.1,2.6666666666666665,1160,,2,330.0
1161,16,8,8,0.7,0.01,2.6666666666666665,1161,,3,331.0
1162,16,8,8,0.7,0.001,2.6666666666666665,1162,,4,332.0
1163,16,8,8,0.7,0.0001,2.6666666666666665,1163,,5,333.0
1164,16,8,8,0.7,1e-05,2.6666666666666665,1164,,6,334.0
1165,16,8,8,0.7,1e-06,2.6666666666666665,1165,,7,335.0
1166,16,10,8,0.3,0.1,2.6666666666666665,1166,,0,336.0
1167,16,10,8,0.3,0.01,2.6666666666666665,1167,,1,337.0
1168,16,10,8,0.3,0.001,2.6666666666666665,1168,,2,338.0
1169,16,10,8,0.3,0.0001,2.6666666666666665,1169,,3,339.0
1170,16,10,8,0.3,1e-05,2.6666666666666665,1170,,4,340.0
1171,16,10,8,0.3,1e-06,2.6666666666666665,1171,,5,341.0
1172,16,10,8,0.4,0.1,2.6666666666666665,1172,,6,342.0
1173,16,10,8,0.4,0.01,2.6666666666666665,1173,,7,343.0
1174,16,10,8,0.4,0.001,2.6666666666666665,1174,,0,344.0
1175,16,10,8,0.4,0.0001,2.6666666666666665,1175,,1,345.0
1176,16,10,8,0.4,1e-05,2.6666666666666665,1176,,2,346.0
1177,16,10,8,0.4,1e-06,2.6666666666666665,1177,,3,347.0
1178,16,10,8,0.6,0.1,2.6666666666666665,1178,,4,348.0
1179,16,10,8,0.6,0.01,2.6666666666666665,1179,,5,349.0
1180,16,10,8,0.6,0.001,2.6666666666666665,1180,,6,350.0
1181,16,10,8,0.6,0.0001,2.6666666666666665,1181,,7,351.0
1182,16,10,8,0.6,1e-05,2.6666666666666665,1182,,0,352.0
1183,16,10,8,0.6,1e-06,2.6666666666666665,1183,,1,353.0
1184,16,10,8,0.7,0.1,2.6666666666666665,1184,,2,354.0
1185,16,10,8,0.7,0.01,2.6666666666666665,1185,,3,355.0
1186,16,10,8,0.7,0.001,2.6666666666666665,1186,,4,356.0
1187,16,10,8,0.7,0.0001,2.6666666666666665,1187,,5,357.0
1188,16,10,8,0.7,1e-05,2.6666666666666665,1188,,6,358.0
1189,16,10,8,0.7,1e-06,2.6666666666666665,1189,,7,359.0
1190,32,2,8,0.3,0.1,2.6666666666666665,1190,,0,360.0
1191,32,2,8,0.3,0.01,2.6666666666666665,1191,,1,361.0
1192,32,2,8,0.3,0.001,2.6666666666666665,1192,,2,362.0
1193,32,2,8,0.3,0.0001,2.6666666666666665,1193,,3,363.0
1194,32,2,8,0.3,1e-05,2.6666666666666665,1194,,4,364.0
1195,32,2,8,0.3,1e-06,2.6666666666666665,1195,,5,365.0
1196,32,2,8,0.4,0.1,2.6666666666666665,1196,,6,366.0
1197,32,2,8,0.4,0.01,2.6666666666666665,1197,,7,367.0
1198,32,2,8,0.4,0.001,2.6666666666666665,1198,,0,368.0
1199,32,2,8,0.4,0.0001,2.6666666666666665,1199,,1,369.0
1200,32,2,8,0.4,1e-05,2.6666666666666665,1200,,2,370.0
1201,32,2,8,0.4,1e-06,2.6666666666666665,1201,,3,371.0
1202,32,2,8,0.6,0.1,2.6666666666666665,1202,,4,372.0
1203,32,2,8,0.6,0.01,2.6666666666666665,1203,,5,373.0
1204,32,2,8,0.6,0.001,2.6666666666666665,1204,,6,374.0
1205,32,2,8,0.6,0.0001,2.6666666666666665,1205,,7,375.0
1206,32,2,8,0.6,1e-05,2.6666666666666665,1206,,0,376.0
1207,32,2,8,0.6,1e-06,2.6666666666666665,1207,,1,377.0
1208,32,2,8,0.7,0.1,2.6666666666666665,1208,,2,378.0
1209,32,2,8,0.7,0.01,2.6666666666666665,1209,,3,379.0
1210,32,2,8,0.7,0.001,2.6666666666666665,1210,,4,380.0
1211,32,2,8,0.7,0.0001,2.6666666666666665,1211,,5,381.0
1212,32,2,8,0.7,1e-05,2.6666666666666665,1212,,6,382.0
1213,32,2,8,0.7,1e-06,2.6666666666666665,1213,,7,383.0
1214,32,4,8,0.3,0.1,2.6666666666666665,1214,,0,384.0
1215,32,4,8,0.3,0.01,2.6666666666666665,1215,,1,385.0
1216,32,4,8,0.3,0.001,2.6666666666666665,1216,,2,386.0
1217,32,4,8,0.3,0.0001,2.6666666666666665,1217,,3,387.0
1218,32,4,8,0.3,1e-05,2.6666666666666665,1218,,4,388.0
1219,32,4,8,0.3,1e-06,2.6666666666666665,1219,,5,389.0
1220,32,4,8,0.4,0.1,2.6666666666666665,1220,,6,390.0
1221,32,4,8,0.4,0.01,2.6666666666666665,1221,,7,391.0
1222,32,4,8,0.4,0.001,2.6666666666666665,1222,,0,392.0
1223,32,4,8,0.4,0.0001,2.6666666666666665,1223,,1,393.0
1224,32,4,8,0.4,1e-05,2.6666666666666665,1224,,2,394.0
1225,32,4,8,0.4,1e-06,2.6666666666666665,1225,,3,395.0
1226,32,4,8,0.6,0.1,2.6666666666666665,1226,,4,396.0
1227,32,4,8,0.6,0.01,2.6666666666666665,1227,,5,397.0
1228,32,4,8,0.6,0.001,2.6666666666666665,1228,,6,398.0
1229,32,4,8,0.6,0.0001,2.6666666666666665,1229,,7,399.0
1230,32,4,8,0.6,1e-05,2.6666666666666665,1230,,0,400.0
1231,32,4,8,0.6,1e-06,2.6666666666666665,1231,,1,401.0
1232,32,4,8,0.7,0.1,2.6666666666666665,1232,,2,402.0
1233,32,4,8,0.7,0.01,2.6666666666666665,1233,,3,403.0
1234,32,4,8,0.7,0.001,2.6666666666666665,1234,,4,404.0
1235,32,4,8,0.7,0.0001,2.6666666666666665,1235,,5,405.0
1236,32,4,8,0.7,1e-05,2.6666666666666665,1236,,6,406.0
1237,32,4,8,0.7,1e-06,2.6666666666666665,1237,,7,407.0
1238,32,6,8,0.3,0.1,2.6666666666666665,1238,,0,408.0
1239,32,6,8,0.3,0.01,2.6666666666666665,1239,,1,409.0
1240,32,6,8,0.3,0.001,2.6666666666666665,1240,,2,410.0
1241,32,6,8,0.3,0.0001,2.6666666666666665,1241,,3,411.0
1242,32,6,8,0.3,1e-05,2.6666666666666665,1242,,4,412.0
1243,32,6,8,0.3,1e-06,2.6666666666666665,1243,,5,413.0
1244,32,6,8,0.4,0.1,2.6666666666666665,1244,,6,414.0
1245,32,6,8,0.4,0.01,2.6666666666666665,1245,,7,415.0
1246,32,6,8,0.4,0.001,2.6666666666666665,1246,,0,416.0
1247,32,6,8,0.4,0.0001,2.6666666666666665,1247,,1,417.0
1248,32,6,8,0.4,1e-05,2.6666666666666665,1248,,2,418.0
1249,32,6,8,0.4,1e-06,2.6666666666666665,1249,,3,419.0
1250,32,6,8,0.6,0.1,2.6666666666666665,1250,,4,420.0
1251,32,6,8,0.6,0.01,2.6666666666666665,1251,,5,421.0
1252,32,6,8,0.6,0.001,2.6666666666666665,1252,,6,422.0
1253,32,6,8,0.6,0.0001,2.6666666666666665,1253,,7,423.0
1254,32,6,8,0.6,1e-05,2.6666666666666665,1254,,0,424.0
1255,32,6,8,0.6,1e-06,2.6666666666666665,1255,,1,425.0
1256,32,6,8,0.7,0.1,2.6666666666666665,1256,,2,426.0
1257,32,6,8,0.7,0.01,2.6666666666666665,1257,,3,427.0
1258,32,6,8,0.7,0.001,2.6666666666666665,1258,,4,428.0
1259,32,6,8,0.7,0.0001,2.6666666666666665,1259,,5,429.0
1260,32,6,8,0.7,1e-05,2.6666666666666665,1260,,6,430.0
1261,32,6,8,0.7,1e-06,2.6666666666666665,1261,,7,431.0
1262,32,8,8,0.3,0.1,2.6666666666666665,1262,,0,432.0
1263,32,8,8,0.3,0.01,2.6666666666666665,1263,,1,433.0
1264,32,8,8,0.3,0.001,2.6666666666666665,1264,,2,434.0
1265,32,8,8,0.3,0.0001,2.6666666666666665,1265,,3,435.0
1266,32,8,8,0.3,1e-05,2.6666666666666665,1266,,4,436.0
1267,32,8,8,0.3,1e-06,2.6666666666666665,1267,,5,437.0
1268,32,8,8,0.4,0.1,2.6666666666666665,1268,,6,438.0
1269,32,8,8,0.4,0.01,2.6666666666666665,1269,,7,439.0
1270,32,8,8,0.4,0.001,2.6666666666666665,1270,,0,440.0
1271,32,8,8,0.4,0.0001,2.6666666666666665,1271,,1,441.0
1272,32,8,8,0.4,1e-05,2.6666666666666665,1272,,2,442.0
1273,32,8,8,0.4,1e-06,2.6666666666666665,1273,,3,443.0
1274,32,8,8,0.6,0.1,2.6666666666666665,1274,,4,444.0
1275,32,8,8,0.6,0.01,2.6666666666666665,1275,,5,445.0
1276,32,8,8,0.6,0.001,2.6666666666666665,1276,,6,446.0
1277,32,8,8,0.6,0.0001,2.6666666666666665,1277,,7,447.0
1278,32,8,8,0.6,1e-05,2.6666666666666665,1278,,0,448.0
1279,32,8,8,0.6,1e-06,2.6666666666666665,1279,,1,449.0
1280,32,8,8,0.7,0.1,2.6666666666666665,1280,,2,450.0
1281,32,8,8,0.7,0.01,2.6666666666666665,1281,,3,451.0
1282,32,8,8,0.7,0.001,2.6666666666666665,1282,,4,452.0
1283,32,8,8,0.7,0.0001,2.6666666666666665,1283,,5,453.0
1284,32,8,8,0.7,1e-05,2.6666666666666665,1284,,6,454.0
1285,32,8,8,0.7,1e-06,2.6666666666666665,1285,,7,455.0
1286,32,10,8,0.3,0.1,2.6666666666666665,1286,,0,456.0
1287,32,10,8,0.3,0.01,2.6666666666666665,1287,,1,457.0
1288,32,10,8,0.3,0.001,2.6666666666666665,1288,,2,458.0
1289,32,10,8,0.3,0.0001,2.6666666666666665,1289,,3,459.0
1290,32,10,8,0.3,1e-05,2.6666666666666665,1290,,4,460.0
1291,32,10,8,0.3,1e-06,2.6666666666666665,1291,,5,461.0
1292,32,10,8,0.4,0.1,2.6666666666666665,1292,,6,462.0
1293,32,10,8,0.4,0.01,2.6666666666666665,1293,,7,463.0
1294,32,10,8,0.4,0.001,2.6666666666666665,1294,,0,464.0
1295,32,10,8,0.4,0.0001,2.6666666666666665,1295,,1,465.0
1296,32,10,8,0.4,1e-05,2.6666666666666665,1296,,2,466.0
1297,32,10,8,0.4,1e-06,2.6666666666666665,1297,,3,467.0
1298,32,10,8,0.6,0.1,2.6666666666666665,1298,,4,468.0
1299,32,10,8,0.6,0.01,2.6666666666666665,1299,,5,469.0
1300,32,10,8,0.6,0.001,2.6666666666666665,1300,,6,470.0
1301,32,10,8,0.6,0.0001,2.6666666666666665,1301,,7,471.0
1302,32,10,8,0.6,1e-05,2.6666666666666665,1302,,0,472.0
1303,32,10,8,0.6,1e-06,2.6666666666666665,1303,,1,473.0
1304,32,10,8,0.7,0.1,2.6666666666666665,1304,,2,474.0
1305,32,10,8,0.7,0.01,2.6666666666666665,1305,,3,475.0
1306,32,10,8,0.7,0.001,2.6666666666666665,1306,,4,476.0
1307,32,10,8,0.7,0.0001,2.6666666666666665,1307,,5,477.0
1308,32,10,8,0.7,1e-05,2.6666666666666665,1308,,6,478.0
1309,32,10,8,0.7,1e-06,2.6666666666666665,1309,,7,479.0
0,8,6,8,0.1,1e-06,2.6666666666666665,1310,,0,
1,16,6,8,0.5,0.0001,2.6666666666666665,1311,,1,
2,16,6,8,0.8,0.01,2.6666666666666665,1312,,2,
3,32,8,8,0.8,0.001,2.6666666666666665,1313,,3,
0,32,8,8,0.1,0.1,2.6666666666666665,1314,,0,
1,32,8,8,0.1,0.01,2.6666666666666665,1315,,1,
2,32,8,8,0.1,0.001,2.6666666666666665,1316,,2,
3,32,8,8,0.1,0.0001,2.6666666666666665,1317,,3,
4,32,8,8,0.1,1e-06,2.6666666666666665,1318,,4,
5,32,8,8,0.2,0.1,2.6666666666666665,1319,,5,
